path,subject_id,attack_type,label,probability_spoof,prediction,correct
C:\Users\Zander Truong\Documents\coding\ekyc-face-pad\data\raw\celeba_spoof\SpoofingData\000036.jpg,000036,bona_fide,0,0.03801996260881424,0,1
C:\Users\Zander Truong\Documents\coding\ekyc-face-pad\data\raw\celeba_spoof\SpoofingData\006949.jpg,006949,bona_fide,0,0.0706380307674408,0,1
C:\Users\Zander Truong\Documents\coding\ekyc-face-pad\data\raw\celeba_spoof\SpoofingData\008164.jpg,008164,photo,1,0.9998481273651123,1,1
C:\Users\Zander Truong\Documents\coding\ekyc-face-pad\data\raw\celeba_spoof\SpoofingData\013352.jpg,013352,bona_fide,0,0.014588945545256138,0,1
C:\Users\Zander Truong\Documents\coding\ekyc-face-pad\data\raw\celeba_spoof\SpoofingData\011487.jpg,011487,photo,1,0.9996634721755981,1,1
C:\Users\Zander Truong\Documents\coding\ekyc-face-pad\data\raw\celeba_spoof\SpoofingData\004416.jpg,004416,photo,1,0.9975753426551819,1,1
C:\Users\Zander Truong\Documents\coding\ekyc-face-pad\data\raw\celeba_spoof\SpoofingData\009489.jpg,009489,bona_fide,0,0.8632025122642517,1,0
C:\Users\Zander Truong\Documents\coding\ekyc-face-pad\data\raw\celeba_spoof\SpoofingData\010738.jpg,010738,bona_fide,0,5.375704859034158e-06,0,1
C:\Users\Zander Truong\Documents\coding\ekyc-face-pad\data\raw\celeba_spoof\SpoofingData\009241.jpg,009241,bona_fide,0,1.2615437299245968e-05,0,1
C:\Users\Zander Truong\Documents\coding\ekyc-face-pad\data\raw\celeba_spoof\SpoofingData\014686.jpg,014686,photo,1,0.9937893748283386,1,1
C:\Users\Zander Truong\Documents\coding\ekyc-face-pad\data\raw\celeba_spoof\SpoofingData\007447.jpg,007447,bona_fide,0,6.956893798815145e-07,0,1
C:\Users\Zander Truong\Documents\coding\ekyc-face-pad\data\raw\celeba_spoof\SpoofingData\016087.jpg,016087,photo,1,0.9776586294174194,1,1
C:\Users\Zander Truong\Documents\coding\ekyc-face-pad\data\raw\celeba_spoof\SpoofingData\016264.jpg,016264,photo,1,0.9997153878211975,1,1
C:\Users\Zander Truong\Documents\coding\ekyc-face-pad\data\raw\celeba_spoof\SpoofingData\005718.jpg,005718,photo,1,0.9990195035934448,1,1
C:\Users\Zander Truong\Documents\coding\ekyc-face-pad\data\raw\celeba_spoof\SpoofingData\009104.jpg,009104,photo,1,0.9373046159744263,1,1
C:\Users\Zander Truong\Documents\coding\ekyc-face-pad\data\raw\celeba_spoof\SpoofingData\010167.jpg,010167,photo,1,0.999829888343811,1,1
C:\Users\Zander Truong\Documents\coding\ekyc-face-pad\data\raw\celeba_spoof\SpoofingData\009398.jpg,009398,bona_fide,0,0.0016161090461537242,0,1
C:\Users\Zander Truong\Documents\coding\ekyc-face-pad\data\raw\celeba_spoof\SpoofingData\004791.jpg,004791,photo,1,0.9994100332260132,1,1
C:\Users\Zander Truong\Documents\coding\ekyc-face-pad\data\raw\celeba_spoof\SpoofingData\003724.jpg,003724,bona_fide,0,0.007809246424585581,0,1
C:\Users\Zander Truong\Documents\coding\ekyc-face-pad\data\raw\celeba_spoof\SpoofingData\013292.jpg,013292,photo,1,0.08286966383457184,0,0
C:\Users\Zander Truong\Documents\coding\ekyc-face-pad\data\raw\celeba_spoof\SpoofingData\002819.jpg,002819,photo,1,0.8942437171936035,1,1
C:\Users\Zander Truong\Documents\coding\ekyc-face-pad\data\raw\celeba_spoof\SpoofingData\010405.jpg,010405,bona_fide,0,3.337097223266028e-05,0,1
C:\Users\Zander Truong\Documents\coding\ekyc-face-pad\data\raw\celeba_spoof\SpoofingData\008707.jpg,008707,bona_fide,0,0.0003109387762378901,0,1
C:\Users\Zander Truong\Documents\coding\ekyc-face-pad\data\raw\celeba_spoof\SpoofingData\009660.jpg,009660,bona_fide,0,0.320805162191391,0,1
C:\Users\Zander Truong\Documents\coding\ekyc-face-pad\data\raw\celeba_spoof\SpoofingData\016324.jpg,016324,photo,1,0.8616872429847717,1,1
C:\Users\Zander Truong\Documents\coding\ekyc-face-pad\data\raw\celeba_spoof\SpoofingData\014794.jpg,014794,bona_fide,0,0.017258549109101295,0,1
C:\Users\Zander Truong\Documents\coding\ekyc-face-pad\data\raw\celeba_spoof\SpoofingData\000256.jpg,000256,photo,1,0.9333685636520386,1,1
C:\Users\Zander Truong\Documents\coding\ekyc-face-pad\data\raw\celeba_spoof\SpoofingData\005084.jpg,005084,photo,1,0.9903523325920105,1,1
C:\Users\Zander Truong\Documents\coding\ekyc-face-pad\data\raw\celeba_spoof\SpoofingData\015820.jpg,015820,bona_fide,0,0.0016728265909478068,0,1
C:\Users\Zander Truong\Documents\coding\ekyc-face-pad\data\raw\celeba_spoof\SpoofingData\011290.jpg,011290,photo,1,0.9999982118606567,1,1
C:\Users\Zander Truong\Documents\coding\ekyc-face-pad\data\raw\celeba_spoof\SpoofingData\009029.jpg,009029,bona_fide,0,0.9707093238830566,1,0
C:\Users\Zander Truong\Documents\coding\ekyc-face-pad\data\raw\celeba_spoof\SpoofingData\012227.jpg,012227,photo,1,0.9999945163726807,1,1
C:\Users\Zander Truong\Documents\coding\ekyc-face-pad\data\raw\celeba_spoof\SpoofingData\008791.jpg,008791,bona_fide,0,0.09518204629421234,0,1
C:\Users\Zander Truong\Documents\coding\ekyc-face-pad\data\raw\celeba_spoof\SpoofingData\000665.jpg,000665,bona_fide,0,0.6337189674377441,1,0
C:\Users\Zander Truong\Documents\coding\ekyc-face-pad\data\raw\celeba_spoof\SpoofingData\008867.jpg,008867,bona_fide,0,0.9992653727531433,1,0
C:\Users\Zander Truong\Documents\coding\ekyc-face-pad\data\raw\celeba_spoof\SpoofingData\000045.jpg,000045,photo,1,0.8972423672676086,1,1
C:\Users\Zander Truong\Documents\coding\ekyc-face-pad\data\raw\celeba_spoof\SpoofingData\005792.jpg,005792,bona_fide,0,0.9710503816604614,1,0
C:\Users\Zander Truong\Documents\coding\ekyc-face-pad\data\raw\celeba_spoof\SpoofingData\007712.jpg,007712,bona_fide,0,0.07351674139499664,0,1
C:\Users\Zander Truong\Documents\coding\ekyc-face-pad\data\raw\celeba_spoof\SpoofingData\003192.jpg,003192,photo,1,0.9974815249443054,1,1
C:\Users\Zander Truong\Documents\coding\ekyc-face-pad\data\raw\celeba_spoof\SpoofingData\014704.jpg,014704,photo,1,0.9999556541442871,1,1
C:\Users\Zander Truong\Documents\coding\ekyc-face-pad\data\raw\celeba_spoof\SpoofingData\017958.jpg,017958,bona_fide,0,0.4368779957294464,0,1
C:\Users\Zander Truong\Documents\coding\ekyc-face-pad\data\raw\celeba_spoof\SpoofingData\004186.jpg,004186,bona_fide,0,0.0013389572268351912,0,1
C:\Users\Zander Truong\Documents\coding\ekyc-face-pad\data\raw\celeba_spoof\SpoofingData\014445.jpg,014445,photo,1,0.6371408104896545,1,1
C:\Users\Zander Truong\Documents\coding\ekyc-face-pad\data\raw\celeba_spoof\SpoofingData\014965.jpg,014965,photo,1,0.9999953508377075,1,1
C:\Users\Zander Truong\Documents\coding\ekyc-face-pad\data\raw\celeba_spoof\SpoofingData\009836.jpg,009836,photo,1,0.9660099148750305,1,1
C:\Users\Zander Truong\Documents\coding\ekyc-face-pad\data\raw\celeba_spoof\SpoofingData\004739.jpg,004739,photo,1,0.9919118881225586,1,1
C:\Users\Zander Truong\Documents\coding\ekyc-face-pad\data\raw\celeba_spoof\SpoofingData\006848.jpg,006848,bona_fide,0,0.47686415910720825,0,1
C:\Users\Zander Truong\Documents\coding\ekyc-face-pad\data\raw\celeba_spoof\SpoofingData\013259.jpg,013259,bona_fide,0,0.8954010605812073,1,0
C:\Users\Zander Truong\Documents\coding\ekyc-face-pad\data\raw\celeba_spoof\SpoofingData\001046.jpg,001046,bona_fide,0,0.13077497482299805,0,1
C:\Users\Zander Truong\Documents\coding\ekyc-face-pad\data\raw\celeba_spoof\SpoofingData\010705.jpg,010705,photo,1,0.9317761063575745,1,1
C:\Users\Zander Truong\Documents\coding\ekyc-face-pad\data\raw\celeba_spoof\SpoofingData\006500.jpg,006500,bona_fide,0,0.405170202255249,0,1
C:\Users\Zander Truong\Documents\coding\ekyc-face-pad\data\raw\celeba_spoof\SpoofingData\001612.jpg,001612,photo,1,0.9988895058631897,1,1
C:\Users\Zander Truong\Documents\coding\ekyc-face-pad\data\raw\celeba_spoof\SpoofingData\007560.jpg,007560,photo,1,0.9997709393501282,1,1
C:\Users\Zander Truong\Documents\coding\ekyc-face-pad\data\raw\celeba_spoof\SpoofingData\006257.jpg,006257,bona_fide,0,0.6487995982170105,1,0
C:\Users\Zander Truong\Documents\coding\ekyc-face-pad\data\raw\celeba_spoof\SpoofingData\017686.jpg,017686,bona_fide,0,0.014112472534179688,0,1
C:\Users\Zander Truong\Documents\coding\ekyc-face-pad\data\raw\celeba_spoof\SpoofingData\012009.jpg,012009,photo,1,0.9986523985862732,1,1
C:\Users\Zander Truong\Documents\coding\ekyc-face-pad\data\raw\celeba_spoof\SpoofingData\014367.jpg,014367,photo,1,0.9998899698257446,1,1
C:\Users\Zander Truong\Documents\coding\ekyc-face-pad\data\raw\celeba_spoof\SpoofingData\005598.jpg,005598,photo,1,0.9832330346107483,1,1
C:\Users\Zander Truong\Documents\coding\ekyc-face-pad\data\raw\celeba_spoof\SpoofingData\002820.jpg,002820,bona_fide,0,0.002089326037093997,0,1
C:\Users\Zander Truong\Documents\coding\ekyc-face-pad\data\raw\celeba_spoof\SpoofingData\013567.jpg,013567,photo,1,0.7108118534088135,1,1
C:\Users\Zander Truong\Documents\coding\ekyc-face-pad\data\raw\celeba_spoof\SpoofingData\016672.jpg,016672,bona_fide,0,0.0014151319628581405,0,1
C:\Users\Zander Truong\Documents\coding\ekyc-face-pad\data\raw\celeba_spoof\SpoofingData\002884.jpg,002884,photo,1,0.5768938064575195,1,1
C:\Users\Zander Truong\Documents\coding\ekyc-face-pad\data\raw\celeba_spoof\SpoofingData\006988.jpg,006988,bona_fide,0,0.009013483300805092,0,1
C:\Users\Zander Truong\Documents\coding\ekyc-face-pad\data\raw\celeba_spoof\SpoofingData\000623.jpg,000623,photo,1,0.994351863861084,1,1
C:\Users\Zander Truong\Documents\coding\ekyc-face-pad\data\raw\celeba_spoof\SpoofingData\014767.jpg,014767,bona_fide,0,0.19795477390289307,0,1
C:\Users\Zander Truong\Documents\coding\ekyc-face-pad\data\raw\celeba_spoof\SpoofingData\002743.jpg,002743,bona_fide,0,0.9998199343681335,1,0
C:\Users\Zander Truong\Documents\coding\ekyc-face-pad\data\raw\celeba_spoof\SpoofingData\006693.jpg,006693,photo,1,0.9649967551231384,1,1
C:\Users\Zander Truong\Documents\coding\ekyc-face-pad\data\raw\celeba_spoof\SpoofingData\003425.jpg,003425,photo,1,0.9816626906394958,1,1
C:\Users\Zander Truong\Documents\coding\ekyc-face-pad\data\raw\celeba_spoof\SpoofingData\010636.jpg,010636,photo,1,0.9999629259109497,1,1
C:\Users\Zander Truong\Documents\coding\ekyc-face-pad\data\raw\celeba_spoof\SpoofingData\010192.jpg,010192,photo,1,0.9585960507392883,1,1
C:\Users\Zander Truong\Documents\coding\ekyc-face-pad\data\raw\celeba_spoof\SpoofingData\012223.jpg,012223,bona_fide,0,0.15639416873455048,0,1
C:\Users\Zander Truong\Documents\coding\ekyc-face-pad\data\raw\celeba_spoof\SpoofingData\006203.jpg,006203,photo,1,0.9999672174453735,1,1
C:\Users\Zander Truong\Documents\coding\ekyc-face-pad\data\raw\celeba_spoof\SpoofingData\013550.jpg,013550,bona_fide,0,0.5560121536254883,1,0
C:\Users\Zander Truong\Documents\coding\ekyc-face-pad\data\raw\celeba_spoof\SpoofingData\011878.jpg,011878,photo,1,0.9995878338813782,1,1
C:\Users\Zander Truong\Documents\coding\ekyc-face-pad\data\raw\celeba_spoof\SpoofingData\001937.jpg,001937,photo,1,0.9998828172683716,1,1
C:\Users\Zander Truong\Documents\coding\ekyc-face-pad\data\raw\celeba_spoof\SpoofingData\001041.jpg,001041,photo,1,0.6306394338607788,1,1
C:\Users\Zander Truong\Documents\coding\ekyc-face-pad\data\raw\celeba_spoof\SpoofingData\011304.jpg,011304,photo,1,0.09444331377744675,0,0
C:\Users\Zander Truong\Documents\coding\ekyc-face-pad\data\raw\celeba_spoof\SpoofingData\003028.jpg,003028,photo,1,0.996243953704834,1,1
C:\Users\Zander Truong\Documents\coding\ekyc-face-pad\data\raw\celeba_spoof\SpoofingData\015957.jpg,015957,photo,1,0.9944500923156738,1,1
C:\Users\Zander Truong\Documents\coding\ekyc-face-pad\data\raw\celeba_spoof\SpoofingData\017940.jpg,017940,photo,1,0.9919459223747253,1,1
C:\Users\Zander Truong\Documents\coding\ekyc-face-pad\data\raw\celeba_spoof\SpoofingData\016786.jpg,016786,photo,1,0.9962658286094666,1,1
C:\Users\Zander Truong\Documents\coding\ekyc-face-pad\data\raw\celeba_spoof\SpoofingData\001829.jpg,001829,photo,1,0.9960129261016846,1,1
C:\Users\Zander Truong\Documents\coding\ekyc-face-pad\data\raw\celeba_spoof\SpoofingData\012945.jpg,012945,bona_fide,0,0.11463600397109985,0,1
C:\Users\Zander Truong\Documents\coding\ekyc-face-pad\data\raw\celeba_spoof\SpoofingData\011584.jpg,011584,bona_fide,0,0.24400457739830017,0,1
C:\Users\Zander Truong\Documents\coding\ekyc-face-pad\data\raw\celeba_spoof\SpoofingData\016568.jpg,016568,photo,1,0.5093321204185486,1,1
C:\Users\Zander Truong\Documents\coding\ekyc-face-pad\data\raw\celeba_spoof\SpoofingData\015722.jpg,015722,bona_fide,0,9.366895028506406e-06,0,1
C:\Users\Zander Truong\Documents\coding\ekyc-face-pad\data\raw\celeba_spoof\SpoofingData\005175.jpg,005175,bona_fide,0,0.0005029720487073064,0,1
C:\Users\Zander Truong\Documents\coding\ekyc-face-pad\data\raw\celeba_spoof\SpoofingData\009655.jpg,009655,bona_fide,0,0.2423793524503708,0,1
C:\Users\Zander Truong\Documents\coding\ekyc-face-pad\data\raw\celeba_spoof\SpoofingData\009494.jpg,009494,bona_fide,0,0.1793113797903061,0,1
C:\Users\Zander Truong\Documents\coding\ekyc-face-pad\data\raw\celeba_spoof\SpoofingData\011186.jpg,011186,bona_fide,0,0.00014570729399565607,0,1
C:\Users\Zander Truong\Documents\coding\ekyc-face-pad\data\raw\celeba_spoof\SpoofingData\003866.jpg,003866,photo,1,0.23852777481079102,0,0
C:\Users\Zander Truong\Documents\coding\ekyc-face-pad\data\raw\celeba_spoof\SpoofingData\011120.jpg,011120,photo,1,0.9999978542327881,1,1
C:\Users\Zander Truong\Documents\coding\ekyc-face-pad\data\raw\celeba_spoof\SpoofingData\010595.jpg,010595,photo,1,0.999998927116394,1,1
C:\Users\Zander Truong\Documents\coding\ekyc-face-pad\data\raw\celeba_spoof\SpoofingData\006656.jpg,006656,bona_fide,0,0.08936349302530289,0,1
C:\Users\Zander Truong\Documents\coding\ekyc-face-pad\data\raw\celeba_spoof\SpoofingData\016646.jpg,016646,photo,1,0.9726641774177551,1,1
C:\Users\Zander Truong\Documents\coding\ekyc-face-pad\data\raw\celeba_spoof\SpoofingData\015489.jpg,015489,photo,1,0.9961016178131104,1,1
C:\Users\Zander Truong\Documents\coding\ekyc-face-pad\data\raw\celeba_spoof\SpoofingData\005065.jpg,005065,bona_fide,0,0.028654607012867928,0,1
C:\Users\Zander Truong\Documents\coding\ekyc-face-pad\data\raw\celeba_spoof\SpoofingData\002957.jpg,002957,photo,1,0.9766875505447388,1,1
C:\Users\Zander Truong\Documents\coding\ekyc-face-pad\data\raw\celeba_spoof\SpoofingData\001214.jpg,001214,photo,1,0.9987764954566956,1,1
C:\Users\Zander Truong\Documents\coding\ekyc-face-pad\data\raw\celeba_spoof\SpoofingData\005473.jpg,005473,photo,1,0.982752799987793,1,1
C:\Users\Zander Truong\Documents\coding\ekyc-face-pad\data\raw\celeba_spoof\SpoofingData\004623.jpg,004623,photo,1,0.9658375382423401,1,1
C:\Users\Zander Truong\Documents\coding\ekyc-face-pad\data\raw\celeba_spoof\SpoofingData\015940.jpg,015940,bona_fide,0,6.017823761794716e-05,0,1
C:\Users\Zander Truong\Documents\coding\ekyc-face-pad\data\raw\celeba_spoof\SpoofingData\012809.jpg,012809,photo,1,0.9778810739517212,1,1
C:\Users\Zander Truong\Documents\coding\ekyc-face-pad\data\raw\celeba_spoof\SpoofingData\001691.jpg,001691,photo,1,0.8534415364265442,1,1
C:\Users\Zander Truong\Documents\coding\ekyc-face-pad\data\raw\celeba_spoof\SpoofingData\004795.jpg,004795,photo,1,0.997529923915863,1,1
C:\Users\Zander Truong\Documents\coding\ekyc-face-pad\data\raw\celeba_spoof\SpoofingData\007617.jpg,007617,photo,1,0.9416394233703613,1,1
C:\Users\Zander Truong\Documents\coding\ekyc-face-pad\data\raw\celeba_spoof\SpoofingData\001179.jpg,001179,bona_fide,0,0.008804606273770332,0,1
C:\Users\Zander Truong\Documents\coding\ekyc-face-pad\data\raw\celeba_spoof\SpoofingData\006866.jpg,006866,photo,1,0.9904273748397827,1,1
C:\Users\Zander Truong\Documents\coding\ekyc-face-pad\data\raw\celeba_spoof\SpoofingData\004995.jpg,004995,photo,1,0.9868980646133423,1,1
C:\Users\Zander Truong\Documents\coding\ekyc-face-pad\data\raw\celeba_spoof\SpoofingData\008852.jpg,008852,photo,1,0.9894258975982666,1,1
C:\Users\Zander Truong\Documents\coding\ekyc-face-pad\data\raw\celeba_spoof\SpoofingData\002821.jpg,002821,photo,1,0.9749991297721863,1,1
C:\Users\Zander Truong\Documents\coding\ekyc-face-pad\data\raw\celeba_spoof\SpoofingData\006046.jpg,006046,photo,1,0.9987581968307495,1,1
C:\Users\Zander Truong\Documents\coding\ekyc-face-pad\data\raw\celeba_spoof\SpoofingData\010976.jpg,010976,bona_fide,0,0.14672580361366272,0,1
C:\Users\Zander Truong\Documents\coding\ekyc-face-pad\data\raw\celeba_spoof\SpoofingData\011839.jpg,011839,photo,1,0.9269872307777405,1,1
C:\Users\Zander Truong\Documents\coding\ekyc-face-pad\data\raw\celeba_spoof\SpoofingData\004515.jpg,004515,photo,1,0.9997662901878357,1,1
C:\Users\Zander Truong\Documents\coding\ekyc-face-pad\data\raw\celeba_spoof\SpoofingData\006251.jpg,006251,bona_fide,0,0.7663971781730652,1,0
C:\Users\Zander Truong\Documents\coding\ekyc-face-pad\data\raw\celeba_spoof\SpoofingData\005277.jpg,005277,bona_fide,0,0.005033789202570915,0,1
C:\Users\Zander Truong\Documents\coding\ekyc-face-pad\data\raw\celeba_spoof\SpoofingData\002550.jpg,002550,photo,1,0.9993509650230408,1,1
C:\Users\Zander Truong\Documents\coding\ekyc-face-pad\data\raw\celeba_spoof\SpoofingData\005795.jpg,005795,photo,1,0.9594846367835999,1,1
C:\Users\Zander Truong\Documents\coding\ekyc-face-pad\data\raw\celeba_spoof\SpoofingData\007348.jpg,007348,photo,1,0.9734285473823547,1,1
C:\Users\Zander Truong\Documents\coding\ekyc-face-pad\data\raw\celeba_spoof\SpoofingData\016854.jpg,016854,bona_fide,0,0.6720321178436279,1,0
C:\Users\Zander Truong\Documents\coding\ekyc-face-pad\data\raw\celeba_spoof\SpoofingData\009831.jpg,009831,bona_fide,0,4.911513678962365e-05,0,1
C:\Users\Zander Truong\Documents\coding\ekyc-face-pad\data\raw\celeba_spoof\SpoofingData\017282.jpg,017282,photo,1,0.9992285966873169,1,1
C:\Users\Zander Truong\Documents\coding\ekyc-face-pad\data\raw\celeba_spoof\SpoofingData\016839.jpg,016839,photo,1,0.8365381360054016,1,1
C:\Users\Zander Truong\Documents\coding\ekyc-face-pad\data\raw\celeba_spoof\SpoofingData\002630.jpg,002630,photo,1,0.04466696083545685,0,0
C:\Users\Zander Truong\Documents\coding\ekyc-face-pad\data\raw\celeba_spoof\SpoofingData\001186.jpg,001186,bona_fide,0,1.2971193427802064e-05,0,1
C:\Users\Zander Truong\Documents\coding\ekyc-face-pad\data\raw\celeba_spoof\SpoofingData\005081.jpg,005081,photo,1,0.9799418449401855,1,1
C:\Users\Zander Truong\Documents\coding\ekyc-face-pad\data\raw\celeba_spoof\SpoofingData\007744.jpg,007744,photo,1,0.733052134513855,1,1
C:\Users\Zander Truong\Documents\coding\ekyc-face-pad\data\raw\celeba_spoof\SpoofingData\016564.jpg,016564,photo,1,0.990136444568634,1,1
C:\Users\Zander Truong\Documents\coding\ekyc-face-pad\data\raw\celeba_spoof\SpoofingData\009147.jpg,009147,photo,1,0.9706724882125854,1,1
C:\Users\Zander Truong\Documents\coding\ekyc-face-pad\data\raw\celeba_spoof\SpoofingData\013393.jpg,013393,photo,1,0.9995599389076233,1,1
C:\Users\Zander Truong\Documents\coding\ekyc-face-pad\data\raw\celeba_spoof\SpoofingData\012328.jpg,012328,photo,1,0.7760851979255676,1,1
C:\Users\Zander Truong\Documents\coding\ekyc-face-pad\data\raw\celeba_spoof\SpoofingData\009593.jpg,009593,bona_fide,0,0.0003247697895858437,0,1
C:\Users\Zander Truong\Documents\coding\ekyc-face-pad\data\raw\celeba_spoof\SpoofingData\011959.jpg,011959,photo,1,0.26963889598846436,0,0
C:\Users\Zander Truong\Documents\coding\ekyc-face-pad\data\raw\celeba_spoof\SpoofingData\004206.jpg,004206,photo,1,0.99820876121521,1,1
C:\Users\Zander Truong\Documents\coding\ekyc-face-pad\data\raw\celeba_spoof\SpoofingData\004217.jpg,004217,bona_fide,0,0.28685539960861206,0,1
C:\Users\Zander Truong\Documents\coding\ekyc-face-pad\data\raw\celeba_spoof\SpoofingData\004842.jpg,004842,photo,1,0.9792831540107727,1,1
C:\Users\Zander Truong\Documents\coding\ekyc-face-pad\data\raw\celeba_spoof\SpoofingData\012455.jpg,012455,photo,1,0.9776307940483093,1,1
C:\Users\Zander Truong\Documents\coding\ekyc-face-pad\data\raw\celeba_spoof\SpoofingData\003179.jpg,003179,photo,1,0.9992772936820984,1,1
C:\Users\Zander Truong\Documents\coding\ekyc-face-pad\data\raw\celeba_spoof\SpoofingData\008189.jpg,008189,bona_fide,0,0.001189900329336524,0,1
C:\Users\Zander Truong\Documents\coding\ekyc-face-pad\data\raw\celeba_spoof\SpoofingData\009110.jpg,009110,photo,1,0.9875476360321045,1,1
C:\Users\Zander Truong\Documents\coding\ekyc-face-pad\data\raw\celeba_spoof\SpoofingData\014718.jpg,014718,bona_fide,0,0.0011760740308091044,0,1
C:\Users\Zander Truong\Documents\coding\ekyc-face-pad\data\raw\celeba_spoof\SpoofingData\007304.jpg,007304,bona_fide,0,0.508743405342102,1,0
C:\Users\Zander Truong\Documents\coding\ekyc-face-pad\data\raw\celeba_spoof\SpoofingData\012841.jpg,012841,photo,1,0.9916459918022156,1,1
C:\Users\Zander Truong\Documents\coding\ekyc-face-pad\data\raw\celeba_spoof\SpoofingData\009775.jpg,009775,photo,1,0.7366381287574768,1,1
C:\Users\Zander Truong\Documents\coding\ekyc-face-pad\data\raw\celeba_spoof\SpoofingData\011428.jpg,011428,photo,1,0.99729984998703,1,1
C:\Users\Zander Truong\Documents\coding\ekyc-face-pad\data\raw\celeba_spoof\SpoofingData\000961.jpg,000961,photo,1,0.981052041053772,1,1
C:\Users\Zander Truong\Documents\coding\ekyc-face-pad\data\raw\celeba_spoof\SpoofingData\004714.jpg,004714,bona_fide,0,0.013244460336863995,0,1
C:\Users\Zander Truong\Documents\coding\ekyc-face-pad\data\raw\celeba_spoof\SpoofingData\017283.jpg,017283,bona_fide,0,0.01971161738038063,0,1
C:\Users\Zander Truong\Documents\coding\ekyc-face-pad\data\raw\celeba_spoof\SpoofingData\006950.jpg,006950,bona_fide,0,0.001035893801599741,0,1
C:\Users\Zander Truong\Documents\coding\ekyc-face-pad\data\raw\celeba_spoof\SpoofingData\017736.jpg,017736,photo,1,0.45883625745773315,0,0
C:\Users\Zander Truong\Documents\coding\ekyc-face-pad\data\raw\celeba_spoof\SpoofingData\014974.jpg,014974,photo,1,0.9755502343177795,1,1
C:\Users\Zander Truong\Documents\coding\ekyc-face-pad\data\raw\celeba_spoof\SpoofingData\014649.jpg,014649,bona_fide,0,0.0006983152125030756,0,1
C:\Users\Zander Truong\Documents\coding\ekyc-face-pad\data\raw\celeba_spoof\SpoofingData\001435.jpg,001435,photo,1,0.8284429907798767,1,1
C:\Users\Zander Truong\Documents\coding\ekyc-face-pad\data\raw\celeba_spoof\SpoofingData\007345.jpg,007345,photo,1,0.8434029221534729,1,1
C:\Users\Zander Truong\Documents\coding\ekyc-face-pad\data\raw\celeba_spoof\SpoofingData\016712.jpg,016712,bona_fide,0,0.8437565565109253,1,0
C:\Users\Zander Truong\Documents\coding\ekyc-face-pad\data\raw\celeba_spoof\SpoofingData\016101.jpg,016101,photo,1,0.9989811778068542,1,1
C:\Users\Zander Truong\Documents\coding\ekyc-face-pad\data\raw\celeba_spoof\SpoofingData\002730.jpg,002730,photo,1,0.9981745481491089,1,1
C:\Users\Zander Truong\Documents\coding\ekyc-face-pad\data\raw\celeba_spoof\SpoofingData\011404.jpg,011404,photo,1,0.9949072003364563,1,1
C:\Users\Zander Truong\Documents\coding\ekyc-face-pad\data\raw\celeba_spoof\SpoofingData\007939.jpg,007939,photo,1,0.7981288433074951,1,1
C:\Users\Zander Truong\Documents\coding\ekyc-face-pad\data\raw\celeba_spoof\SpoofingData\013248.jpg,013248,bona_fide,0,0.9998425245285034,1,0
C:\Users\Zander Truong\Documents\coding\ekyc-face-pad\data\raw\celeba_spoof\SpoofingData\017380.jpg,017380,bona_fide,0,3.433907238559186e-07,0,1
C:\Users\Zander Truong\Documents\coding\ekyc-face-pad\data\raw\celeba_spoof\SpoofingData\001461.jpg,001461,photo,1,0.24242718517780304,0,0
C:\Users\Zander Truong\Documents\coding\ekyc-face-pad\data\raw\celeba_spoof\SpoofingData\006272.jpg,006272,photo,1,0.9922134280204773,1,1
C:\Users\Zander Truong\Documents\coding\ekyc-face-pad\data\raw\celeba_spoof\SpoofingData\002887.jpg,002887,photo,1,0.99946528673172,1,1
C:\Users\Zander Truong\Documents\coding\ekyc-face-pad\data\raw\celeba_spoof\SpoofingData\002229.jpg,002229,photo,1,0.1524176150560379,0,0
C:\Users\Zander Truong\Documents\coding\ekyc-face-pad\data\raw\celeba_spoof\SpoofingData\001724.jpg,001724,photo,1,0.9923520684242249,1,1
C:\Users\Zander Truong\Documents\coding\ekyc-face-pad\data\raw\celeba_spoof\SpoofingData\008245.jpg,008245,photo,1,0.88609778881073,1,1
C:\Users\Zander Truong\Documents\coding\ekyc-face-pad\data\raw\celeba_spoof\SpoofingData\001326.jpg,001326,photo,1,0.9764710664749146,1,1
C:\Users\Zander Truong\Documents\coding\ekyc-face-pad\data\raw\celeba_spoof\SpoofingData\003407.jpg,003407,photo,1,0.9995629191398621,1,1
C:\Users\Zander Truong\Documents\coding\ekyc-face-pad\data\raw\celeba_spoof\SpoofingData\002384.jpg,002384,photo,1,0.9982202649116516,1,1
C:\Users\Zander Truong\Documents\coding\ekyc-face-pad\data\raw\celeba_spoof\SpoofingData\004785.jpg,004785,bona_fide,0,6.866353942314163e-05,0,1
C:\Users\Zander Truong\Documents\coding\ekyc-face-pad\data\raw\celeba_spoof\SpoofingData\006057.jpg,006057,bona_fide,0,0.001369810663163662,0,1
C:\Users\Zander Truong\Documents\coding\ekyc-face-pad\data\raw\celeba_spoof\SpoofingData\013584.jpg,013584,bona_fide,0,0.018699469044804573,0,1
C:\Users\Zander Truong\Documents\coding\ekyc-face-pad\data\raw\celeba_spoof\SpoofingData\003284.jpg,003284,photo,1,0.12010189145803452,0,0
C:\Users\Zander Truong\Documents\coding\ekyc-face-pad\data\raw\celeba_spoof\SpoofingData\009884.jpg,009884,photo,1,0.9404972195625305,1,1
C:\Users\Zander Truong\Documents\coding\ekyc-face-pad\data\raw\celeba_spoof\SpoofingData\016587.jpg,016587,bona_fide,0,0.0004831899714190513,0,1
C:\Users\Zander Truong\Documents\coding\ekyc-face-pad\data\raw\celeba_spoof\SpoofingData\012770.jpg,012770,bona_fide,0,0.11509588360786438,0,1
C:\Users\Zander Truong\Documents\coding\ekyc-face-pad\data\raw\celeba_spoof\SpoofingData\003480.jpg,003480,photo,1,0.984828531742096,1,1
C:\Users\Zander Truong\Documents\coding\ekyc-face-pad\data\raw\celeba_spoof\SpoofingData\001451.jpg,001451,photo,1,0.996105968952179,1,1
C:\Users\Zander Truong\Documents\coding\ekyc-face-pad\data\raw\celeba_spoof\SpoofingData\005182.jpg,005182,photo,1,0.7523210048675537,1,1
C:\Users\Zander Truong\Documents\coding\ekyc-face-pad\data\raw\celeba_spoof\SpoofingData\006692.jpg,006692,photo,1,0.9985890984535217,1,1
C:\Users\Zander Truong\Documents\coding\ekyc-face-pad\data\raw\celeba_spoof\SpoofingData\006380.jpg,006380,photo,1,0.998981773853302,1,1
C:\Users\Zander Truong\Documents\coding\ekyc-face-pad\data\raw\celeba_spoof\SpoofingData\000701.jpg,000701,photo,1,0.9991893172264099,1,1
C:\Users\Zander Truong\Documents\coding\ekyc-face-pad\data\raw\celeba_spoof\SpoofingData\003031.jpg,003031,bona_fide,0,1.7496182408649474e-05,0,1
C:\Users\Zander Truong\Documents\coding\ekyc-face-pad\data\raw\celeba_spoof\SpoofingData\002917.jpg,002917,photo,1,0.8396443724632263,1,1
C:\Users\Zander Truong\Documents\coding\ekyc-face-pad\data\raw\celeba_spoof\SpoofingData\005613.jpg,005613,photo,1,0.9993261098861694,1,1
C:\Users\Zander Truong\Documents\coding\ekyc-face-pad\data\raw\celeba_spoof\SpoofingData\014837.jpg,014837,photo,1,0.9863909482955933,1,1
C:\Users\Zander Truong\Documents\coding\ekyc-face-pad\data\raw\celeba_spoof\SpoofingData\010824.jpg,010824,photo,1,0.9996248483657837,1,1
C:\Users\Zander Truong\Documents\coding\ekyc-face-pad\data\raw\celeba_spoof\SpoofingData\005890.jpg,005890,photo,1,0.5824409127235413,1,1
C:\Users\Zander Truong\Documents\coding\ekyc-face-pad\data\raw\celeba_spoof\SpoofingData\001048.jpg,001048,photo,1,0.9976422190666199,1,1
C:\Users\Zander Truong\Documents\coding\ekyc-face-pad\data\raw\celeba_spoof\SpoofingData\016816.jpg,016816,bona_fide,0,0.0006666879635304213,0,1
C:\Users\Zander Truong\Documents\coding\ekyc-face-pad\data\raw\celeba_spoof\SpoofingData\002262.jpg,002262,photo,1,0.9096758961677551,1,1
C:\Users\Zander Truong\Documents\coding\ekyc-face-pad\data\raw\celeba_spoof\SpoofingData\014650.jpg,014650,photo,1,0.34809762239456177,0,0
C:\Users\Zander Truong\Documents\coding\ekyc-face-pad\data\raw\celeba_spoof\SpoofingData\011052.jpg,011052,bona_fide,0,0.913822591304779,1,0
C:\Users\Zander Truong\Documents\coding\ekyc-face-pad\data\raw\celeba_spoof\SpoofingData\014389.jpg,014389,photo,1,0.9980879426002502,1,1
C:\Users\Zander Truong\Documents\coding\ekyc-face-pad\data\raw\celeba_spoof\SpoofingData\004607.jpg,004607,photo,1,0.9210991263389587,1,1
C:\Users\Zander Truong\Documents\coding\ekyc-face-pad\data\raw\celeba_spoof\SpoofingData\017037.jpg,017037,photo,1,0.9994194507598877,1,1
C:\Users\Zander Truong\Documents\coding\ekyc-face-pad\data\raw\celeba_spoof\SpoofingData\013071.jpg,013071,photo,1,0.9992790818214417,1,1
C:\Users\Zander Truong\Documents\coding\ekyc-face-pad\data\raw\celeba_spoof\SpoofingData\002919.jpg,002919,photo,1,0.039803795516490936,0,0
C:\Users\Zander Truong\Documents\coding\ekyc-face-pad\data\raw\celeba_spoof\SpoofingData\001614.jpg,001614,photo,1,0.7597535252571106,1,1
C:\Users\Zander Truong\Documents\coding\ekyc-face-pad\data\raw\celeba_spoof\SpoofingData\008155.jpg,008155,photo,1,0.9990449547767639,1,1
C:\Users\Zander Truong\Documents\coding\ekyc-face-pad\data\raw\celeba_spoof\SpoofingData\004573.jpg,004573,bona_fide,0,0.013319024816155434,0,1
C:\Users\Zander Truong\Documents\coding\ekyc-face-pad\data\raw\celeba_spoof\SpoofingData\017695.jpg,017695,bona_fide,0,2.58258733083494e-05,0,1
C:\Users\Zander Truong\Documents\coding\ekyc-face-pad\data\raw\celeba_spoof\SpoofingData\014653.jpg,014653,photo,1,0.9098142981529236,1,1
C:\Users\Zander Truong\Documents\coding\ekyc-face-pad\data\raw\celeba_spoof\SpoofingData\015553.jpg,015553,photo,1,0.956463098526001,1,1
C:\Users\Zander Truong\Documents\coding\ekyc-face-pad\data\raw\celeba_spoof\SpoofingData\004930.jpg,004930,photo,1,0.9841619729995728,1,1
C:\Users\Zander Truong\Documents\coding\ekyc-face-pad\data\raw\celeba_spoof\SpoofingData\006777.jpg,006777,photo,1,0.999081015586853,1,1
C:\Users\Zander Truong\Documents\coding\ekyc-face-pad\data\raw\celeba_spoof\SpoofingData\005497.jpg,005497,photo,1,0.9843892455101013,1,1
C:\Users\Zander Truong\Documents\coding\ekyc-face-pad\data\raw\celeba_spoof\SpoofingData\000860.jpg,000860,photo,1,0.9066475629806519,1,1
C:\Users\Zander Truong\Documents\coding\ekyc-face-pad\data\raw\celeba_spoof\SpoofingData\012896.jpg,012896,photo,1,0.9998894929885864,1,1
C:\Users\Zander Truong\Documents\coding\ekyc-face-pad\data\raw\celeba_spoof\SpoofingData\002317.jpg,002317,photo,1,0.9642202258110046,1,1
C:\Users\Zander Truong\Documents\coding\ekyc-face-pad\data\raw\celeba_spoof\SpoofingData\015177.jpg,015177,photo,1,0.9999954700469971,1,1
C:\Users\Zander Truong\Documents\coding\ekyc-face-pad\data\raw\celeba_spoof\SpoofingData\011861.jpg,011861,bona_fide,0,0.26425087451934814,0,1
C:\Users\Zander Truong\Documents\coding\ekyc-face-pad\data\raw\celeba_spoof\SpoofingData\005894.jpg,005894,bona_fide,0,0.046971481293439865,0,1
C:\Users\Zander Truong\Documents\coding\ekyc-face-pad\data\raw\celeba_spoof\SpoofingData\008609.jpg,008609,photo,1,0.9920754432678223,1,1
C:\Users\Zander Truong\Documents\coding\ekyc-face-pad\data\raw\celeba_spoof\SpoofingData\005037.jpg,005037,bona_fide,0,0.002445585560053587,0,1
C:\Users\Zander Truong\Documents\coding\ekyc-face-pad\data\raw\celeba_spoof\SpoofingData\012048.jpg,012048,photo,1,0.9739465117454529,1,1
C:\Users\Zander Truong\Documents\coding\ekyc-face-pad\data\raw\celeba_spoof\SpoofingData\011696.jpg,011696,bona_fide,0,0.005124358460307121,0,1
C:\Users\Zander Truong\Documents\coding\ekyc-face-pad\data\raw\celeba_spoof\SpoofingData\017530.jpg,017530,photo,1,0.8594668507575989,1,1
C:\Users\Zander Truong\Documents\coding\ekyc-face-pad\data\raw\celeba_spoof\SpoofingData\000019.jpg,000019,photo,1,0.997901201248169,1,1
C:\Users\Zander Truong\Documents\coding\ekyc-face-pad\data\raw\celeba_spoof\SpoofingData\015299.jpg,015299,photo,1,0.7576902508735657,1,1
C:\Users\Zander Truong\Documents\coding\ekyc-face-pad\data\raw\celeba_spoof\SpoofingData\002464.jpg,002464,photo,1,0.3909258246421814,0,0
C:\Users\Zander Truong\Documents\coding\ekyc-face-pad\data\raw\celeba_spoof\SpoofingData\004844.jpg,004844,photo,1,0.6694402694702148,1,1
C:\Users\Zander Truong\Documents\coding\ekyc-face-pad\data\raw\celeba_spoof\SpoofingData\014670.jpg,014670,photo,1,0.9999872446060181,1,1
C:\Users\Zander Truong\Documents\coding\ekyc-face-pad\data\raw\celeba_spoof\SpoofingData\014745.jpg,014745,bona_fide,0,0.05045195668935776,0,1
C:\Users\Zander Truong\Documents\coding\ekyc-face-pad\data\raw\celeba_spoof\SpoofingData\017615.jpg,017615,photo,1,0.9980961680412292,1,1
C:\Users\Zander Truong\Documents\coding\ekyc-face-pad\data\raw\celeba_spoof\SpoofingData\011629.jpg,011629,photo,1,0.9999991655349731,1,1
C:\Users\Zander Truong\Documents\coding\ekyc-face-pad\data\raw\celeba_spoof\SpoofingData\002848.jpg,002848,photo,1,0.9445381760597229,1,1
C:\Users\Zander Truong\Documents\coding\ekyc-face-pad\data\raw\celeba_spoof\SpoofingData\014578.jpg,014578,bona_fide,0,0.5331609845161438,1,0
C:\Users\Zander Truong\Documents\coding\ekyc-face-pad\data\raw\celeba_spoof\SpoofingData\016366.jpg,016366,photo,1,0.9981725215911865,1,1
C:\Users\Zander Truong\Documents\coding\ekyc-face-pad\data\raw\celeba_spoof\SpoofingData\012319.jpg,012319,photo,1,0.987405002117157,1,1
C:\Users\Zander Truong\Documents\coding\ekyc-face-pad\data\raw\celeba_spoof\SpoofingData\003236.jpg,003236,photo,1,0.9850895404815674,1,1
C:\Users\Zander Truong\Documents\coding\ekyc-face-pad\data\raw\celeba_spoof\SpoofingData\001100.jpg,001100,bona_fide,0,0.5981541275978088,1,0
C:\Users\Zander Truong\Documents\coding\ekyc-face-pad\data\raw\celeba_spoof\SpoofingData\008906.jpg,008906,photo,1,0.9999644756317139,1,1
C:\Users\Zander Truong\Documents\coding\ekyc-face-pad\data\raw\celeba_spoof\SpoofingData\003811.jpg,003811,photo,1,0.9999927282333374,1,1
C:\Users\Zander Truong\Documents\coding\ekyc-face-pad\data\raw\celeba_spoof\SpoofingData\000595.jpg,000595,bona_fide,0,0.005442239344120026,0,1
C:\Users\Zander Truong\Documents\coding\ekyc-face-pad\data\raw\celeba_spoof\SpoofingData\000645.jpg,000645,bona_fide,0,0.12615303695201874,0,1
C:\Users\Zander Truong\Documents\coding\ekyc-face-pad\data\raw\celeba_spoof\SpoofingData\007551.jpg,007551,photo,1,0.9995629191398621,1,1
C:\Users\Zander Truong\Documents\coding\ekyc-face-pad\data\raw\celeba_spoof\SpoofingData\007530.jpg,007530,photo,1,0.9447161555290222,1,1
C:\Users\Zander Truong\Documents\coding\ekyc-face-pad\data\raw\celeba_spoof\SpoofingData\004671.jpg,004671,photo,1,0.9996324777603149,1,1
C:\Users\Zander Truong\Documents\coding\ekyc-face-pad\data\raw\celeba_spoof\SpoofingData\004391.jpg,004391,photo,1,0.9990793466567993,1,1
C:\Users\Zander Truong\Documents\coding\ekyc-face-pad\data\raw\celeba_spoof\SpoofingData\014047.jpg,014047,bona_fide,0,0.7099290490150452,1,0
C:\Users\Zander Truong\Documents\coding\ekyc-face-pad\data\raw\celeba_spoof\SpoofingData\013141.jpg,013141,photo,1,0.9940268993377686,1,1
C:\Users\Zander Truong\Documents\coding\ekyc-face-pad\data\raw\celeba_spoof\SpoofingData\007676.jpg,007676,photo,1,0.8808866739273071,1,1
C:\Users\Zander Truong\Documents\coding\ekyc-face-pad\data\raw\celeba_spoof\SpoofingData\004817.jpg,004817,photo,1,0.8818848729133606,1,1
C:\Users\Zander Truong\Documents\coding\ekyc-face-pad\data\raw\celeba_spoof\SpoofingData\014443.jpg,014443,photo,1,0.9329068660736084,1,1
C:\Users\Zander Truong\Documents\coding\ekyc-face-pad\data\raw\celeba_spoof\SpoofingData\007874.jpg,007874,bona_fide,0,0.9523833990097046,1,0
C:\Users\Zander Truong\Documents\coding\ekyc-face-pad\data\raw\celeba_spoof\SpoofingData\000240.jpg,000240,photo,1,0.9063338041305542,1,1
C:\Users\Zander Truong\Documents\coding\ekyc-face-pad\data\raw\celeba_spoof\SpoofingData\009474.jpg,009474,photo,1,0.943816602230072,1,1
C:\Users\Zander Truong\Documents\coding\ekyc-face-pad\data\raw\celeba_spoof\SpoofingData\015480.jpg,015480,bona_fide,0,0.019569886848330498,0,1
C:\Users\Zander Truong\Documents\coding\ekyc-face-pad\data\raw\celeba_spoof\SpoofingData\015041.jpg,015041,photo,1,0.9625917673110962,1,1
C:\Users\Zander Truong\Documents\coding\ekyc-face-pad\data\raw\celeba_spoof\SpoofingData\005220.jpg,005220,bona_fide,0,0.0889446884393692,0,1
C:\Users\Zander Truong\Documents\coding\ekyc-face-pad\data\raw\celeba_spoof\SpoofingData\007620.jpg,007620,photo,1,0.9996752738952637,1,1
C:\Users\Zander Truong\Documents\coding\ekyc-face-pad\data\raw\celeba_spoof\SpoofingData\004722.jpg,004722,photo,1,0.9917842149734497,1,1
C:\Users\Zander Truong\Documents\coding\ekyc-face-pad\data\raw\celeba_spoof\SpoofingData\002799.jpg,002799,photo,1,0.7470598220825195,1,1
C:\Users\Zander Truong\Documents\coding\ekyc-face-pad\data\raw\celeba_spoof\SpoofingData\010373.jpg,010373,bona_fide,0,7.183762136264704e-07,0,1
C:\Users\Zander Truong\Documents\coding\ekyc-face-pad\data\raw\celeba_spoof\SpoofingData\012473.jpg,012473,bona_fide,0,0.35606247186660767,0,1
C:\Users\Zander Truong\Documents\coding\ekyc-face-pad\data\raw\celeba_spoof\SpoofingData\008178.jpg,008178,bona_fide,0,0.47123584151268005,0,1
C:\Users\Zander Truong\Documents\coding\ekyc-face-pad\data\raw\celeba_spoof\SpoofingData\008706.jpg,008706,photo,1,0.9998557567596436,1,1
C:\Users\Zander Truong\Documents\coding\ekyc-face-pad\data\raw\celeba_spoof\SpoofingData\006015.jpg,006015,photo,1,0.9686092138290405,1,1
C:\Users\Zander Truong\Documents\coding\ekyc-face-pad\data\raw\celeba_spoof\SpoofingData\000988.jpg,000988,photo,1,0.9923957586288452,1,1
C:\Users\Zander Truong\Documents\coding\ekyc-face-pad\data\raw\celeba_spoof\SpoofingData\008077.jpg,008077,bona_fide,0,0.9670115113258362,1,0
C:\Users\Zander Truong\Documents\coding\ekyc-face-pad\data\raw\celeba_spoof\SpoofingData\014730.jpg,014730,bona_fide,0,0.021645935252308846,0,1
C:\Users\Zander Truong\Documents\coding\ekyc-face-pad\data\raw\celeba_spoof\SpoofingData\009023.jpg,009023,bona_fide,0,2.7175425202585757e-05,0,1
C:\Users\Zander Truong\Documents\coding\ekyc-face-pad\data\raw\celeba_spoof\SpoofingData\006263.jpg,006263,bona_fide,0,0.8849966526031494,1,0
C:\Users\Zander Truong\Documents\coding\ekyc-face-pad\data\raw\celeba_spoof\SpoofingData\009447.jpg,009447,bona_fide,0,0.0035169266629964113,0,1
C:\Users\Zander Truong\Documents\coding\ekyc-face-pad\data\raw\celeba_spoof\SpoofingData\009810.jpg,009810,photo,1,0.9782322645187378,1,1
C:\Users\Zander Truong\Documents\coding\ekyc-face-pad\data\raw\celeba_spoof\SpoofingData\003142.jpg,003142,photo,1,0.10827977955341339,0,0
C:\Users\Zander Truong\Documents\coding\ekyc-face-pad\data\raw\celeba_spoof\SpoofingData\001471.jpg,001471,photo,1,0.8913338780403137,1,1
C:\Users\Zander Truong\Documents\coding\ekyc-face-pad\data\raw\celeba_spoof\SpoofingData\010987.jpg,010987,photo,1,0.9986211061477661,1,1
C:\Users\Zander Truong\Documents\coding\ekyc-face-pad\data\raw\celeba_spoof\SpoofingData\007626.jpg,007626,photo,1,0.9944138526916504,1,1
C:\Users\Zander Truong\Documents\coding\ekyc-face-pad\data\raw\celeba_spoof\SpoofingData\010938.jpg,010938,bona_fide,0,0.013141682371497154,0,1
C:\Users\Zander Truong\Documents\coding\ekyc-face-pad\data\raw\celeba_spoof\SpoofingData\009253.jpg,009253,photo,1,0.992324709892273,1,1
C:\Users\Zander Truong\Documents\coding\ekyc-face-pad\data\raw\celeba_spoof\SpoofingData\009743.jpg,009743,photo,1,0.9914981722831726,1,1
C:\Users\Zander Truong\Documents\coding\ekyc-face-pad\data\raw\celeba_spoof\SpoofingData\006749.jpg,006749,bona_fide,0,0.028940850868821144,0,1
C:\Users\Zander Truong\Documents\coding\ekyc-face-pad\data\raw\celeba_spoof\SpoofingData\013267.jpg,013267,bona_fide,0,0.8733996748924255,1,0
C:\Users\Zander Truong\Documents\coding\ekyc-face-pad\data\raw\celeba_spoof\SpoofingData\010177.jpg,010177,photo,1,0.9999537467956543,1,1
C:\Users\Zander Truong\Documents\coding\ekyc-face-pad\data\raw\celeba_spoof\SpoofingData\006678.jpg,006678,photo,1,0.19380615651607513,0,0
C:\Users\Zander Truong\Documents\coding\ekyc-face-pad\data\raw\celeba_spoof\SpoofingData\003104.jpg,003104,bona_fide,0,0.018161719664931297,0,1
C:\Users\Zander Truong\Documents\coding\ekyc-face-pad\data\raw\celeba_spoof\SpoofingData\010668.jpg,010668,photo,1,0.9957671165466309,1,1
C:\Users\Zander Truong\Documents\coding\ekyc-face-pad\data\raw\celeba_spoof\SpoofingData\010925.jpg,010925,bona_fide,0,0.06887996196746826,0,1
C:\Users\Zander Truong\Documents\coding\ekyc-face-pad\data\raw\celeba_spoof\SpoofingData\014130.jpg,014130,photo,1,0.9680703282356262,1,1
C:\Users\Zander Truong\Documents\coding\ekyc-face-pad\data\raw\celeba_spoof\SpoofingData\014080.jpg,014080,photo,1,0.9880018830299377,1,1
C:\Users\Zander Truong\Documents\coding\ekyc-face-pad\data\raw\celeba_spoof\SpoofingData\017742.jpg,017742,bona_fide,0,4.291906952857971e-05,0,1
C:\Users\Zander Truong\Documents\coding\ekyc-face-pad\data\raw\celeba_spoof\SpoofingData\014519.jpg,014519,bona_fide,0,3.896334965247661e-05,0,1
C:\Users\Zander Truong\Documents\coding\ekyc-face-pad\data\raw\celeba_spoof\SpoofingData\016660.jpg,016660,photo,1,0.9981073141098022,1,1
C:\Users\Zander Truong\Documents\coding\ekyc-face-pad\data\raw\celeba_spoof\SpoofingData\002911.jpg,002911,photo,1,0.9992965459823608,1,1
C:\Users\Zander Truong\Documents\coding\ekyc-face-pad\data\raw\celeba_spoof\SpoofingData\004080.jpg,004080,photo,1,0.9994465708732605,1,1
C:\Users\Zander Truong\Documents\coding\ekyc-face-pad\data\raw\celeba_spoof\SpoofingData\002778.jpg,002778,bona_fide,0,0.005656965542584658,0,1
C:\Users\Zander Truong\Documents\coding\ekyc-face-pad\data\raw\celeba_spoof\SpoofingData\015080.jpg,015080,photo,1,0.9871108531951904,1,1
C:\Users\Zander Truong\Documents\coding\ekyc-face-pad\data\raw\celeba_spoof\SpoofingData\013048.jpg,013048,bona_fide,0,0.0024796214420348406,0,1
C:\Users\Zander Truong\Documents\coding\ekyc-face-pad\data\raw\celeba_spoof\SpoofingData\001765.jpg,001765,photo,1,0.8996404409408569,1,1
C:\Users\Zander Truong\Documents\coding\ekyc-face-pad\data\raw\celeba_spoof\SpoofingData\009261.jpg,009261,photo,1,0.9588503837585449,1,1
C:\Users\Zander Truong\Documents\coding\ekyc-face-pad\data\raw\celeba_spoof\SpoofingData\012648.jpg,012648,photo,1,0.9998589754104614,1,1
C:\Users\Zander Truong\Documents\coding\ekyc-face-pad\data\raw\celeba_spoof\SpoofingData\006795.jpg,006795,photo,1,0.8434876799583435,1,1
C:\Users\Zander Truong\Documents\coding\ekyc-face-pad\data\raw\celeba_spoof\SpoofingData\003987.jpg,003987,photo,1,0.9816701412200928,1,1
C:\Users\Zander Truong\Documents\coding\ekyc-face-pad\data\raw\celeba_spoof\SpoofingData\013471.jpg,013471,bona_fide,0,0.6328454613685608,1,0
C:\Users\Zander Truong\Documents\coding\ekyc-face-pad\data\raw\celeba_spoof\SpoofingData\016221.jpg,016221,bona_fide,0,0.0006265822448767722,0,1
C:\Users\Zander Truong\Documents\coding\ekyc-face-pad\data\raw\celeba_spoof\SpoofingData\014963.jpg,014963,photo,1,0.9920423626899719,1,1
C:\Users\Zander Truong\Documents\coding\ekyc-face-pad\data\raw\celeba_spoof\SpoofingData\001535.jpg,001535,bona_fide,0,0.0008482492412440479,0,1
C:\Users\Zander Truong\Documents\coding\ekyc-face-pad\data\raw\celeba_spoof\SpoofingData\012885.jpg,012885,photo,1,0.978046178817749,1,1
C:\Users\Zander Truong\Documents\coding\ekyc-face-pad\data\raw\celeba_spoof\SpoofingData\017006.jpg,017006,photo,1,0.9998984336853027,1,1
C:\Users\Zander Truong\Documents\coding\ekyc-face-pad\data\raw\celeba_spoof\SpoofingData\017562.jpg,017562,bona_fide,0,0.24080760776996613,0,1
C:\Users\Zander Truong\Documents\coding\ekyc-face-pad\data\raw\celeba_spoof\SpoofingData\007960.jpg,007960,photo,1,0.9977705478668213,1,1
C:\Users\Zander Truong\Documents\coding\ekyc-face-pad\data\raw\celeba_spoof\SpoofingData\004059.jpg,004059,photo,1,0.9982513785362244,1,1
C:\Users\Zander Truong\Documents\coding\ekyc-face-pad\data\raw\celeba_spoof\SpoofingData\003115.jpg,003115,bona_fide,0,0.000803080853074789,0,1
C:\Users\Zander Truong\Documents\coding\ekyc-face-pad\data\raw\celeba_spoof\SpoofingData\005712.jpg,005712,photo,1,0.9989084005355835,1,1
C:\Users\Zander Truong\Documents\coding\ekyc-face-pad\data\raw\celeba_spoof\SpoofingData\005294.jpg,005294,photo,1,0.999377429485321,1,1
C:\Users\Zander Truong\Documents\coding\ekyc-face-pad\data\raw\celeba_spoof\SpoofingData\012498.jpg,012498,photo,1,0.9896196722984314,1,1
C:\Users\Zander Truong\Documents\coding\ekyc-face-pad\data\raw\celeba_spoof\SpoofingData\014325.jpg,014325,photo,1,0.7280123829841614,1,1
C:\Users\Zander Truong\Documents\coding\ekyc-face-pad\data\raw\celeba_spoof\SpoofingData\001681.jpg,001681,bona_fide,0,0.004922742024064064,0,1
C:\Users\Zander Truong\Documents\coding\ekyc-face-pad\data\raw\celeba_spoof\SpoofingData\017242.jpg,017242,bona_fide,0,0.5841063857078552,1,0
C:\Users\Zander Truong\Documents\coding\ekyc-face-pad\data\raw\celeba_spoof\SpoofingData\003641.jpg,003641,photo,1,0.8518732786178589,1,1
C:\Users\Zander Truong\Documents\coding\ekyc-face-pad\data\raw\celeba_spoof\SpoofingData\010370.jpg,010370,bona_fide,0,0.0010259980335831642,0,1
C:\Users\Zander Truong\Documents\coding\ekyc-face-pad\data\raw\celeba_spoof\SpoofingData\014855.jpg,014855,bona_fide,0,0.40915870666503906,0,1
C:\Users\Zander Truong\Documents\coding\ekyc-face-pad\data\raw\celeba_spoof\SpoofingData\017154.jpg,017154,photo,1,0.7347936034202576,1,1
C:\Users\Zander Truong\Documents\coding\ekyc-face-pad\data\raw\celeba_spoof\SpoofingData\016064.jpg,016064,bona_fide,0,0.08128095418214798,0,1
C:\Users\Zander Truong\Documents\coding\ekyc-face-pad\data\raw\celeba_spoof\SpoofingData\000736.jpg,000736,photo,1,0.7783620357513428,1,1
C:\Users\Zander Truong\Documents\coding\ekyc-face-pad\data\raw\celeba_spoof\SpoofingData\000445.jpg,000445,photo,1,0.9821522831916809,1,1
C:\Users\Zander Truong\Documents\coding\ekyc-face-pad\data\raw\celeba_spoof\SpoofingData\013649.jpg,013649,photo,1,0.9987928867340088,1,1
C:\Users\Zander Truong\Documents\coding\ekyc-face-pad\data\raw\celeba_spoof\SpoofingData\009538.jpg,009538,photo,1,0.9953590035438538,1,1
C:\Users\Zander Truong\Documents\coding\ekyc-face-pad\data\raw\celeba_spoof\SpoofingData\015752.jpg,015752,bona_fide,0,0.004422403406351805,0,1
C:\Users\Zander Truong\Documents\coding\ekyc-face-pad\data\raw\celeba_spoof\SpoofingData\004403.jpg,004403,photo,1,0.9819071888923645,1,1
C:\Users\Zander Truong\Documents\coding\ekyc-face-pad\data\raw\celeba_spoof\SpoofingData\011406.jpg,011406,photo,1,0.15050095319747925,0,0
C:\Users\Zander Truong\Documents\coding\ekyc-face-pad\data\raw\celeba_spoof\SpoofingData\004204.jpg,004204,photo,1,0.9999953508377075,1,1
C:\Users\Zander Truong\Documents\coding\ekyc-face-pad\data\raw\celeba_spoof\SpoofingData\009528.jpg,009528,photo,1,0.9653792381286621,1,1
C:\Users\Zander Truong\Documents\coding\ekyc-face-pad\data\raw\celeba_spoof\SpoofingData\015120.jpg,015120,photo,1,0.9995880722999573,1,1
C:\Users\Zander Truong\Documents\coding\ekyc-face-pad\data\raw\celeba_spoof\SpoofingData\013036.jpg,013036,photo,1,0.999303936958313,1,1
C:\Users\Zander Truong\Documents\coding\ekyc-face-pad\data\raw\celeba_spoof\SpoofingData\007439.jpg,007439,photo,1,0.9756734371185303,1,1
C:\Users\Zander Truong\Documents\coding\ekyc-face-pad\data\raw\celeba_spoof\SpoofingData\004385.jpg,004385,photo,1,0.9997013211250305,1,1
C:\Users\Zander Truong\Documents\coding\ekyc-face-pad\data\raw\celeba_spoof\SpoofingData\000387.jpg,000387,photo,1,0.8483108878135681,1,1
C:\Users\Zander Truong\Documents\coding\ekyc-face-pad\data\raw\celeba_spoof\SpoofingData\010979.jpg,010979,bona_fide,0,0.0002866881259251386,0,1
C:\Users\Zander Truong\Documents\coding\ekyc-face-pad\data\raw\celeba_spoof\SpoofingData\002833.jpg,002833,photo,1,0.8800695538520813,1,1
C:\Users\Zander Truong\Documents\coding\ekyc-face-pad\data\raw\celeba_spoof\SpoofingData\006364.jpg,006364,photo,1,0.9442787766456604,1,1
C:\Users\Zander Truong\Documents\coding\ekyc-face-pad\data\raw\celeba_spoof\SpoofingData\002594.jpg,002594,photo,1,0.977562665939331,1,1
C:\Users\Zander Truong\Documents\coding\ekyc-face-pad\data\raw\celeba_spoof\SpoofingData\000126.jpg,000126,photo,1,0.7914811372756958,1,1
C:\Users\Zander Truong\Documents\coding\ekyc-face-pad\data\raw\celeba_spoof\SpoofingData\007381.jpg,007381,photo,1,0.9728298783302307,1,1
C:\Users\Zander Truong\Documents\coding\ekyc-face-pad\data\raw\celeba_spoof\SpoofingData\009844.jpg,009844,photo,1,0.6824672222137451,1,1
C:\Users\Zander Truong\Documents\coding\ekyc-face-pad\data\raw\celeba_spoof\SpoofingData\010199.jpg,010199,photo,1,0.9987245202064514,1,1
C:\Users\Zander Truong\Documents\coding\ekyc-face-pad\data\raw\celeba_spoof\SpoofingData\014115.jpg,014115,photo,1,0.9999258518218994,1,1
C:\Users\Zander Truong\Documents\coding\ekyc-face-pad\data\raw\celeba_spoof\SpoofingData\009834.jpg,009834,bona_fide,0,0.0007731358637101948,0,1
C:\Users\Zander Truong\Documents\coding\ekyc-face-pad\data\raw\celeba_spoof\SpoofingData\016370.jpg,016370,bona_fide,0,0.9804706573486328,1,0
C:\Users\Zander Truong\Documents\coding\ekyc-face-pad\data\raw\celeba_spoof\SpoofingData\007582.jpg,007582,photo,1,0.9989385008811951,1,1
C:\Users\Zander Truong\Documents\coding\ekyc-face-pad\data\raw\celeba_spoof\SpoofingData\006154.jpg,006154,photo,1,0.9954267144203186,1,1
C:\Users\Zander Truong\Documents\coding\ekyc-face-pad\data\raw\celeba_spoof\SpoofingData\006708.jpg,006708,bona_fide,0,0.32994499802589417,0,1
C:\Users\Zander Truong\Documents\coding\ekyc-face-pad\data\raw\celeba_spoof\SpoofingData\006901.jpg,006901,photo,1,0.5580304861068726,1,1
C:\Users\Zander Truong\Documents\coding\ekyc-face-pad\data\raw\celeba_spoof\SpoofingData\014676.jpg,014676,photo,1,0.9899271726608276,1,1
C:\Users\Zander Truong\Documents\coding\ekyc-face-pad\data\raw\celeba_spoof\SpoofingData\011481.jpg,011481,photo,1,0.9972285628318787,1,1
C:\Users\Zander Truong\Documents\coding\ekyc-face-pad\data\raw\celeba_spoof\SpoofingData\006547.jpg,006547,photo,1,0.9739156365394592,1,1
C:\Users\Zander Truong\Documents\coding\ekyc-face-pad\data\raw\celeba_spoof\SpoofingData\008647.jpg,008647,bona_fide,0,0.017360161989927292,0,1
C:\Users\Zander Truong\Documents\coding\ekyc-face-pad\data\raw\celeba_spoof\SpoofingData\003651.jpg,003651,photo,1,0.5156418681144714,1,1
C:\Users\Zander Truong\Documents\coding\ekyc-face-pad\data\raw\celeba_spoof\SpoofingData\012709.jpg,012709,photo,1,0.9997989535331726,1,1
C:\Users\Zander Truong\Documents\coding\ekyc-face-pad\data\raw\celeba_spoof\SpoofingData\011083.jpg,011083,bona_fide,0,0.002694407245144248,0,1
C:\Users\Zander Truong\Documents\coding\ekyc-face-pad\data\raw\celeba_spoof\SpoofingData\011480.jpg,011480,photo,1,0.00346220750361681,0,0
C:\Users\Zander Truong\Documents\coding\ekyc-face-pad\data\raw\celeba_spoof\SpoofingData\017205.jpg,017205,photo,1,0.8815839290618896,1,1
C:\Users\Zander Truong\Documents\coding\ekyc-face-pad\data\raw\celeba_spoof\SpoofingData\011719.jpg,011719,photo,1,0.9998905658721924,1,1
C:\Users\Zander Truong\Documents\coding\ekyc-face-pad\data\raw\celeba_spoof\SpoofingData\007631.jpg,007631,photo,1,0.9998778104782104,1,1
C:\Users\Zander Truong\Documents\coding\ekyc-face-pad\data\raw\celeba_spoof\SpoofingData\005476.jpg,005476,photo,1,0.9999951124191284,1,1
C:\Users\Zander Truong\Documents\coding\ekyc-face-pad\data\raw\celeba_spoof\SpoofingData\004340.jpg,004340,photo,1,0.890779972076416,1,1
C:\Users\Zander Truong\Documents\coding\ekyc-face-pad\data\raw\celeba_spoof\SpoofingData\010609.jpg,010609,photo,1,0.9510024189949036,1,1
C:\Users\Zander Truong\Documents\coding\ekyc-face-pad\data\raw\celeba_spoof\SpoofingData\006578.jpg,006578,photo,1,0.9942116141319275,1,1
C:\Users\Zander Truong\Documents\coding\ekyc-face-pad\data\raw\celeba_spoof\SpoofingData\004326.jpg,004326,photo,1,0.8252303004264832,1,1
C:\Users\Zander Truong\Documents\coding\ekyc-face-pad\data\raw\celeba_spoof\SpoofingData\003927.jpg,003927,photo,1,0.9998273849487305,1,1
C:\Users\Zander Truong\Documents\coding\ekyc-face-pad\data\raw\celeba_spoof\SpoofingData\003802.jpg,003802,photo,1,0.9289377331733704,1,1
C:\Users\Zander Truong\Documents\coding\ekyc-face-pad\data\raw\celeba_spoof\SpoofingData\017934.jpg,017934,photo,1,0.9603447914123535,1,1
C:\Users\Zander Truong\Documents\coding\ekyc-face-pad\data\raw\celeba_spoof\SpoofingData\006182.jpg,006182,photo,1,0.9750531911849976,1,1
C:\Users\Zander Truong\Documents\coding\ekyc-face-pad\data\raw\celeba_spoof\SpoofingData\001895.jpg,001895,photo,1,0.9997730851173401,1,1
C:\Users\Zander Truong\Documents\coding\ekyc-face-pad\data\raw\celeba_spoof\SpoofingData\000344.jpg,000344,photo,1,0.9998700618743896,1,1
C:\Users\Zander Truong\Documents\coding\ekyc-face-pad\data\raw\celeba_spoof\SpoofingData\014998.jpg,014998,photo,1,0.9996483325958252,1,1
C:\Users\Zander Truong\Documents\coding\ekyc-face-pad\data\raw\celeba_spoof\SpoofingData\012200.jpg,012200,photo,1,0.9998655319213867,1,1
C:\Users\Zander Truong\Documents\coding\ekyc-face-pad\data\raw\celeba_spoof\SpoofingData\003601.jpg,003601,photo,1,0.9989101886749268,1,1
C:\Users\Zander Truong\Documents\coding\ekyc-face-pad\data\raw\celeba_spoof\SpoofingData\012167.jpg,012167,photo,1,0.9963412880897522,1,1
C:\Users\Zander Truong\Documents\coding\ekyc-face-pad\data\raw\celeba_spoof\SpoofingData\011660.jpg,011660,photo,1,0.9994500279426575,1,1
C:\Users\Zander Truong\Documents\coding\ekyc-face-pad\data\raw\celeba_spoof\SpoofingData\001870.jpg,001870,photo,1,0.9845613241195679,1,1
C:\Users\Zander Truong\Documents\coding\ekyc-face-pad\data\raw\celeba_spoof\SpoofingData\007686.jpg,007686,bona_fide,0,0.25102999806404114,0,1
C:\Users\Zander Truong\Documents\coding\ekyc-face-pad\data\raw\celeba_spoof\SpoofingData\017843.jpg,017843,photo,1,0.9998528957366943,1,1
C:\Users\Zander Truong\Documents\coding\ekyc-face-pad\data\raw\celeba_spoof\SpoofingData\006363.jpg,006363,photo,1,0.9999111890792847,1,1
C:\Users\Zander Truong\Documents\coding\ekyc-face-pad\data\raw\celeba_spoof\SpoofingData\014500.jpg,014500,photo,1,0.9999138116836548,1,1
C:\Users\Zander Truong\Documents\coding\ekyc-face-pad\data\raw\celeba_spoof\SpoofingData\008753.jpg,008753,bona_fide,0,0.002753268228843808,0,1
C:\Users\Zander Truong\Documents\coding\ekyc-face-pad\data\raw\celeba_spoof\SpoofingData\002703.jpg,002703,bona_fide,0,0.8054389357566833,1,0
C:\Users\Zander Truong\Documents\coding\ekyc-face-pad\data\raw\celeba_spoof\SpoofingData\014308.jpg,014308,bona_fide,0,0.9483660459518433,1,0
C:\Users\Zander Truong\Documents\coding\ekyc-face-pad\data\raw\celeba_spoof\SpoofingData\017540.jpg,017540,photo,1,0.08260795474052429,0,0
C:\Users\Zander Truong\Documents\coding\ekyc-face-pad\data\raw\celeba_spoof\SpoofingData\000397.jpg,000397,photo,1,0.9882090091705322,1,1
C:\Users\Zander Truong\Documents\coding\ekyc-face-pad\data\raw\celeba_spoof\SpoofingData\015050.jpg,015050,photo,1,0.990301251411438,1,1
C:\Users\Zander Truong\Documents\coding\ekyc-face-pad\data\raw\celeba_spoof\SpoofingData\001602.jpg,001602,photo,1,0.1091645136475563,0,0
C:\Users\Zander Truong\Documents\coding\ekyc-face-pad\data\raw\celeba_spoof\SpoofingData\011380.jpg,011380,photo,1,0.9983652234077454,1,1
C:\Users\Zander Truong\Documents\coding\ekyc-face-pad\data\raw\celeba_spoof\SpoofingData\008940.jpg,008940,bona_fide,0,1.422850687049504e-06,0,1
C:\Users\Zander Truong\Documents\coding\ekyc-face-pad\data\raw\celeba_spoof\SpoofingData\015619.jpg,015619,photo,1,0.9952172040939331,1,1
C:\Users\Zander Truong\Documents\coding\ekyc-face-pad\data\raw\celeba_spoof\SpoofingData\009902.jpg,009902,photo,1,0.9998635053634644,1,1
C:\Users\Zander Truong\Documents\coding\ekyc-face-pad\data\raw\celeba_spoof\SpoofingData\009299.jpg,009299,bona_fide,0,0.002109626540914178,0,1
C:\Users\Zander Truong\Documents\coding\ekyc-face-pad\data\raw\celeba_spoof\SpoofingData\017595.jpg,017595,photo,1,0.9681287407875061,1,1
C:\Users\Zander Truong\Documents\coding\ekyc-face-pad\data\raw\celeba_spoof\SpoofingData\016971.jpg,016971,photo,1,0.9933165311813354,1,1
C:\Users\Zander Truong\Documents\coding\ekyc-face-pad\data\raw\celeba_spoof\SpoofingData\006763.jpg,006763,photo,1,0.9994522929191589,1,1
C:\Users\Zander Truong\Documents\coding\ekyc-face-pad\data\raw\celeba_spoof\SpoofingData\000264.jpg,000264,photo,1,0.8085267543792725,1,1
C:\Users\Zander Truong\Documents\coding\ekyc-face-pad\data\raw\celeba_spoof\SpoofingData\001176.jpg,001176,photo,1,0.9096906781196594,1,1
C:\Users\Zander Truong\Documents\coding\ekyc-face-pad\data\raw\celeba_spoof\SpoofingData\000731.jpg,000731,bona_fide,0,0.09048780798912048,0,1
C:\Users\Zander Truong\Documents\coding\ekyc-face-pad\data\raw\celeba_spoof\SpoofingData\002250.jpg,002250,photo,1,0.7266748547554016,1,1
C:\Users\Zander Truong\Documents\coding\ekyc-face-pad\data\raw\celeba_spoof\SpoofingData\013963.jpg,013963,photo,1,0.031427763402462006,0,0
C:\Users\Zander Truong\Documents\coding\ekyc-face-pad\data\raw\celeba_spoof\SpoofingData\005414.jpg,005414,photo,1,0.8278067111968994,1,1
C:\Users\Zander Truong\Documents\coding\ekyc-face-pad\data\raw\celeba_spoof\SpoofingData\017348.jpg,017348,photo,1,0.878987729549408,1,1
C:\Users\Zander Truong\Documents\coding\ekyc-face-pad\data\raw\celeba_spoof\SpoofingData\013143.jpg,013143,photo,1,0.9723214507102966,1,1
C:\Users\Zander Truong\Documents\coding\ekyc-face-pad\data\raw\celeba_spoof\SpoofingData\006438.jpg,006438,photo,1,0.9999263286590576,1,1
C:\Users\Zander Truong\Documents\coding\ekyc-face-pad\data\raw\celeba_spoof\SpoofingData\017387.jpg,017387,photo,1,0.25588637590408325,0,0
C:\Users\Zander Truong\Documents\coding\ekyc-face-pad\data\raw\celeba_spoof\SpoofingData\012929.jpg,012929,photo,1,0.9315518736839294,1,1
C:\Users\Zander Truong\Documents\coding\ekyc-face-pad\data\raw\celeba_spoof\SpoofingData\004927.jpg,004927,photo,1,0.972293496131897,1,1
C:\Users\Zander Truong\Documents\coding\ekyc-face-pad\data\raw\celeba_spoof\SpoofingData\017360.jpg,017360,photo,1,0.9961593151092529,1,1
C:\Users\Zander Truong\Documents\coding\ekyc-face-pad\data\raw\celeba_spoof\SpoofingData\005318.jpg,005318,photo,1,0.6222783923149109,1,1
C:\Users\Zander Truong\Documents\coding\ekyc-face-pad\data\raw\celeba_spoof\SpoofingData\003883.jpg,003883,photo,1,0.9887661337852478,1,1
C:\Users\Zander Truong\Documents\coding\ekyc-face-pad\data\raw\celeba_spoof\SpoofingData\011829.jpg,011829,photo,1,0.9965399503707886,1,1
C:\Users\Zander Truong\Documents\coding\ekyc-face-pad\data\raw\celeba_spoof\SpoofingData\015985.jpg,015985,photo,1,0.9590698480606079,1,1
C:\Users\Zander Truong\Documents\coding\ekyc-face-pad\data\raw\celeba_spoof\SpoofingData\005218.jpg,005218,bona_fide,0,0.011129762046039104,0,1
C:\Users\Zander Truong\Documents\coding\ekyc-face-pad\data\raw\celeba_spoof\SpoofingData\008345.jpg,008345,photo,1,0.9987539052963257,1,1
C:\Users\Zander Truong\Documents\coding\ekyc-face-pad\data\raw\celeba_spoof\SpoofingData\002524.jpg,002524,bona_fide,0,4.343958426034078e-05,0,1
C:\Users\Zander Truong\Documents\coding\ekyc-face-pad\data\raw\celeba_spoof\SpoofingData\015719.jpg,015719,photo,1,0.7691960334777832,1,1
C:\Users\Zander Truong\Documents\coding\ekyc-face-pad\data\raw\celeba_spoof\SpoofingData\004627.jpg,004627,photo,1,0.9601650834083557,1,1
C:\Users\Zander Truong\Documents\coding\ekyc-face-pad\data\raw\celeba_spoof\SpoofingData\006965.jpg,006965,bona_fide,0,0.21732836961746216,0,1
C:\Users\Zander Truong\Documents\coding\ekyc-face-pad\data\raw\celeba_spoof\SpoofingData\013728.jpg,013728,photo,1,0.9997865557670593,1,1
C:\Users\Zander Truong\Documents\coding\ekyc-face-pad\data\raw\celeba_spoof\SpoofingData\001480.jpg,001480,bona_fide,0,0.040223002433776855,0,1
C:\Users\Zander Truong\Documents\coding\ekyc-face-pad\data\raw\celeba_spoof\SpoofingData\011599.jpg,011599,photo,1,0.4103086590766907,0,0
C:\Users\Zander Truong\Documents\coding\ekyc-face-pad\data\raw\celeba_spoof\SpoofingData\003196.jpg,003196,bona_fide,0,0.09482860565185547,0,1
C:\Users\Zander Truong\Documents\coding\ekyc-face-pad\data\raw\celeba_spoof\SpoofingData\017589.jpg,017589,photo,1,0.9999274015426636,1,1
C:\Users\Zander Truong\Documents\coding\ekyc-face-pad\data\raw\celeba_spoof\SpoofingData\010815.jpg,010815,bona_fide,0,0.6369473934173584,1,0
C:\Users\Zander Truong\Documents\coding\ekyc-face-pad\data\raw\celeba_spoof\SpoofingData\007018.jpg,007018,bona_fide,0,0.06968119740486145,0,1
C:\Users\Zander Truong\Documents\coding\ekyc-face-pad\data\raw\celeba_spoof\SpoofingData\000249.jpg,000249,photo,1,0.9992337226867676,1,1
C:\Users\Zander Truong\Documents\coding\ekyc-face-pad\data\raw\celeba_spoof\SpoofingData\006227.jpg,006227,photo,1,0.9996789693832397,1,1
C:\Users\Zander Truong\Documents\coding\ekyc-face-pad\data\raw\celeba_spoof\SpoofingData\012917.jpg,012917,bona_fide,0,0.000325300294207409,0,1
C:\Users\Zander Truong\Documents\coding\ekyc-face-pad\data\raw\celeba_spoof\SpoofingData\006642.jpg,006642,photo,1,0.9945547580718994,1,1
C:\Users\Zander Truong\Documents\coding\ekyc-face-pad\data\raw\celeba_spoof\SpoofingData\010712.jpg,010712,photo,1,0.9994627833366394,1,1
C:\Users\Zander Truong\Documents\coding\ekyc-face-pad\data\raw\celeba_spoof\SpoofingData\013445.jpg,013445,photo,1,0.9983367919921875,1,1
C:\Users\Zander Truong\Documents\coding\ekyc-face-pad\data\raw\celeba_spoof\SpoofingData\007260.jpg,007260,photo,1,0.989780068397522,1,1
C:\Users\Zander Truong\Documents\coding\ekyc-face-pad\data\raw\celeba_spoof\SpoofingData\007764.jpg,007764,photo,1,0.9410814642906189,1,1
C:\Users\Zander Truong\Documents\coding\ekyc-face-pad\data\raw\celeba_spoof\SpoofingData\013425.jpg,013425,photo,1,0.9781121611595154,1,1
C:\Users\Zander Truong\Documents\coding\ekyc-face-pad\data\raw\celeba_spoof\SpoofingData\017581.jpg,017581,photo,1,0.8814623951911926,1,1
C:\Users\Zander Truong\Documents\coding\ekyc-face-pad\data\raw\celeba_spoof\SpoofingData\007511.jpg,007511,bona_fide,0,0.07241926342248917,0,1
C:\Users\Zander Truong\Documents\coding\ekyc-face-pad\data\raw\celeba_spoof\SpoofingData\000263.jpg,000263,photo,1,0.9896592497825623,1,1
C:\Users\Zander Truong\Documents\coding\ekyc-face-pad\data\raw\celeba_spoof\SpoofingData\004384.jpg,004384,photo,1,0.9987465143203735,1,1
C:\Users\Zander Truong\Documents\coding\ekyc-face-pad\data\raw\celeba_spoof\SpoofingData\004422.jpg,004422,photo,1,0.4093116521835327,0,0
C:\Users\Zander Truong\Documents\coding\ekyc-face-pad\data\raw\celeba_spoof\SpoofingData\001959.jpg,001959,photo,1,0.9921407699584961,1,1
C:\Users\Zander Truong\Documents\coding\ekyc-face-pad\data\raw\celeba_spoof\SpoofingData\016745.jpg,016745,photo,1,0.9784458875656128,1,1
C:\Users\Zander Truong\Documents\coding\ekyc-face-pad\data\raw\celeba_spoof\SpoofingData\000848.jpg,000848,photo,1,0.9889112710952759,1,1
C:\Users\Zander Truong\Documents\coding\ekyc-face-pad\data\raw\celeba_spoof\SpoofingData\000336.jpg,000336,photo,1,0.19221872091293335,0,0
C:\Users\Zander Truong\Documents\coding\ekyc-face-pad\data\raw\celeba_spoof\SpoofingData\014587.jpg,014587,bona_fide,0,2.1179826035222504e-06,0,1
C:\Users\Zander Truong\Documents\coding\ekyc-face-pad\data\raw\celeba_spoof\SpoofingData\014947.jpg,014947,photo,1,0.8007693290710449,1,1
C:\Users\Zander Truong\Documents\coding\ekyc-face-pad\data\raw\celeba_spoof\SpoofingData\010148.jpg,010148,photo,1,0.9547017216682434,1,1
C:\Users\Zander Truong\Documents\coding\ekyc-face-pad\data\raw\celeba_spoof\SpoofingData\003006.jpg,003006,bona_fide,0,0.0004762713797390461,0,1
C:\Users\Zander Truong\Documents\coding\ekyc-face-pad\data\raw\celeba_spoof\SpoofingData\006250.jpg,006250,bona_fide,0,0.00116271385923028,0,1
C:\Users\Zander Truong\Documents\coding\ekyc-face-pad\data\raw\celeba_spoof\SpoofingData\011036.jpg,011036,photo,1,0.9976309537887573,1,1
C:\Users\Zander Truong\Documents\coding\ekyc-face-pad\data\raw\celeba_spoof\SpoofingData\016376.jpg,016376,photo,1,0.9946103096008301,1,1
C:\Users\Zander Truong\Documents\coding\ekyc-face-pad\data\raw\celeba_spoof\SpoofingData\013869.jpg,013869,bona_fide,0,0.9328498840332031,1,0
C:\Users\Zander Truong\Documents\coding\ekyc-face-pad\data\raw\celeba_spoof\SpoofingData\001332.jpg,001332,photo,1,0.998725950717926,1,1
C:\Users\Zander Truong\Documents\coding\ekyc-face-pad\data\raw\celeba_spoof\SpoofingData\011697.jpg,011697,photo,1,0.7760503888130188,1,1
C:\Users\Zander Truong\Documents\coding\ekyc-face-pad\data\raw\celeba_spoof\SpoofingData\007101.jpg,007101,photo,1,0.9999614953994751,1,1
C:\Users\Zander Truong\Documents\coding\ekyc-face-pad\data\raw\celeba_spoof\SpoofingData\004616.jpg,004616,photo,1,0.8713280558586121,1,1
C:\Users\Zander Truong\Documents\coding\ekyc-face-pad\data\raw\celeba_spoof\SpoofingData\010864.jpg,010864,bona_fide,0,0.08973392099142075,0,1
C:\Users\Zander Truong\Documents\coding\ekyc-face-pad\data\raw\celeba_spoof\SpoofingData\015643.jpg,015643,photo,1,0.9318827390670776,1,1
C:\Users\Zander Truong\Documents\coding\ekyc-face-pad\data\raw\celeba_spoof\SpoofingData\001119.jpg,001119,photo,1,0.4284113645553589,0,0
C:\Users\Zander Truong\Documents\coding\ekyc-face-pad\data\raw\celeba_spoof\SpoofingData\000323.jpg,000323,bona_fide,0,0.10939012467861176,0,1
C:\Users\Zander Truong\Documents\coding\ekyc-face-pad\data\raw\celeba_spoof\SpoofingData\011510.jpg,011510,photo,1,0.7892230749130249,1,1
C:\Users\Zander Truong\Documents\coding\ekyc-face-pad\data\raw\celeba_spoof\SpoofingData\011457.jpg,011457,photo,1,0.9782325029373169,1,1
C:\Users\Zander Truong\Documents\coding\ekyc-face-pad\data\raw\celeba_spoof\SpoofingData\006345.jpg,006345,photo,1,0.9946988821029663,1,1
C:\Users\Zander Truong\Documents\coding\ekyc-face-pad\data\raw\celeba_spoof\SpoofingData\013508.jpg,013508,photo,1,0.9614667296409607,1,1
C:\Users\Zander Truong\Documents\coding\ekyc-face-pad\data\raw\celeba_spoof\SpoofingData\004108.jpg,004108,bona_fide,0,0.0009850163478404284,0,1
C:\Users\Zander Truong\Documents\coding\ekyc-face-pad\data\raw\celeba_spoof\SpoofingData\017855.jpg,017855,photo,1,0.9930087327957153,1,1
C:\Users\Zander Truong\Documents\coding\ekyc-face-pad\data\raw\celeba_spoof\SpoofingData\009510.jpg,009510,photo,1,0.9998267292976379,1,1
C:\Users\Zander Truong\Documents\coding\ekyc-face-pad\data\raw\celeba_spoof\SpoofingData\000342.jpg,000342,photo,1,0.04153241962194443,0,0
C:\Users\Zander Truong\Documents\coding\ekyc-face-pad\data\raw\celeba_spoof\SpoofingData\011270.jpg,011270,photo,1,0.9940798282623291,1,1
C:\Users\Zander Truong\Documents\coding\ekyc-face-pad\data\raw\celeba_spoof\SpoofingData\011161.jpg,011161,bona_fide,0,0.5968146920204163,1,0
C:\Users\Zander Truong\Documents\coding\ekyc-face-pad\data\raw\celeba_spoof\SpoofingData\001078.jpg,001078,photo,1,0.9913721084594727,1,1
C:\Users\Zander Truong\Documents\coding\ekyc-face-pad\data\raw\celeba_spoof\SpoofingData\009131.jpg,009131,bona_fide,0,0.014951263554394245,0,1
C:\Users\Zander Truong\Documents\coding\ekyc-face-pad\data\raw\celeba_spoof\SpoofingData\011201.jpg,011201,bona_fide,0,0.0006338487146422267,0,1
C:\Users\Zander Truong\Documents\coding\ekyc-face-pad\data\raw\celeba_spoof\SpoofingData\005087.jpg,005087,bona_fide,0,0.000988745247013867,0,1
C:\Users\Zander Truong\Documents\coding\ekyc-face-pad\data\raw\celeba_spoof\SpoofingData\008802.jpg,008802,photo,1,0.9998962879180908,1,1
C:\Users\Zander Truong\Documents\coding\ekyc-face-pad\data\raw\celeba_spoof\SpoofingData\007624.jpg,007624,bona_fide,0,0.008203277364373207,0,1
C:\Users\Zander Truong\Documents\coding\ekyc-face-pad\data\raw\celeba_spoof\SpoofingData\015159.jpg,015159,photo,1,0.9996114373207092,1,1
C:\Users\Zander Truong\Documents\coding\ekyc-face-pad\data\raw\celeba_spoof\SpoofingData\006805.jpg,006805,photo,1,0.98843914270401,1,1
C:\Users\Zander Truong\Documents\coding\ekyc-face-pad\data\raw\celeba_spoof\SpoofingData\004602.jpg,004602,photo,1,0.9999852180480957,1,1
C:\Users\Zander Truong\Documents\coding\ekyc-face-pad\data\raw\celeba_spoof\SpoofingData\003434.jpg,003434,photo,1,0.9995960593223572,1,1
C:\Users\Zander Truong\Documents\coding\ekyc-face-pad\data\raw\celeba_spoof\SpoofingData\009958.jpg,009958,bona_fide,0,0.18707264959812164,0,1
C:\Users\Zander Truong\Documents\coding\ekyc-face-pad\data\raw\celeba_spoof\SpoofingData\015475.jpg,015475,bona_fide,0,0.917015552520752,1,0
C:\Users\Zander Truong\Documents\coding\ekyc-face-pad\data\raw\celeba_spoof\SpoofingData\014297.jpg,014297,photo,1,0.9991415739059448,1,1
C:\Users\Zander Truong\Documents\coding\ekyc-face-pad\data\raw\celeba_spoof\SpoofingData\014384.jpg,014384,photo,1,0.9948191046714783,1,1
C:\Users\Zander Truong\Documents\coding\ekyc-face-pad\data\raw\celeba_spoof\SpoofingData\005926.jpg,005926,bona_fide,0,0.004579979460686445,0,1
C:\Users\Zander Truong\Documents\coding\ekyc-face-pad\data\raw\celeba_spoof\SpoofingData\011114.jpg,011114,photo,1,0.9992212057113647,1,1
C:\Users\Zander Truong\Documents\coding\ekyc-face-pad\data\raw\celeba_spoof\SpoofingData\009089.jpg,009089,photo,1,0.9952309727668762,1,1
C:\Users\Zander Truong\Documents\coding\ekyc-face-pad\data\raw\celeba_spoof\SpoofingData\017800.jpg,017800,bona_fide,0,0.43765899538993835,0,1
C:\Users\Zander Truong\Documents\coding\ekyc-face-pad\data\raw\celeba_spoof\SpoofingData\015552.jpg,015552,bona_fide,0,0.0005516551318578422,0,1
C:\Users\Zander Truong\Documents\coding\ekyc-face-pad\data\raw\celeba_spoof\SpoofingData\014671.jpg,014671,photo,1,0.9844081997871399,1,1
C:\Users\Zander Truong\Documents\coding\ekyc-face-pad\data\raw\celeba_spoof\SpoofingData\010867.jpg,010867,bona_fide,0,0.129069522023201,0,1
C:\Users\Zander Truong\Documents\coding\ekyc-face-pad\data\raw\celeba_spoof\SpoofingData\000084.jpg,000084,bona_fide,0,0.8215474486351013,1,0
C:\Users\Zander Truong\Documents\coding\ekyc-face-pad\data\raw\celeba_spoof\SpoofingData\004828.jpg,004828,photo,1,0.9906691312789917,1,1
C:\Users\Zander Truong\Documents\coding\ekyc-face-pad\data\raw\celeba_spoof\SpoofingData\014688.jpg,014688,photo,1,0.9775256514549255,1,1
C:\Users\Zander Truong\Documents\coding\ekyc-face-pad\data\raw\celeba_spoof\SpoofingData\015042.jpg,015042,bona_fide,0,0.0002922982384916395,0,1
C:\Users\Zander Truong\Documents\coding\ekyc-face-pad\data\raw\celeba_spoof\SpoofingData\008925.jpg,008925,bona_fide,0,0.03679222986102104,0,1
C:\Users\Zander Truong\Documents\coding\ekyc-face-pad\data\raw\celeba_spoof\SpoofingData\004902.jpg,004902,photo,1,0.9968687891960144,1,1
C:\Users\Zander Truong\Documents\coding\ekyc-face-pad\data\raw\celeba_spoof\SpoofingData\008887.jpg,008887,bona_fide,0,0.024243539199233055,0,1
C:\Users\Zander Truong\Documents\coding\ekyc-face-pad\data\raw\celeba_spoof\SpoofingData\005021.jpg,005021,bona_fide,0,9.308213293479639e-07,0,1
C:\Users\Zander Truong\Documents\coding\ekyc-face-pad\data\raw\celeba_spoof\SpoofingData\014867.jpg,014867,photo,1,0.9856923818588257,1,1
C:\Users\Zander Truong\Documents\coding\ekyc-face-pad\data\raw\celeba_spoof\SpoofingData\016193.jpg,016193,photo,1,0.9999294281005859,1,1
C:\Users\Zander Truong\Documents\coding\ekyc-face-pad\data\raw\celeba_spoof\SpoofingData\003580.jpg,003580,bona_fide,0,0.020113185048103333,0,1
C:\Users\Zander Truong\Documents\coding\ekyc-face-pad\data\raw\celeba_spoof\SpoofingData\010966.jpg,010966,photo,1,0.7942036986351013,1,1
C:\Users\Zander Truong\Documents\coding\ekyc-face-pad\data\raw\celeba_spoof\SpoofingData\004783.jpg,004783,photo,1,0.9996622800827026,1,1
C:\Users\Zander Truong\Documents\coding\ekyc-face-pad\data\raw\celeba_spoof\SpoofingData\014286.jpg,014286,photo,1,0.9991588592529297,1,1
C:\Users\Zander Truong\Documents\coding\ekyc-face-pad\data\raw\celeba_spoof\SpoofingData\010364.jpg,010364,bona_fide,0,0.30392986536026,0,1
C:\Users\Zander Truong\Documents\coding\ekyc-face-pad\data\raw\celeba_spoof\SpoofingData\002068.jpg,002068,bona_fide,0,0.08452656120061874,0,1
C:\Users\Zander Truong\Documents\coding\ekyc-face-pad\data\raw\celeba_spoof\SpoofingData\001893.jpg,001893,bona_fide,0,0.00026230033836327493,0,1
C:\Users\Zander Truong\Documents\coding\ekyc-face-pad\data\raw\celeba_spoof\SpoofingData\000608.jpg,000608,photo,1,0.9801501035690308,1,1
C:\Users\Zander Truong\Documents\coding\ekyc-face-pad\data\raw\celeba_spoof\SpoofingData\016034.jpg,016034,photo,1,0.9904534816741943,1,1
C:\Users\Zander Truong\Documents\coding\ekyc-face-pad\data\raw\celeba_spoof\SpoofingData\011767.jpg,011767,bona_fide,0,0.504562497138977,1,0
C:\Users\Zander Truong\Documents\coding\ekyc-face-pad\data\raw\celeba_spoof\SpoofingData\012660.jpg,012660,photo,1,0.9951184988021851,1,1
C:\Users\Zander Truong\Documents\coding\ekyc-face-pad\data\raw\celeba_spoof\SpoofingData\001301.jpg,001301,photo,1,0.9935769438743591,1,1
C:\Users\Zander Truong\Documents\coding\ekyc-face-pad\data\raw\celeba_spoof\SpoofingData\013246.jpg,013246,bona_fide,0,0.10293477028608322,0,1
C:\Users\Zander Truong\Documents\coding\ekyc-face-pad\data\raw\celeba_spoof\SpoofingData\016154.jpg,016154,photo,1,0.8718558549880981,1,1
C:\Users\Zander Truong\Documents\coding\ekyc-face-pad\data\raw\celeba_spoof\SpoofingData\014430.jpg,014430,bona_fide,0,0.07441260665655136,0,1
C:\Users\Zander Truong\Documents\coding\ekyc-face-pad\data\raw\celeba_spoof\SpoofingData\012562.jpg,012562,photo,1,0.999893307685852,1,1
C:\Users\Zander Truong\Documents\coding\ekyc-face-pad\data\raw\celeba_spoof\SpoofingData\017314.jpg,017314,photo,1,0.9652413725852966,1,1
C:\Users\Zander Truong\Documents\coding\ekyc-face-pad\data\raw\celeba_spoof\SpoofingData\009127.jpg,009127,photo,1,0.9979413151741028,1,1
C:\Users\Zander Truong\Documents\coding\ekyc-face-pad\data\raw\celeba_spoof\SpoofingData\014832.jpg,014832,photo,1,0.9952147006988525,1,1
C:\Users\Zander Truong\Documents\coding\ekyc-face-pad\data\raw\celeba_spoof\SpoofingData\012695.jpg,012695,photo,1,0.8284662961959839,1,1
C:\Users\Zander Truong\Documents\coding\ekyc-face-pad\data\raw\celeba_spoof\SpoofingData\000352.jpg,000352,photo,1,0.02310105413198471,0,0
C:\Users\Zander Truong\Documents\coding\ekyc-face-pad\data\raw\celeba_spoof\SpoofingData\006264.jpg,006264,photo,1,0.9950220584869385,1,1
C:\Users\Zander Truong\Documents\coding\ekyc-face-pad\data\raw\celeba_spoof\SpoofingData\001629.jpg,001629,photo,1,0.9849727153778076,1,1
C:\Users\Zander Truong\Documents\coding\ekyc-face-pad\data\raw\celeba_spoof\SpoofingData\009929.jpg,009929,photo,1,0.9653874635696411,1,1
C:\Users\Zander Truong\Documents\coding\ekyc-face-pad\data\raw\celeba_spoof\SpoofingData\016496.jpg,016496,bona_fide,0,0.35730937123298645,0,1
C:\Users\Zander Truong\Documents\coding\ekyc-face-pad\data\raw\celeba_spoof\SpoofingData\002650.jpg,002650,bona_fide,0,0.2959979772567749,0,1
C:\Users\Zander Truong\Documents\coding\ekyc-face-pad\data\raw\celeba_spoof\SpoofingData\008292.jpg,008292,photo,1,0.9998705387115479,1,1
C:\Users\Zander Truong\Documents\coding\ekyc-face-pad\data\raw\celeba_spoof\SpoofingData\014272.jpg,014272,photo,1,0.9995781779289246,1,1
C:\Users\Zander Truong\Documents\coding\ekyc-face-pad\data\raw\celeba_spoof\SpoofingData\002690.jpg,002690,photo,1,0.9205014705657959,1,1
C:\Users\Zander Truong\Documents\coding\ekyc-face-pad\data\raw\celeba_spoof\SpoofingData\003308.jpg,003308,photo,1,0.9718796610832214,1,1
C:\Users\Zander Truong\Documents\coding\ekyc-face-pad\data\raw\celeba_spoof\SpoofingData\011411.jpg,011411,photo,1,0.9997047781944275,1,1
C:\Users\Zander Truong\Documents\coding\ekyc-face-pad\data\raw\celeba_spoof\SpoofingData\010524.jpg,010524,photo,1,0.9999979734420776,1,1
C:\Users\Zander Truong\Documents\coding\ekyc-face-pad\data\raw\celeba_spoof\SpoofingData\007236.jpg,007236,bona_fide,0,0.00025291534257121384,0,1
C:\Users\Zander Truong\Documents\coding\ekyc-face-pad\data\raw\celeba_spoof\SpoofingData\003207.jpg,003207,photo,1,0.9944450259208679,1,1
C:\Users\Zander Truong\Documents\coding\ekyc-face-pad\data\raw\celeba_spoof\SpoofingData\015526.jpg,015526,photo,1,0.9249096512794495,1,1
C:\Users\Zander Truong\Documents\coding\ekyc-face-pad\data\raw\celeba_spoof\SpoofingData\001823.jpg,001823,photo,1,0.9970331192016602,1,1
C:\Users\Zander Truong\Documents\coding\ekyc-face-pad\data\raw\celeba_spoof\SpoofingData\005269.jpg,005269,photo,1,0.988890528678894,1,1
C:\Users\Zander Truong\Documents\coding\ekyc-face-pad\data\raw\celeba_spoof\SpoofingData\007248.jpg,007248,bona_fide,0,0.0068447887897491455,0,1
C:\Users\Zander Truong\Documents\coding\ekyc-face-pad\data\raw\celeba_spoof\SpoofingData\001931.jpg,001931,photo,1,0.9208611845970154,1,1
C:\Users\Zander Truong\Documents\coding\ekyc-face-pad\data\raw\celeba_spoof\SpoofingData\001599.jpg,001599,photo,1,0.9986777901649475,1,1
C:\Users\Zander Truong\Documents\coding\ekyc-face-pad\data\raw\celeba_spoof\SpoofingData\016380.jpg,016380,photo,1,0.8897882699966431,1,1
C:\Users\Zander Truong\Documents\coding\ekyc-face-pad\data\raw\celeba_spoof\SpoofingData\003533.jpg,003533,bona_fide,0,0.016764169558882713,0,1
C:\Users\Zander Truong\Documents\coding\ekyc-face-pad\data\raw\celeba_spoof\SpoofingData\003675.jpg,003675,photo,1,0.819566547870636,1,1
C:\Users\Zander Truong\Documents\coding\ekyc-face-pad\data\raw\celeba_spoof\SpoofingData\006560.jpg,006560,bona_fide,0,2.6391191568109207e-05,0,1
C:\Users\Zander Truong\Documents\coding\ekyc-face-pad\data\raw\celeba_spoof\SpoofingData\005028.jpg,005028,bona_fide,0,1.9089644410996698e-05,0,1
C:\Users\Zander Truong\Documents\coding\ekyc-face-pad\data\raw\celeba_spoof\SpoofingData\001412.jpg,001412,bona_fide,0,0.07861108332872391,0,1
C:\Users\Zander Truong\Documents\coding\ekyc-face-pad\data\raw\celeba_spoof\SpoofingData\005942.jpg,005942,bona_fide,0,0.0012386050075292587,0,1
C:\Users\Zander Truong\Documents\coding\ekyc-face-pad\data\raw\celeba_spoof\SpoofingData\015898.jpg,015898,photo,1,0.8335073590278625,1,1
C:\Users\Zander Truong\Documents\coding\ekyc-face-pad\data\raw\celeba_spoof\SpoofingData\000452.jpg,000452,photo,1,0.9989180564880371,1,1
C:\Users\Zander Truong\Documents\coding\ekyc-face-pad\data\raw\celeba_spoof\SpoofingData\001757.jpg,001757,photo,1,0.9113268852233887,1,1
C:\Users\Zander Truong\Documents\coding\ekyc-face-pad\data\raw\celeba_spoof\SpoofingData\010360.jpg,010360,photo,1,0.7614543437957764,1,1
C:\Users\Zander Truong\Documents\coding\ekyc-face-pad\data\raw\celeba_spoof\SpoofingData\010910.jpg,010910,photo,1,0.007912294007837772,0,0
C:\Users\Zander Truong\Documents\coding\ekyc-face-pad\data\raw\celeba_spoof\SpoofingData\002769.jpg,002769,photo,1,0.9969244599342346,1,1
C:\Users\Zander Truong\Documents\coding\ekyc-face-pad\data\raw\celeba_spoof\SpoofingData\017791.jpg,017791,photo,1,0.9917318820953369,1,1
C:\Users\Zander Truong\Documents\coding\ekyc-face-pad\data\raw\celeba_spoof\SpoofingData\014398.jpg,014398,photo,1,0.9957861304283142,1,1
C:\Users\Zander Truong\Documents\coding\ekyc-face-pad\data\raw\celeba_spoof\SpoofingData\008479.jpg,008479,bona_fide,0,0.32670357823371887,0,1
C:\Users\Zander Truong\Documents\coding\ekyc-face-pad\data\raw\celeba_spoof\SpoofingData\011772.jpg,011772,bona_fide,0,0.1895601898431778,0,1
C:\Users\Zander Truong\Documents\coding\ekyc-face-pad\data\raw\celeba_spoof\SpoofingData\016850.jpg,016850,photo,1,0.9999196529388428,1,1
C:\Users\Zander Truong\Documents\coding\ekyc-face-pad\data\raw\celeba_spoof\SpoofingData\011144.jpg,011144,photo,1,0.8480125665664673,1,1
C:\Users\Zander Truong\Documents\coding\ekyc-face-pad\data\raw\celeba_spoof\SpoofingData\000049.jpg,000049,photo,1,0.9771080017089844,1,1
C:\Users\Zander Truong\Documents\coding\ekyc-face-pad\data\raw\celeba_spoof\SpoofingData\014457.jpg,014457,photo,1,0.7857375741004944,1,1
C:\Users\Zander Truong\Documents\coding\ekyc-face-pad\data\raw\celeba_spoof\SpoofingData\001217.jpg,001217,photo,1,0.589738667011261,1,1
C:\Users\Zander Truong\Documents\coding\ekyc-face-pad\data\raw\celeba_spoof\SpoofingData\011078.jpg,011078,bona_fide,0,6.05581262789201e-05,0,1
C:\Users\Zander Truong\Documents\coding\ekyc-face-pad\data\raw\celeba_spoof\SpoofingData\009631.jpg,009631,photo,1,0.995868980884552,1,1
C:\Users\Zander Truong\Documents\coding\ekyc-face-pad\data\raw\celeba_spoof\SpoofingData\008098.jpg,008098,photo,1,0.9979338645935059,1,1
C:\Users\Zander Truong\Documents\coding\ekyc-face-pad\data\raw\celeba_spoof\SpoofingData\015022.jpg,015022,bona_fide,0,0.07592561095952988,0,1
C:\Users\Zander Truong\Documents\coding\ekyc-face-pad\data\raw\celeba_spoof\SpoofingData\015765.jpg,015765,photo,1,0.964200496673584,1,1
C:\Users\Zander Truong\Documents\coding\ekyc-face-pad\data\raw\celeba_spoof\SpoofingData\015026.jpg,015026,photo,1,0.9965624213218689,1,1
C:\Users\Zander Truong\Documents\coding\ekyc-face-pad\data\raw\celeba_spoof\SpoofingData\000253.jpg,000253,bona_fide,0,2.062033217953285e-06,0,1
C:\Users\Zander Truong\Documents\coding\ekyc-face-pad\data\raw\celeba_spoof\SpoofingData\007172.jpg,007172,photo,1,0.9992007613182068,1,1
C:\Users\Zander Truong\Documents\coding\ekyc-face-pad\data\raw\celeba_spoof\SpoofingData\017061.jpg,017061,bona_fide,0,5.61355882382486e-05,0,1
C:\Users\Zander Truong\Documents\coding\ekyc-face-pad\data\raw\celeba_spoof\SpoofingData\015460.jpg,015460,bona_fide,0,0.9814409017562866,1,0
C:\Users\Zander Truong\Documents\coding\ekyc-face-pad\data\raw\celeba_spoof\SpoofingData\014442.jpg,014442,photo,1,0.9939994812011719,1,1
C:\Users\Zander Truong\Documents\coding\ekyc-face-pad\data\raw\celeba_spoof\SpoofingData\012587.jpg,012587,bona_fide,0,0.01462489552795887,0,1
C:\Users\Zander Truong\Documents\coding\ekyc-face-pad\data\raw\celeba_spoof\SpoofingData\007323.jpg,007323,bona_fide,0,1.68671667779563e-05,0,1
C:\Users\Zander Truong\Documents\coding\ekyc-face-pad\data\raw\celeba_spoof\SpoofingData\012728.jpg,012728,photo,1,0.9993935823440552,1,1
C:\Users\Zander Truong\Documents\coding\ekyc-face-pad\data\raw\celeba_spoof\SpoofingData\016220.jpg,016220,photo,1,0.999966025352478,1,1
C:\Users\Zander Truong\Documents\coding\ekyc-face-pad\data\raw\celeba_spoof\SpoofingData\001697.jpg,001697,bona_fide,0,0.7978255748748779,1,0
C:\Users\Zander Truong\Documents\coding\ekyc-face-pad\data\raw\celeba_spoof\SpoofingData\017457.jpg,017457,photo,1,0.9997971653938293,1,1
C:\Users\Zander Truong\Documents\coding\ekyc-face-pad\data\raw\celeba_spoof\SpoofingData\006932.jpg,006932,bona_fide,0,0.07034093141555786,0,1
C:\Users\Zander Truong\Documents\coding\ekyc-face-pad\data\raw\celeba_spoof\SpoofingData\014404.jpg,014404,photo,1,0.8100383281707764,1,1
C:\Users\Zander Truong\Documents\coding\ekyc-face-pad\data\raw\celeba_spoof\SpoofingData\016761.jpg,016761,photo,1,0.9994089603424072,1,1
C:\Users\Zander Truong\Documents\coding\ekyc-face-pad\data\raw\celeba_spoof\SpoofingData\001523.jpg,001523,bona_fide,0,2.2059602997615e-06,0,1
C:\Users\Zander Truong\Documents\coding\ekyc-face-pad\data\raw\celeba_spoof\SpoofingData\002291.jpg,002291,photo,1,0.9555540084838867,1,1
C:\Users\Zander Truong\Documents\coding\ekyc-face-pad\data\raw\celeba_spoof\SpoofingData\006703.jpg,006703,photo,1,0.9998056292533875,1,1
C:\Users\Zander Truong\Documents\coding\ekyc-face-pad\data\raw\celeba_spoof\SpoofingData\001142.jpg,001142,bona_fide,0,9.786003647604957e-05,0,1
C:\Users\Zander Truong\Documents\coding\ekyc-face-pad\data\raw\celeba_spoof\SpoofingData\004569.jpg,004569,photo,1,0.9999847412109375,1,1
C:\Users\Zander Truong\Documents\coding\ekyc-face-pad\data\raw\celeba_spoof\SpoofingData\000508.jpg,000508,photo,1,0.8222649693489075,1,1
C:\Users\Zander Truong\Documents\coding\ekyc-face-pad\data\raw\celeba_spoof\SpoofingData\017661.jpg,017661,photo,1,0.9983135461807251,1,1
C:\Users\Zander Truong\Documents\coding\ekyc-face-pad\data\raw\celeba_spoof\SpoofingData\011261.jpg,011261,photo,1,0.999768078327179,1,1
C:\Users\Zander Truong\Documents\coding\ekyc-face-pad\data\raw\celeba_spoof\SpoofingData\008360.jpg,008360,photo,1,0.9816131591796875,1,1
C:\Users\Zander Truong\Documents\coding\ekyc-face-pad\data\raw\celeba_spoof\SpoofingData\000776.jpg,000776,bona_fide,0,0.046265192329883575,0,1
C:\Users\Zander Truong\Documents\coding\ekyc-face-pad\data\raw\celeba_spoof\SpoofingData\008112.jpg,008112,photo,1,0.9970324039459229,1,1
C:\Users\Zander Truong\Documents\coding\ekyc-face-pad\data\raw\celeba_spoof\SpoofingData\003217.jpg,003217,photo,1,0.9141122698783875,1,1
C:\Users\Zander Truong\Documents\coding\ekyc-face-pad\data\raw\celeba_spoof\SpoofingData\011699.jpg,011699,bona_fide,0,0.10002220422029495,0,1
C:\Users\Zander Truong\Documents\coding\ekyc-face-pad\data\raw\celeba_spoof\SpoofingData\005976.jpg,005976,photo,1,0.43306636810302734,0,0
C:\Users\Zander Truong\Documents\coding\ekyc-face-pad\data\raw\celeba_spoof\SpoofingData\010265.jpg,010265,photo,1,0.5103683471679688,1,1
C:\Users\Zander Truong\Documents\coding\ekyc-face-pad\data\raw\celeba_spoof\SpoofingData\000755.jpg,000755,photo,1,0.6240094304084778,1,1
C:\Users\Zander Truong\Documents\coding\ekyc-face-pad\data\raw\celeba_spoof\SpoofingData\001383.jpg,001383,bona_fide,0,0.5151228904724121,1,0
C:\Users\Zander Truong\Documents\coding\ekyc-face-pad\data\raw\celeba_spoof\SpoofingData\014809.jpg,014809,photo,1,0.9983762502670288,1,1
C:\Users\Zander Truong\Documents\coding\ekyc-face-pad\data\raw\celeba_spoof\SpoofingData\016357.jpg,016357,bona_fide,0,0.1429448425769806,0,1
C:\Users\Zander Truong\Documents\coding\ekyc-face-pad\data\raw\celeba_spoof\SpoofingData\010264.jpg,010264,photo,1,0.9825226068496704,1,1
C:\Users\Zander Truong\Documents\coding\ekyc-face-pad\data\raw\celeba_spoof\SpoofingData\017903.jpg,017903,bona_fide,0,0.0021599477622658014,0,1
C:\Users\Zander Truong\Documents\coding\ekyc-face-pad\data\raw\celeba_spoof\SpoofingData\004417.jpg,004417,photo,1,0.2886425852775574,0,0
C:\Users\Zander Truong\Documents\coding\ekyc-face-pad\data\raw\celeba_spoof\SpoofingData\006801.jpg,006801,photo,1,0.8093504309654236,1,1
C:\Users\Zander Truong\Documents\coding\ekyc-face-pad\data\raw\celeba_spoof\SpoofingData\006757.jpg,006757,bona_fide,0,0.019227787852287292,0,1
C:\Users\Zander Truong\Documents\coding\ekyc-face-pad\data\raw\celeba_spoof\SpoofingData\009984.jpg,009984,bona_fide,0,0.0030389921739697456,0,1
C:\Users\Zander Truong\Documents\coding\ekyc-face-pad\data\raw\celeba_spoof\SpoofingData\012791.jpg,012791,bona_fide,0,0.00035104030393995345,0,1
C:\Users\Zander Truong\Documents\coding\ekyc-face-pad\data\raw\celeba_spoof\SpoofingData\008892.jpg,008892,photo,1,0.9999599456787109,1,1
C:\Users\Zander Truong\Documents\coding\ekyc-face-pad\data\raw\celeba_spoof\SpoofingData\013797.jpg,013797,bona_fide,0,0.0012328193988651037,0,1
C:\Users\Zander Truong\Documents\coding\ekyc-face-pad\data\raw\celeba_spoof\SpoofingData\013003.jpg,013003,bona_fide,0,0.0009039724827744067,0,1
C:\Users\Zander Truong\Documents\coding\ekyc-face-pad\data\raw\celeba_spoof\SpoofingData\001933.jpg,001933,bona_fide,0,0.01622278243303299,0,1
C:\Users\Zander Truong\Documents\coding\ekyc-face-pad\data\raw\celeba_spoof\SpoofingData\007411.jpg,007411,photo,1,0.9973064661026001,1,1
C:\Users\Zander Truong\Documents\coding\ekyc-face-pad\data\raw\celeba_spoof\SpoofingData\006100.jpg,006100,photo,1,0.9977103471755981,1,1
C:\Users\Zander Truong\Documents\coding\ekyc-face-pad\data\raw\celeba_spoof\SpoofingData\012135.jpg,012135,photo,1,0.9999940395355225,1,1
C:\Users\Zander Truong\Documents\coding\ekyc-face-pad\data\raw\celeba_spoof\SpoofingData\015977.jpg,015977,bona_fide,0,0.18135283887386322,0,1
C:\Users\Zander Truong\Documents\coding\ekyc-face-pad\data\raw\celeba_spoof\SpoofingData\008202.jpg,008202,photo,1,0.9990230798721313,1,1
C:\Users\Zander Truong\Documents\coding\ekyc-face-pad\data\raw\celeba_spoof\SpoofingData\009073.jpg,009073,photo,1,0.7872810363769531,1,1
C:\Users\Zander Truong\Documents\coding\ekyc-face-pad\data\raw\celeba_spoof\SpoofingData\013365.jpg,013365,photo,1,0.9998350143432617,1,1
C:\Users\Zander Truong\Documents\coding\ekyc-face-pad\data\raw\celeba_spoof\SpoofingData\003877.jpg,003877,photo,1,0.7616086006164551,1,1
C:\Users\Zander Truong\Documents\coding\ekyc-face-pad\data\raw\celeba_spoof\SpoofingData\011666.jpg,011666,photo,1,0.9844467043876648,1,1
C:\Users\Zander Truong\Documents\coding\ekyc-face-pad\data\raw\celeba_spoof\SpoofingData\015563.jpg,015563,photo,1,0.7561951279640198,1,1
C:\Users\Zander Truong\Documents\coding\ekyc-face-pad\data\raw\celeba_spoof\SpoofingData\017909.jpg,017909,photo,1,0.9782600402832031,1,1
C:\Users\Zander Truong\Documents\coding\ekyc-face-pad\data\raw\celeba_spoof\SpoofingData\005103.jpg,005103,photo,1,0.9969111084938049,1,1
C:\Users\Zander Truong\Documents\coding\ekyc-face-pad\data\raw\celeba_spoof\SpoofingData\010710.jpg,010710,photo,1,0.9943557977676392,1,1
C:\Users\Zander Truong\Documents\coding\ekyc-face-pad\data\raw\celeba_spoof\SpoofingData\006541.jpg,006541,bona_fide,0,0.9920369386672974,1,0
C:\Users\Zander Truong\Documents\coding\ekyc-face-pad\data\raw\celeba_spoof\SpoofingData\008816.jpg,008816,photo,1,0.9998311996459961,1,1
C:\Users\Zander Truong\Documents\coding\ekyc-face-pad\data\raw\celeba_spoof\SpoofingData\004981.jpg,004981,photo,1,0.9993477463722229,1,1
C:\Users\Zander Truong\Documents\coding\ekyc-face-pad\data\raw\celeba_spoof\SpoofingData\013510.jpg,013510,bona_fide,0,0.28570351004600525,0,1
C:\Users\Zander Truong\Documents\coding\ekyc-face-pad\data\raw\celeba_spoof\SpoofingData\017290.jpg,017290,photo,1,0.7828385829925537,1,1
C:\Users\Zander Truong\Documents\coding\ekyc-face-pad\data\raw\celeba_spoof\SpoofingData\002480.jpg,002480,photo,1,0.8981037735939026,1,1
C:\Users\Zander Truong\Documents\coding\ekyc-face-pad\data\raw\celeba_spoof\SpoofingData\000529.jpg,000529,photo,1,0.424361914396286,0,0
C:\Users\Zander Truong\Documents\coding\ekyc-face-pad\data\raw\celeba_spoof\SpoofingData\000079.jpg,000079,bona_fide,0,0.006524702534079552,0,1
C:\Users\Zander Truong\Documents\coding\ekyc-face-pad\data\raw\celeba_spoof\SpoofingData\013955.jpg,013955,bona_fide,0,2.912082436523633e-06,0,1
C:\Users\Zander Truong\Documents\coding\ekyc-face-pad\data\raw\celeba_spoof\SpoofingData\013109.jpg,013109,bona_fide,0,0.004733056761324406,0,1
C:\Users\Zander Truong\Documents\coding\ekyc-face-pad\data\raw\celeba_spoof\SpoofingData\009178.jpg,009178,bona_fide,0,0.7770500183105469,1,0
C:\Users\Zander Truong\Documents\coding\ekyc-face-pad\data\raw\celeba_spoof\SpoofingData\007339.jpg,007339,bona_fide,0,1.2412726391630713e-05,0,1
C:\Users\Zander Truong\Documents\coding\ekyc-face-pad\data\raw\celeba_spoof\SpoofingData\009348.jpg,009348,photo,1,0.9968756437301636,1,1
C:\Users\Zander Truong\Documents\coding\ekyc-face-pad\data\raw\celeba_spoof\SpoofingData\002050.jpg,002050,photo,1,0.997675359249115,1,1
C:\Users\Zander Truong\Documents\coding\ekyc-face-pad\data\raw\celeba_spoof\SpoofingData\015071.jpg,015071,bona_fide,0,0.0011791038559749722,0,1
C:\Users\Zander Truong\Documents\coding\ekyc-face-pad\data\raw\celeba_spoof\SpoofingData\016890.jpg,016890,bona_fide,0,0.0011127854231745005,0,1
C:\Users\Zander Truong\Documents\coding\ekyc-face-pad\data\raw\celeba_spoof\SpoofingData\012343.jpg,012343,photo,1,0.9914799928665161,1,1
C:\Users\Zander Truong\Documents\coding\ekyc-face-pad\data\raw\celeba_spoof\SpoofingData\015341.jpg,015341,photo,1,0.9292035698890686,1,1
C:\Users\Zander Truong\Documents\coding\ekyc-face-pad\data\raw\celeba_spoof\SpoofingData\014851.jpg,014851,bona_fide,0,7.995819942152593e-06,0,1
C:\Users\Zander Truong\Documents\coding\ekyc-face-pad\data\raw\celeba_spoof\SpoofingData\003845.jpg,003845,photo,1,0.9850984811782837,1,1
C:\Users\Zander Truong\Documents\coding\ekyc-face-pad\data\raw\celeba_spoof\SpoofingData\009891.jpg,009891,photo,1,0.986652672290802,1,1
C:\Users\Zander Truong\Documents\coding\ekyc-face-pad\data\raw\celeba_spoof\SpoofingData\000070.jpg,000070,bona_fide,0,0.37366536259651184,0,1
C:\Users\Zander Truong\Documents\coding\ekyc-face-pad\data\raw\celeba_spoof\SpoofingData\005029.jpg,005029,photo,1,0.9999868869781494,1,1
C:\Users\Zander Truong\Documents\coding\ekyc-face-pad\data\raw\celeba_spoof\SpoofingData\008726.jpg,008726,bona_fide,0,0.15449084341526031,0,1
C:\Users\Zander Truong\Documents\coding\ekyc-face-pad\data\raw\celeba_spoof\SpoofingData\015150.jpg,015150,photo,1,0.9752951264381409,1,1
C:\Users\Zander Truong\Documents\coding\ekyc-face-pad\data\raw\celeba_spoof\SpoofingData\012274.jpg,012274,bona_fide,0,0.15774479508399963,0,1
C:\Users\Zander Truong\Documents\coding\ekyc-face-pad\data\raw\celeba_spoof\SpoofingData\006538.jpg,006538,photo,1,0.9998012185096741,1,1
C:\Users\Zander Truong\Documents\coding\ekyc-face-pad\data\raw\celeba_spoof\SpoofingData\004386.jpg,004386,photo,1,0.9648928642272949,1,1
C:\Users\Zander Truong\Documents\coding\ekyc-face-pad\data\raw\celeba_spoof\SpoofingData\005964.jpg,005964,photo,1,0.9986844658851624,1,1
C:\Users\Zander Truong\Documents\coding\ekyc-face-pad\data\raw\celeba_spoof\SpoofingData\014116.jpg,014116,photo,1,0.922912061214447,1,1
C:\Users\Zander Truong\Documents\coding\ekyc-face-pad\data\raw\celeba_spoof\SpoofingData\006721.jpg,006721,photo,1,0.9906187653541565,1,1
C:\Users\Zander Truong\Documents\coding\ekyc-face-pad\data\raw\celeba_spoof\SpoofingData\005878.jpg,005878,photo,1,0.9999797344207764,1,1
C:\Users\Zander Truong\Documents\coding\ekyc-face-pad\data\raw\celeba_spoof\SpoofingData\007821.jpg,007821,photo,1,0.9991080164909363,1,1
C:\Users\Zander Truong\Documents\coding\ekyc-face-pad\data\raw\celeba_spoof\SpoofingData\006574.jpg,006574,photo,1,0.915868878364563,1,1
C:\Users\Zander Truong\Documents\coding\ekyc-face-pad\data\raw\celeba_spoof\SpoofingData\015768.jpg,015768,photo,1,0.9921707510948181,1,1
C:\Users\Zander Truong\Documents\coding\ekyc-face-pad\data\raw\celeba_spoof\SpoofingData\015025.jpg,015025,photo,1,0.9857725501060486,1,1
C:\Users\Zander Truong\Documents\coding\ekyc-face-pad\data\raw\celeba_spoof\SpoofingData\017670.jpg,017670,photo,1,0.999640941619873,1,1
C:\Users\Zander Truong\Documents\coding\ekyc-face-pad\data\raw\celeba_spoof\SpoofingData\003281.jpg,003281,photo,1,0.9839881062507629,1,1
C:\Users\Zander Truong\Documents\coding\ekyc-face-pad\data\raw\celeba_spoof\SpoofingData\005232.jpg,005232,photo,1,0.9310035109519958,1,1
C:\Users\Zander Truong\Documents\coding\ekyc-face-pad\data\raw\celeba_spoof\SpoofingData\001016.jpg,001016,photo,1,0.9267818331718445,1,1
C:\Users\Zander Truong\Documents\coding\ekyc-face-pad\data\raw\celeba_spoof\SpoofingData\001017.jpg,001017,photo,1,0.9957333207130432,1,1
C:\Users\Zander Truong\Documents\coding\ekyc-face-pad\data\raw\celeba_spoof\SpoofingData\000406.jpg,000406,bona_fide,0,0.24734929203987122,0,1
C:\Users\Zander Truong\Documents\coding\ekyc-face-pad\data\raw\celeba_spoof\SpoofingData\003205.jpg,003205,photo,1,0.7268259525299072,1,1
C:\Users\Zander Truong\Documents\coding\ekyc-face-pad\data\raw\celeba_spoof\SpoofingData\010435.jpg,010435,bona_fide,0,0.00035925410338677466,0,1
C:\Users\Zander Truong\Documents\coding\ekyc-face-pad\data\raw\celeba_spoof\SpoofingData\013681.jpg,013681,photo,1,0.9762287735939026,1,1
C:\Users\Zander Truong\Documents\coding\ekyc-face-pad\data\raw\celeba_spoof\SpoofingData\015347.jpg,015347,bona_fide,0,0.1494339555501938,0,1
C:\Users\Zander Truong\Documents\coding\ekyc-face-pad\data\raw\celeba_spoof\SpoofingData\008455.jpg,008455,photo,1,0.9799214601516724,1,1
C:\Users\Zander Truong\Documents\coding\ekyc-face-pad\data\raw\celeba_spoof\SpoofingData\002748.jpg,002748,photo,1,0.9983164072036743,1,1
C:\Users\Zander Truong\Documents\coding\ekyc-face-pad\data\raw\celeba_spoof\SpoofingData\016619.jpg,016619,bona_fide,0,4.961049853591248e-06,0,1
C:\Users\Zander Truong\Documents\coding\ekyc-face-pad\data\raw\celeba_spoof\SpoofingData\013525.jpg,013525,photo,1,0.9999855756759644,1,1
C:\Users\Zander Truong\Documents\coding\ekyc-face-pad\data\raw\celeba_spoof\SpoofingData\005239.jpg,005239,bona_fide,0,0.1464461088180542,0,1
C:\Users\Zander Truong\Documents\coding\ekyc-face-pad\data\raw\celeba_spoof\SpoofingData\007527.jpg,007527,photo,1,0.9996063113212585,1,1
C:\Users\Zander Truong\Documents\coding\ekyc-face-pad\data\raw\celeba_spoof\SpoofingData\016172.jpg,016172,photo,1,0.971561074256897,1,1
C:\Users\Zander Truong\Documents\coding\ekyc-face-pad\data\raw\celeba_spoof\SpoofingData\005214.jpg,005214,photo,1,0.6324201226234436,1,1
C:\Users\Zander Truong\Documents\coding\ekyc-face-pad\data\raw\celeba_spoof\SpoofingData\009796.jpg,009796,photo,1,0.9999865293502808,1,1
C:\Users\Zander Truong\Documents\coding\ekyc-face-pad\data\raw\celeba_spoof\SpoofingData\016528.jpg,016528,photo,1,0.8335406184196472,1,1
C:\Users\Zander Truong\Documents\coding\ekyc-face-pad\data\raw\celeba_spoof\SpoofingData\008014.jpg,008014,bona_fide,0,0.00020479784870985895,0,1
C:\Users\Zander Truong\Documents\coding\ekyc-face-pad\data\raw\celeba_spoof\SpoofingData\006293.jpg,006293,photo,1,0.9994500279426575,1,1
C:\Users\Zander Truong\Documents\coding\ekyc-face-pad\data\raw\celeba_spoof\SpoofingData\014229.jpg,014229,bona_fide,0,0.001465782057493925,0,1
C:\Users\Zander Truong\Documents\coding\ekyc-face-pad\data\raw\celeba_spoof\SpoofingData\006868.jpg,006868,photo,1,0.9439483880996704,1,1
C:\Users\Zander Truong\Documents\coding\ekyc-face-pad\data\raw\celeba_spoof\SpoofingData\004994.jpg,004994,photo,1,0.018096158280968666,0,0
C:\Users\Zander Truong\Documents\coding\ekyc-face-pad\data\raw\celeba_spoof\SpoofingData\000647.jpg,000647,bona_fide,0,0.9994763731956482,1,0
C:\Users\Zander Truong\Documents\coding\ekyc-face-pad\data\raw\celeba_spoof\SpoofingData\001522.jpg,001522,photo,1,0.924273669719696,1,1
C:\Users\Zander Truong\Documents\coding\ekyc-face-pad\data\raw\celeba_spoof\SpoofingData\015869.jpg,015869,bona_fide,0,0.9832878708839417,1,0
C:\Users\Zander Truong\Documents\coding\ekyc-face-pad\data\raw\celeba_spoof\SpoofingData\013706.jpg,013706,bona_fide,0,0.02365957573056221,0,1
C:\Users\Zander Truong\Documents\coding\ekyc-face-pad\data\raw\celeba_spoof\SpoofingData\008406.jpg,008406,photo,1,0.9998596906661987,1,1
C:\Users\Zander Truong\Documents\coding\ekyc-face-pad\data\raw\celeba_spoof\SpoofingData\012807.jpg,012807,photo,1,0.7790849804878235,1,1
C:\Users\Zander Truong\Documents\coding\ekyc-face-pad\data\raw\celeba_spoof\SpoofingData\006929.jpg,006929,photo,1,0.9860571622848511,1,1
C:\Users\Zander Truong\Documents\coding\ekyc-face-pad\data\raw\celeba_spoof\SpoofingData\007748.jpg,007748,photo,1,0.9888441562652588,1,1
C:\Users\Zander Truong\Documents\coding\ekyc-face-pad\data\raw\celeba_spoof\SpoofingData\002484.jpg,002484,photo,1,0.5818459391593933,1,1
C:\Users\Zander Truong\Documents\coding\ekyc-face-pad\data\raw\celeba_spoof\SpoofingData\015766.jpg,015766,bona_fide,0,0.9633839726448059,1,0
C:\Users\Zander Truong\Documents\coding\ekyc-face-pad\data\raw\celeba_spoof\SpoofingData\014929.jpg,014929,photo,1,0.9945634007453918,1,1
C:\Users\Zander Truong\Documents\coding\ekyc-face-pad\data\raw\celeba_spoof\SpoofingData\006614.jpg,006614,photo,1,0.9776942729949951,1,1
C:\Users\Zander Truong\Documents\coding\ekyc-face-pad\data\raw\celeba_spoof\SpoofingData\008261.jpg,008261,photo,1,0.9999873638153076,1,1
C:\Users\Zander Truong\Documents\coding\ekyc-face-pad\data\raw\celeba_spoof\SpoofingData\014589.jpg,014589,photo,1,0.9999101161956787,1,1
C:\Users\Zander Truong\Documents\coding\ekyc-face-pad\data\raw\celeba_spoof\SpoofingData\004479.jpg,004479,bona_fide,0,0.030096067115664482,0,1
C:\Users\Zander Truong\Documents\coding\ekyc-face-pad\data\raw\celeba_spoof\SpoofingData\012454.jpg,012454,bona_fide,0,0.04948308691382408,0,1
C:\Users\Zander Truong\Documents\coding\ekyc-face-pad\data\raw\celeba_spoof\SpoofingData\009944.jpg,009944,photo,1,0.6296632289886475,1,1
C:\Users\Zander Truong\Documents\coding\ekyc-face-pad\data\raw\celeba_spoof\SpoofingData\002003.jpg,002003,photo,1,0.9606625437736511,1,1
C:\Users\Zander Truong\Documents\coding\ekyc-face-pad\data\raw\celeba_spoof\SpoofingData\017895.jpg,017895,photo,1,0.994975209236145,1,1
C:\Users\Zander Truong\Documents\coding\ekyc-face-pad\data\raw\celeba_spoof\SpoofingData\004555.jpg,004555,photo,1,0.9999939203262329,1,1
C:\Users\Zander Truong\Documents\coding\ekyc-face-pad\data\raw\celeba_spoof\SpoofingData\006742.jpg,006742,photo,1,0.9981555342674255,1,1
C:\Users\Zander Truong\Documents\coding\ekyc-face-pad\data\raw\celeba_spoof\SpoofingData\014356.jpg,014356,bona_fide,0,0.8583188652992249,1,0
C:\Users\Zander Truong\Documents\coding\ekyc-face-pad\data\raw\celeba_spoof\SpoofingData\011087.jpg,011087,photo,1,0.9996629953384399,1,1
C:\Users\Zander Truong\Documents\coding\ekyc-face-pad\data\raw\celeba_spoof\SpoofingData\013825.jpg,013825,photo,1,0.9899551868438721,1,1
C:\Users\Zander Truong\Documents\coding\ekyc-face-pad\data\raw\celeba_spoof\SpoofingData\008653.jpg,008653,photo,1,0.999188244342804,1,1
C:\Users\Zander Truong\Documents\coding\ekyc-face-pad\data\raw\celeba_spoof\SpoofingData\001490.jpg,001490,photo,1,0.9845884442329407,1,1
C:\Users\Zander Truong\Documents\coding\ekyc-face-pad\data\raw\celeba_spoof\SpoofingData\005773.jpg,005773,photo,1,0.9905677437782288,1,1
C:\Users\Zander Truong\Documents\coding\ekyc-face-pad\data\raw\celeba_spoof\SpoofingData\015580.jpg,015580,photo,1,0.49923810362815857,0,0
C:\Users\Zander Truong\Documents\coding\ekyc-face-pad\data\raw\celeba_spoof\SpoofingData\013694.jpg,013694,photo,1,0.9999316930770874,1,1
C:\Users\Zander Truong\Documents\coding\ekyc-face-pad\data\raw\celeba_spoof\SpoofingData\011060.jpg,011060,photo,1,0.9551330804824829,1,1
C:\Users\Zander Truong\Documents\coding\ekyc-face-pad\data\raw\celeba_spoof\SpoofingData\012415.jpg,012415,bona_fide,0,0.3689577877521515,0,1
C:\Users\Zander Truong\Documents\coding\ekyc-face-pad\data\raw\celeba_spoof\SpoofingData\002557.jpg,002557,bona_fide,0,0.2978782653808594,0,1
C:\Users\Zander Truong\Documents\coding\ekyc-face-pad\data\raw\celeba_spoof\SpoofingData\013288.jpg,013288,photo,1,0.9993914365768433,1,1
C:\Users\Zander Truong\Documents\coding\ekyc-face-pad\data\raw\celeba_spoof\SpoofingData\009314.jpg,009314,photo,1,0.9024703502655029,1,1
C:\Users\Zander Truong\Documents\coding\ekyc-face-pad\data\raw\celeba_spoof\SpoofingData\010184.jpg,010184,photo,1,0.9927147030830383,1,1
C:\Users\Zander Truong\Documents\coding\ekyc-face-pad\data\raw\celeba_spoof\SpoofingData\001657.jpg,001657,bona_fide,0,0.0038539371453225613,0,1
C:\Users\Zander Truong\Documents\coding\ekyc-face-pad\data\raw\celeba_spoof\SpoofingData\006575.jpg,006575,bona_fide,0,0.0062471237033605576,0,1
C:\Users\Zander Truong\Documents\coding\ekyc-face-pad\data\raw\celeba_spoof\SpoofingData\002304.jpg,002304,photo,1,0.9037796258926392,1,1
C:\Users\Zander Truong\Documents\coding\ekyc-face-pad\data\raw\celeba_spoof\SpoofingData\016542.jpg,016542,bona_fide,0,0.35832417011260986,0,1
C:\Users\Zander Truong\Documents\coding\ekyc-face-pad\data\raw\celeba_spoof\SpoofingData\003476.jpg,003476,bona_fide,0,0.011662675067782402,0,1
C:\Users\Zander Truong\Documents\coding\ekyc-face-pad\data\raw\celeba_spoof\SpoofingData\008113.jpg,008113,bona_fide,0,0.2713063061237335,0,1
C:\Users\Zander Truong\Documents\coding\ekyc-face-pad\data\raw\celeba_spoof\SpoofingData\007822.jpg,007822,photo,1,0.973997950553894,1,1
C:\Users\Zander Truong\Documents\coding\ekyc-face-pad\data\raw\celeba_spoof\SpoofingData\015886.jpg,015886,photo,1,0.9996365308761597,1,1
C:\Users\Zander Truong\Documents\coding\ekyc-face-pad\data\raw\celeba_spoof\SpoofingData\011027.jpg,011027,photo,1,0.9908865690231323,1,1
C:\Users\Zander Truong\Documents\coding\ekyc-face-pad\data\raw\celeba_spoof\SpoofingData\000130.jpg,000130,photo,1,0.9330511093139648,1,1
C:\Users\Zander Truong\Documents\coding\ekyc-face-pad\data\raw\celeba_spoof\SpoofingData\007184.jpg,007184,photo,1,0.9999833106994629,1,1
C:\Users\Zander Truong\Documents\coding\ekyc-face-pad\data\raw\celeba_spoof\SpoofingData\004832.jpg,004832,photo,1,0.9991297125816345,1,1
C:\Users\Zander Truong\Documents\coding\ekyc-face-pad\data\raw\celeba_spoof\SpoofingData\013783.jpg,013783,photo,1,0.9985558390617371,1,1
C:\Users\Zander Truong\Documents\coding\ekyc-face-pad\data\raw\celeba_spoof\SpoofingData\009516.jpg,009516,photo,1,0.9802547097206116,1,1
C:\Users\Zander Truong\Documents\coding\ekyc-face-pad\data\raw\celeba_spoof\SpoofingData\003654.jpg,003654,bona_fide,0,0.05107271671295166,0,1
C:\Users\Zander Truong\Documents\coding\ekyc-face-pad\data\raw\celeba_spoof\SpoofingData\012243.jpg,012243,photo,1,0.9997116923332214,1,1
C:\Users\Zander Truong\Documents\coding\ekyc-face-pad\data\raw\celeba_spoof\SpoofingData\007701.jpg,007701,bona_fide,0,0.008924654684960842,0,1
C:\Users\Zander Truong\Documents\coding\ekyc-face-pad\data\raw\celeba_spoof\SpoofingData\003543.jpg,003543,photo,1,0.9147104024887085,1,1
C:\Users\Zander Truong\Documents\coding\ekyc-face-pad\data\raw\celeba_spoof\SpoofingData\015312.jpg,015312,photo,1,0.9934329986572266,1,1
C:\Users\Zander Truong\Documents\coding\ekyc-face-pad\data\raw\celeba_spoof\SpoofingData\000810.jpg,000810,photo,1,0.9976493716239929,1,1
C:\Users\Zander Truong\Documents\coding\ekyc-face-pad\data\raw\celeba_spoof\SpoofingData\005678.jpg,005678,bona_fide,0,0.9929304122924805,1,0
C:\Users\Zander Truong\Documents\coding\ekyc-face-pad\data\raw\celeba_spoof\SpoofingData\014940.jpg,014940,bona_fide,0,0.0698108896613121,0,1
C:\Users\Zander Truong\Documents\coding\ekyc-face-pad\data\raw\celeba_spoof\SpoofingData\005463.jpg,005463,bona_fide,0,0.01716940850019455,0,1
C:\Users\Zander Truong\Documents\coding\ekyc-face-pad\data\raw\celeba_spoof\SpoofingData\002390.jpg,002390,bona_fide,0,0.9422999024391174,1,0
C:\Users\Zander Truong\Documents\coding\ekyc-face-pad\data\raw\celeba_spoof\SpoofingData\015224.jpg,015224,bona_fide,0,0.09363384544849396,0,1
C:\Users\Zander Truong\Documents\coding\ekyc-face-pad\data\raw\celeba_spoof\SpoofingData\008509.jpg,008509,photo,1,0.9995580315589905,1,1
C:\Users\Zander Truong\Documents\coding\ekyc-face-pad\data\raw\celeba_spoof\SpoofingData\015512.jpg,015512,bona_fide,0,0.35936567187309265,0,1
C:\Users\Zander Truong\Documents\coding\ekyc-face-pad\data\raw\celeba_spoof\SpoofingData\009493.jpg,009493,photo,1,0.9966970682144165,1,1
C:\Users\Zander Truong\Documents\coding\ekyc-face-pad\data\raw\celeba_spoof\SpoofingData\001369.jpg,001369,photo,1,0.9993335604667664,1,1
C:\Users\Zander Truong\Documents\coding\ekyc-face-pad\data\raw\celeba_spoof\SpoofingData\006021.jpg,006021,photo,1,0.9999979734420776,1,1
C:\Users\Zander Truong\Documents\coding\ekyc-face-pad\data\raw\celeba_spoof\SpoofingData\008589.jpg,008589,bona_fide,0,0.0015434855595231056,0,1
C:\Users\Zander Truong\Documents\coding\ekyc-face-pad\data\raw\celeba_spoof\SpoofingData\006243.jpg,006243,photo,1,0.9917899370193481,1,1
C:\Users\Zander Truong\Documents\coding\ekyc-face-pad\data\raw\celeba_spoof\SpoofingData\011616.jpg,011616,bona_fide,0,0.0008672823896631598,0,1
C:\Users\Zander Truong\Documents\coding\ekyc-face-pad\data\raw\celeba_spoof\SpoofingData\001784.jpg,001784,photo,1,0.9952887296676636,1,1
C:\Users\Zander Truong\Documents\coding\ekyc-face-pad\data\raw\celeba_spoof\SpoofingData\010640.jpg,010640,photo,1,0.5650233030319214,1,1
C:\Users\Zander Truong\Documents\coding\ekyc-face-pad\data\raw\celeba_spoof\SpoofingData\013680.jpg,013680,photo,1,0.9771077632904053,1,1
C:\Users\Zander Truong\Documents\coding\ekyc-face-pad\data\raw\celeba_spoof\SpoofingData\000812.jpg,000812,photo,1,0.6863020658493042,1,1
C:\Users\Zander Truong\Documents\coding\ekyc-face-pad\data\raw\celeba_spoof\SpoofingData\012625.jpg,012625,photo,1,0.9974222183227539,1,1
C:\Users\Zander Truong\Documents\coding\ekyc-face-pad\data\raw\celeba_spoof\SpoofingData\009339.jpg,009339,photo,1,0.9764894843101501,1,1
C:\Users\Zander Truong\Documents\coding\ekyc-face-pad\data\raw\celeba_spoof\SpoofingData\000612.jpg,000612,photo,1,0.716204822063446,1,1
C:\Users\Zander Truong\Documents\coding\ekyc-face-pad\data\raw\celeba_spoof\SpoofingData\000549.jpg,000549,bona_fide,0,0.07903651893138885,0,1
C:\Users\Zander Truong\Documents\coding\ekyc-face-pad\data\raw\celeba_spoof\SpoofingData\011239.jpg,011239,photo,1,0.9996817111968994,1,1
C:\Users\Zander Truong\Documents\coding\ekyc-face-pad\data\raw\celeba_spoof\SpoofingData\017412.jpg,017412,photo,1,0.9987921118736267,1,1
C:\Users\Zander Truong\Documents\coding\ekyc-face-pad\data\raw\celeba_spoof\SpoofingData\016864.jpg,016864,photo,1,0.9956629872322083,1,1
C:\Users\Zander Truong\Documents\coding\ekyc-face-pad\data\raw\celeba_spoof\SpoofingData\008966.jpg,008966,photo,1,0.891331136226654,1,1
C:\Users\Zander Truong\Documents\coding\ekyc-face-pad\data\raw\celeba_spoof\SpoofingData\016530.jpg,016530,bona_fide,0,0.14529573917388916,0,1
C:\Users\Zander Truong\Documents\coding\ekyc-face-pad\data\raw\celeba_spoof\SpoofingData\012982.jpg,012982,photo,1,0.9778720736503601,1,1
C:\Users\Zander Truong\Documents\coding\ekyc-face-pad\data\raw\celeba_spoof\SpoofingData\005320.jpg,005320,photo,1,0.9998807907104492,1,1
C:\Users\Zander Truong\Documents\coding\ekyc-face-pad\data\raw\celeba_spoof\SpoofingData\017439.jpg,017439,photo,1,0.9321559071540833,1,1
C:\Users\Zander Truong\Documents\coding\ekyc-face-pad\data\raw\celeba_spoof\SpoofingData\004916.jpg,004916,bona_fide,0,0.019199078902602196,0,1
C:\Users\Zander Truong\Documents\coding\ekyc-face-pad\data\raw\celeba_spoof\SpoofingData\010453.jpg,010453,bona_fide,0,0.0005775729659944773,0,1
C:\Users\Zander Truong\Documents\coding\ekyc-face-pad\data\raw\celeba_spoof\SpoofingData\013693.jpg,013693,photo,1,0.9999850988388062,1,1
C:\Users\Zander Truong\Documents\coding\ekyc-face-pad\data\raw\celeba_spoof\SpoofingData\005114.jpg,005114,photo,1,0.9988849759101868,1,1
C:\Users\Zander Truong\Documents\coding\ekyc-face-pad\data\raw\celeba_spoof\SpoofingData\017622.jpg,017622,bona_fide,0,0.13594014942646027,0,1
C:\Users\Zander Truong\Documents\coding\ekyc-face-pad\data\raw\celeba_spoof\SpoofingData\011352.jpg,011352,bona_fide,0,6.048159775673412e-05,0,1
C:\Users\Zander Truong\Documents\coding\ekyc-face-pad\data\raw\celeba_spoof\SpoofingData\000952.jpg,000952,photo,1,0.9919424057006836,1,1
C:\Users\Zander Truong\Documents\coding\ekyc-face-pad\data\raw\celeba_spoof\SpoofingData\015122.jpg,015122,bona_fide,0,0.6743409037590027,1,0
C:\Users\Zander Truong\Documents\coding\ekyc-face-pad\data\raw\celeba_spoof\SpoofingData\013769.jpg,013769,photo,1,0.9998880624771118,1,1
C:\Users\Zander Truong\Documents\coding\ekyc-face-pad\data\raw\celeba_spoof\SpoofingData\017950.jpg,017950,photo,1,0.974830687046051,1,1
C:\Users\Zander Truong\Documents\coding\ekyc-face-pad\data\raw\celeba_spoof\SpoofingData\005594.jpg,005594,photo,1,0.9996011853218079,1,1
C:\Users\Zander Truong\Documents\coding\ekyc-face-pad\data\raw\celeba_spoof\SpoofingData\017710.jpg,017710,bona_fide,0,0.2852379083633423,0,1
C:\Users\Zander Truong\Documents\coding\ekyc-face-pad\data\raw\celeba_spoof\SpoofingData\002408.jpg,002408,bona_fide,0,0.0038140718825161457,0,1
C:\Users\Zander Truong\Documents\coding\ekyc-face-pad\data\raw\celeba_spoof\SpoofingData\005040.jpg,005040,photo,1,0.3101740777492523,0,0
C:\Users\Zander Truong\Documents\coding\ekyc-face-pad\data\raw\celeba_spoof\SpoofingData\013221.jpg,013221,photo,1,0.9995829463005066,1,1
C:\Users\Zander Truong\Documents\coding\ekyc-face-pad\data\raw\celeba_spoof\SpoofingData\004871.jpg,004871,photo,1,0.9943158030509949,1,1
C:\Users\Zander Truong\Documents\coding\ekyc-face-pad\data\raw\celeba_spoof\SpoofingData\006199.jpg,006199,bona_fide,0,0.0002387476124567911,0,1
C:\Users\Zander Truong\Documents\coding\ekyc-face-pad\data\raw\celeba_spoof\SpoofingData\003907.jpg,003907,photo,1,0.9042170643806458,1,1
C:\Users\Zander Truong\Documents\coding\ekyc-face-pad\data\raw\celeba_spoof\SpoofingData\013561.jpg,013561,bona_fide,0,0.674811840057373,1,0
C:\Users\Zander Truong\Documents\coding\ekyc-face-pad\data\raw\celeba_spoof\SpoofingData\016557.jpg,016557,photo,1,0.9920362830162048,1,1
C:\Users\Zander Truong\Documents\coding\ekyc-face-pad\data\raw\celeba_spoof\SpoofingData\008998.jpg,008998,photo,1,0.9988547563552856,1,1
C:\Users\Zander Truong\Documents\coding\ekyc-face-pad\data\raw\celeba_spoof\SpoofingData\008255.jpg,008255,photo,1,0.9988183379173279,1,1
C:\Users\Zander Truong\Documents\coding\ekyc-face-pad\data\raw\celeba_spoof\SpoofingData\008234.jpg,008234,photo,1,0.9999542236328125,1,1
C:\Users\Zander Truong\Documents\coding\ekyc-face-pad\data\raw\celeba_spoof\SpoofingData\008486.jpg,008486,photo,1,0.994449257850647,1,1
C:\Users\Zander Truong\Documents\coding\ekyc-face-pad\data\raw\celeba_spoof\SpoofingData\001623.jpg,001623,bona_fide,0,0.000750526029150933,0,1
C:\Users\Zander Truong\Documents\coding\ekyc-face-pad\data\raw\celeba_spoof\SpoofingData\000193.jpg,000193,photo,1,0.7375131845474243,1,1
C:\Users\Zander Truong\Documents\coding\ekyc-face-pad\data\raw\celeba_spoof\SpoofingData\017095.jpg,017095,photo,1,0.9893923997879028,1,1
C:\Users\Zander Truong\Documents\coding\ekyc-face-pad\data\raw\celeba_spoof\SpoofingData\009733.jpg,009733,photo,1,0.988103449344635,1,1
C:\Users\Zander Truong\Documents\coding\ekyc-face-pad\data\raw\celeba_spoof\SpoofingData\012138.jpg,012138,photo,1,0.9740904569625854,1,1
C:\Users\Zander Truong\Documents\coding\ekyc-face-pad\data\raw\celeba_spoof\SpoofingData\006141.jpg,006141,photo,1,0.9633651375770569,1,1
C:\Users\Zander Truong\Documents\coding\ekyc-face-pad\data\raw\celeba_spoof\SpoofingData\012493.jpg,012493,photo,1,0.9952946305274963,1,1
C:\Users\Zander Truong\Documents\coding\ekyc-face-pad\data\raw\celeba_spoof\SpoofingData\012494.jpg,012494,photo,1,0.944588840007782,1,1
C:\Users\Zander Truong\Documents\coding\ekyc-face-pad\data\raw\celeba_spoof\SpoofingData\005649.jpg,005649,bona_fide,0,0.2738100588321686,0,1
C:\Users\Zander Truong\Documents\coding\ekyc-face-pad\data\raw\celeba_spoof\SpoofingData\017787.jpg,017787,photo,1,0.9995453953742981,1,1
C:\Users\Zander Truong\Documents\coding\ekyc-face-pad\data\raw\celeba_spoof\SpoofingData\006624.jpg,006624,photo,1,0.9976721405982971,1,1
C:\Users\Zander Truong\Documents\coding\ekyc-face-pad\data\raw\celeba_spoof\SpoofingData\007288.jpg,007288,photo,1,0.999539852142334,1,1
C:\Users\Zander Truong\Documents\coding\ekyc-face-pad\data\raw\celeba_spoof\SpoofingData\015603.jpg,015603,photo,1,0.9944987893104553,1,1
C:\Users\Zander Truong\Documents\coding\ekyc-face-pad\data\raw\celeba_spoof\SpoofingData\009095.jpg,009095,bona_fide,0,0.003547763917595148,0,1
C:\Users\Zander Truong\Documents\coding\ekyc-face-pad\data\raw\celeba_spoof\SpoofingData\003133.jpg,003133,photo,1,0.9888222217559814,1,1
C:\Users\Zander Truong\Documents\coding\ekyc-face-pad\data\raw\celeba_spoof\SpoofingData\005165.jpg,005165,photo,1,0.9931602478027344,1,1
C:\Users\Zander Truong\Documents\coding\ekyc-face-pad\data\raw\celeba_spoof\SpoofingData\008933.jpg,008933,photo,1,0.9997523427009583,1,1
C:\Users\Zander Truong\Documents\coding\ekyc-face-pad\data\raw\celeba_spoof\SpoofingData\017533.jpg,017533,photo,1,0.9171828031539917,1,1
C:\Users\Zander Truong\Documents\coding\ekyc-face-pad\data\raw\celeba_spoof\SpoofingData\006307.jpg,006307,photo,1,0.9998598098754883,1,1
C:\Users\Zander Truong\Documents\coding\ekyc-face-pad\data\raw\celeba_spoof\SpoofingData\003004.jpg,003004,photo,1,0.9972158670425415,1,1
C:\Users\Zander Truong\Documents\coding\ekyc-face-pad\data\raw\celeba_spoof\SpoofingData\017947.jpg,017947,bona_fide,0,0.202859565615654,0,1
C:\Users\Zander Truong\Documents\coding\ekyc-face-pad\data\raw\celeba_spoof\SpoofingData\012072.jpg,012072,bona_fide,0,0.015395085327327251,0,1
C:\Users\Zander Truong\Documents\coding\ekyc-face-pad\data\raw\celeba_spoof\SpoofingData\012811.jpg,012811,bona_fide,0,0.0010774466209113598,0,1
C:\Users\Zander Truong\Documents\coding\ekyc-face-pad\data\raw\celeba_spoof\SpoofingData\012086.jpg,012086,photo,1,0.9984136819839478,1,1
C:\Users\Zander Truong\Documents\coding\ekyc-face-pad\data\raw\celeba_spoof\SpoofingData\002604.jpg,002604,photo,1,0.9562187790870667,1,1
C:\Users\Zander Truong\Documents\coding\ekyc-face-pad\data\raw\celeba_spoof\SpoofingData\002253.jpg,002253,bona_fide,0,0.5643712878227234,1,0
C:\Users\Zander Truong\Documents\coding\ekyc-face-pad\data\raw\celeba_spoof\SpoofingData\008156.jpg,008156,photo,1,0.9994142055511475,1,1
C:\Users\Zander Truong\Documents\coding\ekyc-face-pad\data\raw\celeba_spoof\SpoofingData\011935.jpg,011935,photo,1,0.9884633421897888,1,1
C:\Users\Zander Truong\Documents\coding\ekyc-face-pad\data\raw\celeba_spoof\SpoofingData\015638.jpg,015638,photo,1,0.999858021736145,1,1
C:\Users\Zander Truong\Documents\coding\ekyc-face-pad\data\raw\celeba_spoof\SpoofingData\005882.jpg,005882,photo,1,0.9961280226707458,1,1
C:\Users\Zander Truong\Documents\coding\ekyc-face-pad\data\raw\celeba_spoof\SpoofingData\006079.jpg,006079,photo,1,0.9871614575386047,1,1
C:\Users\Zander Truong\Documents\coding\ekyc-face-pad\data\raw\celeba_spoof\SpoofingData\001244.jpg,001244,photo,1,0.9967897534370422,1,1
C:\Users\Zander Truong\Documents\coding\ekyc-face-pad\data\raw\celeba_spoof\SpoofingData\000489.jpg,000489,photo,1,0.9980144500732422,1,1
C:\Users\Zander Truong\Documents\coding\ekyc-face-pad\data\raw\celeba_spoof\SpoofingData\000788.jpg,000788,photo,1,0.9402367472648621,1,1
C:\Users\Zander Truong\Documents\coding\ekyc-face-pad\data\raw\celeba_spoof\SpoofingData\001004.jpg,001004,photo,1,0.9982378482818604,1,1
C:\Users\Zander Truong\Documents\coding\ekyc-face-pad\data\raw\celeba_spoof\SpoofingData\011642.jpg,011642,bona_fide,0,0.0005840648664161563,0,1
C:\Users\Zander Truong\Documents\coding\ekyc-face-pad\data\raw\celeba_spoof\SpoofingData\015576.jpg,015576,photo,1,0.9851891994476318,1,1
C:\Users\Zander Truong\Documents\coding\ekyc-face-pad\data\raw\celeba_spoof\SpoofingData\011777.jpg,011777,photo,1,0.9829205870628357,1,1
C:\Users\Zander Truong\Documents\coding\ekyc-face-pad\data\raw\celeba_spoof\SpoofingData\016448.jpg,016448,photo,1,0.9997356534004211,1,1
C:\Users\Zander Truong\Documents\coding\ekyc-face-pad\data\raw\celeba_spoof\SpoofingData\008819.jpg,008819,bona_fide,0,0.6296015977859497,1,0
C:\Users\Zander Truong\Documents\coding\ekyc-face-pad\data\raw\celeba_spoof\SpoofingData\012842.jpg,012842,bona_fide,0,0.0020101871341466904,0,1
C:\Users\Zander Truong\Documents\coding\ekyc-face-pad\data\raw\celeba_spoof\SpoofingData\017393.jpg,017393,bona_fide,0,0.041576772928237915,0,1
C:\Users\Zander Truong\Documents\coding\ekyc-face-pad\data\raw\celeba_spoof\SpoofingData\008068.jpg,008068,photo,1,0.7072149515151978,1,1
C:\Users\Zander Truong\Documents\coding\ekyc-face-pad\data\raw\celeba_spoof\SpoofingData\010092.jpg,010092,photo,1,0.9997386336326599,1,1
C:\Users\Zander Truong\Documents\coding\ekyc-face-pad\data\raw\celeba_spoof\SpoofingData\017897.jpg,017897,bona_fide,0,0.003648029640316963,0,1
C:\Users\Zander Truong\Documents\coding\ekyc-face-pad\data\raw\celeba_spoof\SpoofingData\006698.jpg,006698,photo,1,0.9644739627838135,1,1
C:\Users\Zander Truong\Documents\coding\ekyc-face-pad\data\raw\celeba_spoof\SpoofingData\001548.jpg,001548,bona_fide,0,0.00012388243339955807,0,1
C:\Users\Zander Truong\Documents\coding\ekyc-face-pad\data\raw\celeba_spoof\SpoofingData\008236.jpg,008236,photo,1,0.800237774848938,1,1
C:\Users\Zander Truong\Documents\coding\ekyc-face-pad\data\raw\celeba_spoof\SpoofingData\002719.jpg,002719,bona_fide,0,0.0004998584627173841,0,1
C:\Users\Zander Truong\Documents\coding\ekyc-face-pad\data\raw\celeba_spoof\SpoofingData\010259.jpg,010259,bona_fide,0,0.04270985722541809,0,1
C:\Users\Zander Truong\Documents\coding\ekyc-face-pad\data\raw\celeba_spoof\SpoofingData\007331.jpg,007331,photo,1,0.9983806610107422,1,1
C:\Users\Zander Truong\Documents\coding\ekyc-face-pad\data\raw\celeba_spoof\SpoofingData\000857.jpg,000857,photo,1,0.9988553524017334,1,1
C:\Users\Zander Truong\Documents\coding\ekyc-face-pad\data\raw\celeba_spoof\SpoofingData\001258.jpg,001258,bona_fide,0,0.3918658494949341,0,1
C:\Users\Zander Truong\Documents\coding\ekyc-face-pad\data\raw\celeba_spoof\SpoofingData\001331.jpg,001331,photo,1,0.1208195835351944,0,0
C:\Users\Zander Truong\Documents\coding\ekyc-face-pad\data\raw\celeba_spoof\SpoofingData\002481.jpg,002481,bona_fide,0,0.002175951609387994,0,1
C:\Users\Zander Truong\Documents\coding\ekyc-face-pad\data\raw\celeba_spoof\SpoofingData\003497.jpg,003497,photo,1,0.7830093502998352,1,1
C:\Users\Zander Truong\Documents\coding\ekyc-face-pad\data\raw\celeba_spoof\SpoofingData\017368.jpg,017368,photo,1,0.029806550592184067,0,0
C:\Users\Zander Truong\Documents\coding\ekyc-face-pad\data\raw\celeba_spoof\SpoofingData\001567.jpg,001567,photo,1,0.999976396560669,1,1
C:\Users\Zander Truong\Documents\coding\ekyc-face-pad\data\raw\celeba_spoof\SpoofingData\002879.jpg,002879,photo,1,0.9388313293457031,1,1
C:\Users\Zander Truong\Documents\coding\ekyc-face-pad\data\raw\celeba_spoof\SpoofingData\000300.jpg,000300,bona_fide,0,1.2244131539773662e-06,0,1
C:\Users\Zander Truong\Documents\coding\ekyc-face-pad\data\raw\celeba_spoof\SpoofingData\002255.jpg,002255,photo,1,0.9990487694740295,1,1
C:\Users\Zander Truong\Documents\coding\ekyc-face-pad\data\raw\celeba_spoof\SpoofingData\017421.jpg,017421,photo,1,0.9958106279373169,1,1
C:\Users\Zander Truong\Documents\coding\ekyc-face-pad\data\raw\celeba_spoof\SpoofingData\009369.jpg,009369,bona_fide,0,0.0005686924559995532,0,1
C:\Users\Zander Truong\Documents\coding\ekyc-face-pad\data\raw\celeba_spoof\SpoofingData\009617.jpg,009617,photo,1,0.9928914308547974,1,1
C:\Users\Zander Truong\Documents\coding\ekyc-face-pad\data\raw\celeba_spoof\SpoofingData\004865.jpg,004865,photo,1,0.9821433424949646,1,1
C:\Users\Zander Truong\Documents\coding\ekyc-face-pad\data\raw\celeba_spoof\SpoofingData\012739.jpg,012739,photo,1,0.999983549118042,1,1
C:\Users\Zander Truong\Documents\coding\ekyc-face-pad\data\raw\celeba_spoof\SpoofingData\008352.jpg,008352,photo,1,0.5112688541412354,1,1
C:\Users\Zander Truong\Documents\coding\ekyc-face-pad\data\raw\celeba_spoof\SpoofingData\006751.jpg,006751,photo,1,0.9989805817604065,1,1
C:\Users\Zander Truong\Documents\coding\ekyc-face-pad\data\raw\celeba_spoof\SpoofingData\003890.jpg,003890,photo,1,0.9972817897796631,1,1
C:\Users\Zander Truong\Documents\coding\ekyc-face-pad\data\raw\celeba_spoof\SpoofingData\011001.jpg,011001,photo,1,0.9999797344207764,1,1
C:\Users\Zander Truong\Documents\coding\ekyc-face-pad\data\raw\celeba_spoof\SpoofingData\005248.jpg,005248,photo,1,0.8919957280158997,1,1
C:\Users\Zander Truong\Documents\coding\ekyc-face-pad\data\raw\celeba_spoof\SpoofingData\003659.jpg,003659,photo,1,0.537279486656189,1,1
C:\Users\Zander Truong\Documents\coding\ekyc-face-pad\data\raw\celeba_spoof\SpoofingData\002184.jpg,002184,photo,1,0.9723727107048035,1,1
C:\Users\Zander Truong\Documents\coding\ekyc-face-pad\data\raw\celeba_spoof\SpoofingData\003438.jpg,003438,photo,1,0.9726449251174927,1,1
C:\Users\Zander Truong\Documents\coding\ekyc-face-pad\data\raw\celeba_spoof\SpoofingData\006691.jpg,006691,bona_fide,0,0.9920951724052429,1,0
C:\Users\Zander Truong\Documents\coding\ekyc-face-pad\data\raw\celeba_spoof\SpoofingData\010719.jpg,010719,bona_fide,0,0.0016292553627863526,0,1
C:\Users\Zander Truong\Documents\coding\ekyc-face-pad\data\raw\celeba_spoof\SpoofingData\010043.jpg,010043,photo,1,0.9997758269309998,1,1
C:\Users\Zander Truong\Documents\coding\ekyc-face-pad\data\raw\celeba_spoof\SpoofingData\008520.jpg,008520,photo,1,0.9934892654418945,1,1
C:\Users\Zander Truong\Documents\coding\ekyc-face-pad\data\raw\celeba_spoof\SpoofingData\011722.jpg,011722,photo,1,0.9996066689491272,1,1
C:\Users\Zander Truong\Documents\coding\ekyc-face-pad\data\raw\celeba_spoof\SpoofingData\009239.jpg,009239,photo,1,0.9999719858169556,1,1
C:\Users\Zander Truong\Documents\coding\ekyc-face-pad\data\raw\celeba_spoof\SpoofingData\002157.jpg,002157,bona_fide,0,0.0005343939992599189,0,1
C:\Users\Zander Truong\Documents\coding\ekyc-face-pad\data\raw\celeba_spoof\SpoofingData\007754.jpg,007754,photo,1,0.9999151229858398,1,1
C:\Users\Zander Truong\Documents\coding\ekyc-face-pad\data\raw\celeba_spoof\SpoofingData\015939.jpg,015939,photo,1,0.5235670208930969,1,1
C:\Users\Zander Truong\Documents\coding\ekyc-face-pad\data\raw\celeba_spoof\SpoofingData\009679.jpg,009679,bona_fide,0,0.003872866276651621,0,1
C:\Users\Zander Truong\Documents\coding\ekyc-face-pad\data\raw\celeba_spoof\SpoofingData\011714.jpg,011714,photo,1,0.9984971284866333,1,1
C:\Users\Zander Truong\Documents\coding\ekyc-face-pad\data\raw\celeba_spoof\SpoofingData\002448.jpg,002448,bona_fide,0,0.9673402309417725,1,0
C:\Users\Zander Truong\Documents\coding\ekyc-face-pad\data\raw\celeba_spoof\SpoofingData\016179.jpg,016179,photo,1,0.9905316829681396,1,1
C:\Users\Zander Truong\Documents\coding\ekyc-face-pad\data\raw\celeba_spoof\SpoofingData\008283.jpg,008283,photo,1,0.999783456325531,1,1
C:\Users\Zander Truong\Documents\coding\ekyc-face-pad\data\raw\celeba_spoof\SpoofingData\003931.jpg,003931,photo,1,0.9910780787467957,1,1
C:\Users\Zander Truong\Documents\coding\ekyc-face-pad\data\raw\celeba_spoof\SpoofingData\001118.jpg,001118,photo,1,0.9999366998672485,1,1
C:\Users\Zander Truong\Documents\coding\ekyc-face-pad\data\raw\celeba_spoof\SpoofingData\004348.jpg,004348,photo,1,0.7463926076889038,1,1
C:\Users\Zander Truong\Documents\coding\ekyc-face-pad\data\raw\celeba_spoof\SpoofingData\017240.jpg,017240,photo,1,0.17046304047107697,0,0
C:\Users\Zander Truong\Documents\coding\ekyc-face-pad\data\raw\celeba_spoof\SpoofingData\009195.jpg,009195,photo,1,0.9996371269226074,1,1
C:\Users\Zander Truong\Documents\coding\ekyc-face-pad\data\raw\celeba_spoof\SpoofingData\015758.jpg,015758,bona_fide,0,0.01464881468564272,0,1
C:\Users\Zander Truong\Documents\coding\ekyc-face-pad\data\raw\celeba_spoof\SpoofingData\006616.jpg,006616,photo,1,0.9989221096038818,1,1
C:\Users\Zander Truong\Documents\coding\ekyc-face-pad\data\raw\celeba_spoof\SpoofingData\017250.jpg,017250,photo,1,0.9936158657073975,1,1
C:\Users\Zander Truong\Documents\coding\ekyc-face-pad\data\raw\celeba_spoof\SpoofingData\003596.jpg,003596,photo,1,0.8828099966049194,1,1
C:\Users\Zander Truong\Documents\coding\ekyc-face-pad\data\raw\celeba_spoof\SpoofingData\000968.jpg,000968,photo,1,0.9976835250854492,1,1
C:\Users\Zander Truong\Documents\coding\ekyc-face-pad\data\raw\celeba_spoof\SpoofingData\016257.jpg,016257,photo,1,0.9911714196205139,1,1
C:\Users\Zander Truong\Documents\coding\ekyc-face-pad\data\raw\celeba_spoof\SpoofingData\000339.jpg,000339,photo,1,0.8910384774208069,1,1
C:\Users\Zander Truong\Documents\coding\ekyc-face-pad\data\raw\celeba_spoof\SpoofingData\017118.jpg,017118,bona_fide,0,4.218754838802852e-05,0,1
C:\Users\Zander Truong\Documents\coding\ekyc-face-pad\data\raw\celeba_spoof\SpoofingData\001096.jpg,001096,bona_fide,0,0.006389420013874769,0,1
C:\Users\Zander Truong\Documents\coding\ekyc-face-pad\data\raw\celeba_spoof\SpoofingData\014214.jpg,014214,bona_fide,0,0.7160983681678772,1,0
C:\Users\Zander Truong\Documents\coding\ekyc-face-pad\data\raw\celeba_spoof\SpoofingData\013216.jpg,013216,photo,1,0.9930180311203003,1,1
C:\Users\Zander Truong\Documents\coding\ekyc-face-pad\data\raw\celeba_spoof\SpoofingData\007878.jpg,007878,bona_fide,0,0.2633396089076996,0,1
C:\Users\Zander Truong\Documents\coding\ekyc-face-pad\data\raw\celeba_spoof\SpoofingData\006506.jpg,006506,photo,1,0.9999912977218628,1,1
C:\Users\Zander Truong\Documents\coding\ekyc-face-pad\data\raw\celeba_spoof\SpoofingData\008915.jpg,008915,bona_fide,0,0.017725709825754166,0,1
C:\Users\Zander Truong\Documents\coding\ekyc-face-pad\data\raw\celeba_spoof\SpoofingData\002351.jpg,002351,photo,1,0.9690856337547302,1,1
C:\Users\Zander Truong\Documents\coding\ekyc-face-pad\data\raw\celeba_spoof\SpoofingData\011805.jpg,011805,photo,1,0.9995736479759216,1,1
C:\Users\Zander Truong\Documents\coding\ekyc-face-pad\data\raw\celeba_spoof\SpoofingData\002139.jpg,002139,bona_fide,0,0.027628708630800247,0,1
C:\Users\Zander Truong\Documents\coding\ekyc-face-pad\data\raw\celeba_spoof\SpoofingData\007255.jpg,007255,photo,1,0.9945389628410339,1,1
C:\Users\Zander Truong\Documents\coding\ekyc-face-pad\data\raw\celeba_spoof\SpoofingData\001468.jpg,001468,photo,1,0.5297881960868835,1,1
C:\Users\Zander Truong\Documents\coding\ekyc-face-pad\data\raw\celeba_spoof\SpoofingData\000371.jpg,000371,photo,1,0.9954975843429565,1,1
C:\Users\Zander Truong\Documents\coding\ekyc-face-pad\data\raw\celeba_spoof\SpoofingData\008670.jpg,008670,photo,1,0.9954598546028137,1,1
C:\Users\Zander Truong\Documents\coding\ekyc-face-pad\data\raw\celeba_spoof\SpoofingData\007041.jpg,007041,photo,1,0.9257645606994629,1,1
C:\Users\Zander Truong\Documents\coding\ekyc-face-pad\data\raw\celeba_spoof\SpoofingData\003383.jpg,003383,photo,1,0.99824059009552,1,1
C:\Users\Zander Truong\Documents\coding\ekyc-face-pad\data\raw\celeba_spoof\SpoofingData\012110.jpg,012110,photo,1,0.9958391189575195,1,1
C:\Users\Zander Truong\Documents\coding\ekyc-face-pad\data\raw\celeba_spoof\SpoofingData\007316.jpg,007316,bona_fide,0,0.006096995901316404,0,1
C:\Users\Zander Truong\Documents\coding\ekyc-face-pad\data\raw\celeba_spoof\SpoofingData\015257.jpg,015257,photo,1,0.9928231239318848,1,1
C:\Users\Zander Truong\Documents\coding\ekyc-face-pad\data\raw\celeba_spoof\SpoofingData\004668.jpg,004668,photo,1,0.9993625283241272,1,1
C:\Users\Zander Truong\Documents\coding\ekyc-face-pad\data\raw\celeba_spoof\SpoofingData\012754.jpg,012754,bona_fide,0,0.0693209245800972,0,1
C:\Users\Zander Truong\Documents\coding\ekyc-face-pad\data\raw\celeba_spoof\SpoofingData\013703.jpg,013703,bona_fide,0,0.18895426392555237,0,1
C:\Users\Zander Truong\Documents\coding\ekyc-face-pad\data\raw\celeba_spoof\SpoofingData\010980.jpg,010980,bona_fide,0,0.5812270641326904,1,0
C:\Users\Zander Truong\Documents\coding\ekyc-face-pad\data\raw\celeba_spoof\SpoofingData\009324.jpg,009324,bona_fide,0,0.0073323859833180904,0,1
C:\Users\Zander Truong\Documents\coding\ekyc-face-pad\data\raw\celeba_spoof\SpoofingData\013014.jpg,013014,bona_fide,0,0.02653185836970806,0,1
C:\Users\Zander Truong\Documents\coding\ekyc-face-pad\data\raw\celeba_spoof\SpoofingData\015706.jpg,015706,photo,1,0.9826992750167847,1,1
C:\Users\Zander Truong\Documents\coding\ekyc-face-pad\data\raw\celeba_spoof\SpoofingData\009674.jpg,009674,photo,1,0.9961005449295044,1,1
C:\Users\Zander Truong\Documents\coding\ekyc-face-pad\data\raw\celeba_spoof\SpoofingData\016453.jpg,016453,photo,1,0.9999473094940186,1,1
C:\Users\Zander Truong\Documents\coding\ekyc-face-pad\data\raw\celeba_spoof\SpoofingData\002732.jpg,002732,photo,1,0.9997841715812683,1,1
C:\Users\Zander Truong\Documents\coding\ekyc-face-pad\data\raw\celeba_spoof\SpoofingData\013225.jpg,013225,photo,1,0.11387079209089279,0,0
C:\Users\Zander Truong\Documents\coding\ekyc-face-pad\data\raw\celeba_spoof\SpoofingData\012953.jpg,012953,photo,1,0.9983769655227661,1,1
C:\Users\Zander Truong\Documents\coding\ekyc-face-pad\data\raw\celeba_spoof\SpoofingData\005238.jpg,005238,bona_fide,0,0.002521451795473695,0,1
C:\Users\Zander Truong\Documents\coding\ekyc-face-pad\data\raw\celeba_spoof\SpoofingData\004715.jpg,004715,photo,1,0.9944368600845337,1,1
C:\Users\Zander Truong\Documents\coding\ekyc-face-pad\data\raw\celeba_spoof\SpoofingData\017175.jpg,017175,photo,1,0.998956561088562,1,1
C:\Users\Zander Truong\Documents\coding\ekyc-face-pad\data\raw\celeba_spoof\SpoofingData\003498.jpg,003498,photo,1,0.9628574848175049,1,1
C:\Users\Zander Truong\Documents\coding\ekyc-face-pad\data\raw\celeba_spoof\SpoofingData\001608.jpg,001608,photo,1,0.4965496063232422,0,0
C:\Users\Zander Truong\Documents\coding\ekyc-face-pad\data\raw\celeba_spoof\SpoofingData\007444.jpg,007444,photo,1,0.3137508034706116,0,0
C:\Users\Zander Truong\Documents\coding\ekyc-face-pad\data\raw\celeba_spoof\SpoofingData\017192.jpg,017192,photo,1,0.9999912977218628,1,1
C:\Users\Zander Truong\Documents\coding\ekyc-face-pad\data\raw\celeba_spoof\SpoofingData\009377.jpg,009377,photo,1,0.9999874830245972,1,1
C:\Users\Zander Truong\Documents\coding\ekyc-face-pad\data\raw\celeba_spoof\SpoofingData\001969.jpg,001969,photo,1,0.9933679699897766,1,1
C:\Users\Zander Truong\Documents\coding\ekyc-face-pad\data\raw\celeba_spoof\SpoofingData\001270.jpg,001270,photo,1,0.9535690546035767,1,1
C:\Users\Zander Truong\Documents\coding\ekyc-face-pad\data\raw\celeba_spoof\SpoofingData\005687.jpg,005687,photo,1,0.9998879432678223,1,1
C:\Users\Zander Truong\Documents\coding\ekyc-face-pad\data\raw\celeba_spoof\SpoofingData\004821.jpg,004821,bona_fide,0,0.01717349700629711,0,1
C:\Users\Zander Truong\Documents\coding\ekyc-face-pad\data\raw\celeba_spoof\SpoofingData\011619.jpg,011619,bona_fide,0,0.7711777687072754,1,0
C:\Users\Zander Truong\Documents\coding\ekyc-face-pad\data\raw\celeba_spoof\SpoofingData\009702.jpg,009702,photo,1,0.9606384634971619,1,1
C:\Users\Zander Truong\Documents\coding\ekyc-face-pad\data\raw\celeba_spoof\SpoofingData\006720.jpg,006720,bona_fide,0,0.0004592032346408814,0,1
C:\Users\Zander Truong\Documents\coding\ekyc-face-pad\data\raw\celeba_spoof\SpoofingData\015297.jpg,015297,bona_fide,0,7.822181942174211e-06,0,1
C:\Users\Zander Truong\Documents\coding\ekyc-face-pad\data\raw\celeba_spoof\SpoofingData\012979.jpg,012979,photo,1,0.9989014863967896,1,1
C:\Users\Zander Truong\Documents\coding\ekyc-face-pad\data\raw\celeba_spoof\SpoofingData\002446.jpg,002446,photo,1,0.0231323204934597,0,0
C:\Users\Zander Truong\Documents\coding\ekyc-face-pad\data\raw\celeba_spoof\SpoofingData\008246.jpg,008246,bona_fide,0,0.0002826914715114981,0,1
C:\Users\Zander Truong\Documents\coding\ekyc-face-pad\data\raw\celeba_spoof\SpoofingData\001948.jpg,001948,photo,1,0.9997767806053162,1,1
C:\Users\Zander Truong\Documents\coding\ekyc-face-pad\data\raw\celeba_spoof\SpoofingData\002558.jpg,002558,bona_fide,0,0.2562820315361023,0,1
C:\Users\Zander Truong\Documents\coding\ekyc-face-pad\data\raw\celeba_spoof\SpoofingData\009503.jpg,009503,photo,1,0.9836561679840088,1,1
C:\Users\Zander Truong\Documents\coding\ekyc-face-pad\data\raw\celeba_spoof\SpoofingData\004005.jpg,004005,bona_fide,0,1.3399002455116715e-05,0,1
C:\Users\Zander Truong\Documents\coding\ekyc-face-pad\data\raw\celeba_spoof\SpoofingData\017288.jpg,017288,photo,1,0.9993188381195068,1,1
C:\Users\Zander Truong\Documents\coding\ekyc-face-pad\data\raw\celeba_spoof\SpoofingData\014531.jpg,014531,bona_fide,0,0.1316090077161789,0,1
C:\Users\Zander Truong\Documents\coding\ekyc-face-pad\data\raw\celeba_spoof\SpoofingData\002976.jpg,002976,photo,1,0.9986302852630615,1,1
C:\Users\Zander Truong\Documents\coding\ekyc-face-pad\data\raw\celeba_spoof\SpoofingData\012340.jpg,012340,photo,1,0.9587951302528381,1,1
C:\Users\Zander Truong\Documents\coding\ekyc-face-pad\data\raw\celeba_spoof\SpoofingData\017143.jpg,017143,bona_fide,0,0.0011234242701902986,0,1
C:\Users\Zander Truong\Documents\coding\ekyc-face-pad\data\raw\celeba_spoof\SpoofingData\014770.jpg,014770,photo,1,0.9976580142974854,1,1
C:\Users\Zander Truong\Documents\coding\ekyc-face-pad\data\raw\celeba_spoof\SpoofingData\017039.jpg,017039,bona_fide,0,0.027192141860723495,0,1
C:\Users\Zander Truong\Documents\coding\ekyc-face-pad\data\raw\celeba_spoof\SpoofingData\014082.jpg,014082,bona_fide,0,3.100575850112364e-05,0,1
C:\Users\Zander Truong\Documents\coding\ekyc-face-pad\data\raw\celeba_spoof\SpoofingData\011682.jpg,011682,photo,1,0.9976963400840759,1,1
C:\Users\Zander Truong\Documents\coding\ekyc-face-pad\data\raw\celeba_spoof\SpoofingData\008443.jpg,008443,bona_fide,0,0.19918274879455566,0,1
C:\Users\Zander Truong\Documents\coding\ekyc-face-pad\data\raw\celeba_spoof\SpoofingData\012876.jpg,012876,bona_fide,0,0.48386216163635254,0,1
C:\Users\Zander Truong\Documents\coding\ekyc-face-pad\data\raw\celeba_spoof\SpoofingData\014000.jpg,014000,photo,1,0.9795469641685486,1,1
C:\Users\Zander Truong\Documents\coding\ekyc-face-pad\data\raw\celeba_spoof\SpoofingData\008391.jpg,008391,photo,1,0.9561484456062317,1,1
C:\Users\Zander Truong\Documents\coding\ekyc-face-pad\data\raw\celeba_spoof\SpoofingData\016428.jpg,016428,photo,1,0.973016083240509,1,1
C:\Users\Zander Truong\Documents\coding\ekyc-face-pad\data\raw\celeba_spoof\SpoofingData\015537.jpg,015537,photo,1,0.9880608320236206,1,1
C:\Users\Zander Truong\Documents\coding\ekyc-face-pad\data\raw\celeba_spoof\SpoofingData\004137.jpg,004137,photo,1,0.8091342449188232,1,1
C:\Users\Zander Truong\Documents\coding\ekyc-face-pad\data\raw\celeba_spoof\SpoofingData\000729.jpg,000729,photo,1,0.9209778308868408,1,1
C:\Users\Zander Truong\Documents\coding\ekyc-face-pad\data\raw\celeba_spoof\SpoofingData\013077.jpg,013077,photo,1,0.9952444434165955,1,1
C:\Users\Zander Truong\Documents\coding\ekyc-face-pad\data\raw\celeba_spoof\SpoofingData\013092.jpg,013092,photo,1,0.998426079750061,1,1
C:\Users\Zander Truong\Documents\coding\ekyc-face-pad\data\raw\celeba_spoof\SpoofingData\001775.jpg,001775,photo,1,0.9924312829971313,1,1
C:\Users\Zander Truong\Documents\coding\ekyc-face-pad\data\raw\celeba_spoof\SpoofingData\006295.jpg,006295,photo,1,0.9998706579208374,1,1
C:\Users\Zander Truong\Documents\coding\ekyc-face-pad\data\raw\celeba_spoof\SpoofingData\009479.jpg,009479,photo,1,0.9900978803634644,1,1
C:\Users\Zander Truong\Documents\coding\ekyc-face-pad\data\raw\celeba_spoof\SpoofingData\012735.jpg,012735,photo,1,0.9990543723106384,1,1
C:\Users\Zander Truong\Documents\coding\ekyc-face-pad\data\raw\celeba_spoof\SpoofingData\006067.jpg,006067,photo,1,0.9999593496322632,1,1
C:\Users\Zander Truong\Documents\coding\ekyc-face-pad\data\raw\celeba_spoof\SpoofingData\011412.jpg,011412,bona_fide,0,0.0015079302247613668,0,1
C:\Users\Zander Truong\Documents\coding\ekyc-face-pad\data\raw\celeba_spoof\SpoofingData\016152.jpg,016152,photo,1,0.9769963622093201,1,1
C:\Users\Zander Truong\Documents\coding\ekyc-face-pad\data\raw\celeba_spoof\SpoofingData\000511.jpg,000511,bona_fide,0,0.002373248338699341,0,1
C:\Users\Zander Truong\Documents\coding\ekyc-face-pad\data\raw\celeba_spoof\SpoofingData\001592.jpg,001592,photo,1,0.9917969703674316,1,1
C:\Users\Zander Truong\Documents\coding\ekyc-face-pad\data\raw\celeba_spoof\SpoofingData\011230.jpg,011230,bona_fide,0,0.00019110321591142565,0,1
C:\Users\Zander Truong\Documents\coding\ekyc-face-pad\data\raw\celeba_spoof\SpoofingData\008907.jpg,008907,bona_fide,0,0.006815308704972267,0,1
C:\Users\Zander Truong\Documents\coding\ekyc-face-pad\data\raw\celeba_spoof\SpoofingData\003491.jpg,003491,photo,1,0.7355210781097412,1,1
C:\Users\Zander Truong\Documents\coding\ekyc-face-pad\data\raw\celeba_spoof\SpoofingData\007877.jpg,007877,photo,1,0.9084868431091309,1,1
C:\Users\Zander Truong\Documents\coding\ekyc-face-pad\data\raw\celeba_spoof\SpoofingData\006902.jpg,006902,bona_fide,0,0.0021217763423919678,0,1
C:\Users\Zander Truong\Documents\coding\ekyc-face-pad\data\raw\celeba_spoof\SpoofingData\016771.jpg,016771,photo,1,0.9997890591621399,1,1
C:\Users\Zander Truong\Documents\coding\ekyc-face-pad\data\raw\celeba_spoof\SpoofingData\014555.jpg,014555,bona_fide,0,0.005306375212967396,0,1
C:\Users\Zander Truong\Documents\coding\ekyc-face-pad\data\raw\celeba_spoof\SpoofingData\003683.jpg,003683,photo,1,0.9335615634918213,1,1
C:\Users\Zander Truong\Documents\coding\ekyc-face-pad\data\raw\celeba_spoof\SpoofingData\013463.jpg,013463,photo,1,0.9992803931236267,1,1
C:\Users\Zander Truong\Documents\coding\ekyc-face-pad\data\raw\celeba_spoof\SpoofingData\002759.jpg,002759,photo,1,0.999045193195343,1,1
C:\Users\Zander Truong\Documents\coding\ekyc-face-pad\data\raw\celeba_spoof\SpoofingData\004350.jpg,004350,photo,1,0.999996542930603,1,1
C:\Users\Zander Truong\Documents\coding\ekyc-face-pad\data\raw\celeba_spoof\SpoofingData\002440.jpg,002440,photo,1,0.6859610676765442,1,1
C:\Users\Zander Truong\Documents\coding\ekyc-face-pad\data\raw\celeba_spoof\SpoofingData\012401.jpg,012401,photo,1,0.9879578948020935,1,1
C:\Users\Zander Truong\Documents\coding\ekyc-face-pad\data\raw\celeba_spoof\SpoofingData\000449.jpg,000449,photo,1,0.9889125823974609,1,1
C:\Users\Zander Truong\Documents\coding\ekyc-face-pad\data\raw\celeba_spoof\SpoofingData\004796.jpg,004796,photo,1,0.9990298748016357,1,1
C:\Users\Zander Truong\Documents\coding\ekyc-face-pad\data\raw\celeba_spoof\SpoofingData\009938.jpg,009938,bona_fide,0,0.00027650961419567466,0,1
C:\Users\Zander Truong\Documents\coding\ekyc-face-pad\data\raw\celeba_spoof\SpoofingData\001850.jpg,001850,bona_fide,0,0.219917431473732,0,1
C:\Users\Zander Truong\Documents\coding\ekyc-face-pad\data\raw\celeba_spoof\SpoofingData\017859.jpg,017859,photo,1,0.9940575361251831,1,1
C:\Users\Zander Truong\Documents\coding\ekyc-face-pad\data\raw\celeba_spoof\SpoofingData\011864.jpg,011864,photo,1,0.9817371368408203,1,1
C:\Users\Zander Truong\Documents\coding\ekyc-face-pad\data\raw\celeba_spoof\SpoofingData\011432.jpg,011432,photo,1,0.9969828724861145,1,1
C:\Users\Zander Truong\Documents\coding\ekyc-face-pad\data\raw\celeba_spoof\SpoofingData\007854.jpg,007854,bona_fide,0,7.071967411320657e-05,0,1
C:\Users\Zander Truong\Documents\coding\ekyc-face-pad\data\raw\celeba_spoof\SpoofingData\003539.jpg,003539,photo,1,0.9971987009048462,1,1
C:\Users\Zander Truong\Documents\coding\ekyc-face-pad\data\raw\celeba_spoof\SpoofingData\017631.jpg,017631,photo,1,0.9807336330413818,1,1
C:\Users\Zander Truong\Documents\coding\ekyc-face-pad\data\raw\celeba_spoof\SpoofingData\000828.jpg,000828,photo,1,0.0017773668514564633,0,0
C:\Users\Zander Truong\Documents\coding\ekyc-face-pad\data\raw\celeba_spoof\SpoofingData\004755.jpg,004755,photo,1,0.9401476979255676,1,1
C:\Users\Zander Truong\Documents\coding\ekyc-face-pad\data\raw\celeba_spoof\SpoofingData\016314.jpg,016314,photo,1,0.9199129343032837,1,1
C:\Users\Zander Truong\Documents\coding\ekyc-face-pad\data\raw\celeba_spoof\SpoofingData\008376.jpg,008376,bona_fide,0,0.0001572006003698334,0,1
C:\Users\Zander Truong\Documents\coding\ekyc-face-pad\data\raw\celeba_spoof\SpoofingData\015446.jpg,015446,photo,1,0.9999399185180664,1,1
C:\Users\Zander Truong\Documents\coding\ekyc-face-pad\data\raw\celeba_spoof\SpoofingData\017445.jpg,017445,photo,1,0.9996738433837891,1,1
C:\Users\Zander Truong\Documents\coding\ekyc-face-pad\data\raw\celeba_spoof\SpoofingData\001247.jpg,001247,photo,1,0.9998832941055298,1,1
C:\Users\Zander Truong\Documents\coding\ekyc-face-pad\data\raw\celeba_spoof\SpoofingData\013299.jpg,013299,bona_fide,0,0.00654861144721508,0,1
C:\Users\Zander Truong\Documents\coding\ekyc-face-pad\data\raw\celeba_spoof\SpoofingData\014618.jpg,014618,bona_fide,0,0.0014510604087263346,0,1
C:\Users\Zander Truong\Documents\coding\ekyc-face-pad\data\raw\celeba_spoof\SpoofingData\010173.jpg,010173,photo,1,0.8167049288749695,1,1
C:\Users\Zander Truong\Documents\coding\ekyc-face-pad\data\raw\celeba_spoof\SpoofingData\015936.jpg,015936,photo,1,0.9921833872795105,1,1
C:\Users\Zander Truong\Documents\coding\ekyc-face-pad\data\raw\celeba_spoof\SpoofingData\003850.jpg,003850,photo,1,0.17666304111480713,0,0
C:\Users\Zander Truong\Documents\coding\ekyc-face-pad\data\raw\celeba_spoof\SpoofingData\005380.jpg,005380,photo,1,0.999997615814209,1,1
C:\Users\Zander Truong\Documents\coding\ekyc-face-pad\data\raw\celeba_spoof\SpoofingData\009573.jpg,009573,photo,1,0.9979909658432007,1,1
C:\Users\Zander Truong\Documents\coding\ekyc-face-pad\data\raw\celeba_spoof\SpoofingData\002133.jpg,002133,photo,1,0.999988317489624,1,1
C:\Users\Zander Truong\Documents\coding\ekyc-face-pad\data\raw\celeba_spoof\SpoofingData\003701.jpg,003701,photo,1,0.53229159116745,1,1
C:\Users\Zander Truong\Documents\coding\ekyc-face-pad\data\raw\celeba_spoof\SpoofingData\003347.jpg,003347,bona_fide,0,2.0126688013988314e-06,0,1
C:\Users\Zander Truong\Documents\coding\ekyc-face-pad\data\raw\celeba_spoof\SpoofingData\002130.jpg,002130,bona_fide,0,0.04491853713989258,0,1
C:\Users\Zander Truong\Documents\coding\ekyc-face-pad\data\raw\celeba_spoof\SpoofingData\011520.jpg,011520,bona_fide,0,1.5568581147817895e-05,0,1
C:\Users\Zander Truong\Documents\coding\ekyc-face-pad\data\raw\celeba_spoof\SpoofingData\010650.jpg,010650,bona_fide,0,0.000824086251668632,0,1
C:\Users\Zander Truong\Documents\coding\ekyc-face-pad\data\raw\celeba_spoof\SpoofingData\014422.jpg,014422,bona_fide,0,0.001560980686917901,0,1
C:\Users\Zander Truong\Documents\coding\ekyc-face-pad\data\raw\celeba_spoof\SpoofingData\008429.jpg,008429,photo,1,0.9773284196853638,1,1
C:\Users\Zander Truong\Documents\coding\ekyc-face-pad\data\raw\celeba_spoof\SpoofingData\000380.jpg,000380,photo,1,0.778619110584259,1,1
C:\Users\Zander Truong\Documents\coding\ekyc-face-pad\data\raw\celeba_spoof\SpoofingData\016736.jpg,016736,photo,1,0.9940853118896484,1,1
C:\Users\Zander Truong\Documents\coding\ekyc-face-pad\data\raw\celeba_spoof\SpoofingData\013271.jpg,013271,bona_fide,0,0.0008518832619301975,0,1
C:\Users\Zander Truong\Documents\coding\ekyc-face-pad\data\raw\celeba_spoof\SpoofingData\011833.jpg,011833,photo,1,0.8849235773086548,1,1
C:\Users\Zander Truong\Documents\coding\ekyc-face-pad\data\raw\celeba_spoof\SpoofingData\008038.jpg,008038,photo,1,0.9995846152305603,1,1
C:\Users\Zander Truong\Documents\coding\ekyc-face-pad\data\raw\celeba_spoof\SpoofingData\003627.jpg,003627,bona_fide,0,0.5043139457702637,1,0
C:\Users\Zander Truong\Documents\coding\ekyc-face-pad\data\raw\celeba_spoof\SpoofingData\013212.jpg,013212,bona_fide,0,5.8331752370577306e-05,0,1
C:\Users\Zander Truong\Documents\coding\ekyc-face-pad\data\raw\celeba_spoof\SpoofingData\002204.jpg,002204,photo,1,0.9999111890792847,1,1
C:\Users\Zander Truong\Documents\coding\ekyc-face-pad\data\raw\celeba_spoof\SpoofingData\010463.jpg,010463,bona_fide,0,0.446132630109787,0,1
C:\Users\Zander Truong\Documents\coding\ekyc-face-pad\data\raw\celeba_spoof\SpoofingData\000749.jpg,000749,photo,1,0.959138035774231,1,1
C:\Users\Zander Truong\Documents\coding\ekyc-face-pad\data\raw\celeba_spoof\SpoofingData\009171.jpg,009171,photo,1,0.9995582699775696,1,1
C:\Users\Zander Truong\Documents\coding\ekyc-face-pad\data\raw\celeba_spoof\SpoofingData\003050.jpg,003050,photo,1,0.9914237856864929,1,1
C:\Users\Zander Truong\Documents\coding\ekyc-face-pad\data\raw\celeba_spoof\SpoofingData\003149.jpg,003149,photo,1,0.9861219525337219,1,1
C:\Users\Zander Truong\Documents\coding\ekyc-face-pad\data\raw\celeba_spoof\SpoofingData\007064.jpg,007064,photo,1,0.998881995677948,1,1
C:\Users\Zander Truong\Documents\coding\ekyc-face-pad\data\raw\celeba_spoof\SpoofingData\005457.jpg,005457,photo,1,0.9940431714057922,1,1
C:\Users\Zander Truong\Documents\coding\ekyc-face-pad\data\raw\celeba_spoof\SpoofingData\017883.jpg,017883,bona_fide,0,0.007579306606203318,0,1
C:\Users\Zander Truong\Documents\coding\ekyc-face-pad\data\raw\celeba_spoof\SpoofingData\017914.jpg,017914,photo,1,0.014131358824670315,0,0
C:\Users\Zander Truong\Documents\coding\ekyc-face-pad\data\raw\celeba_spoof\SpoofingData\012762.jpg,012762,bona_fide,0,9.807359310798347e-05,0,1
C:\Users\Zander Truong\Documents\coding\ekyc-face-pad\data\raw\celeba_spoof\SpoofingData\015407.jpg,015407,bona_fide,0,8.82704189280048e-05,0,1
C:\Users\Zander Truong\Documents\coding\ekyc-face-pad\data\raw\celeba_spoof\SpoofingData\010362.jpg,010362,photo,1,0.9983977675437927,1,1
C:\Users\Zander Truong\Documents\coding\ekyc-face-pad\data\raw\celeba_spoof\SpoofingData\000451.jpg,000451,photo,1,0.18751086294651031,0,0
C:\Users\Zander Truong\Documents\coding\ekyc-face-pad\data\raw\celeba_spoof\SpoofingData\016214.jpg,016214,photo,1,0.9165939092636108,1,1
C:\Users\Zander Truong\Documents\coding\ekyc-face-pad\data\raw\celeba_spoof\SpoofingData\014458.jpg,014458,bona_fide,0,0.0008598312269896269,0,1
C:\Users\Zander Truong\Documents\coding\ekyc-face-pad\data\raw\celeba_spoof\SpoofingData\007761.jpg,007761,photo,1,0.02962934784591198,0,0
C:\Users\Zander Truong\Documents\coding\ekyc-face-pad\data\raw\celeba_spoof\SpoofingData\003358.jpg,003358,photo,1,0.9754307866096497,1,1
C:\Users\Zander Truong\Documents\coding\ekyc-face-pad\data\raw\celeba_spoof\SpoofingData\015029.jpg,015029,bona_fide,0,0.012946070171892643,0,1
C:\Users\Zander Truong\Documents\coding\ekyc-face-pad\data\raw\celeba_spoof\SpoofingData\011585.jpg,011585,photo,1,0.9986076951026917,1,1
C:\Users\Zander Truong\Documents\coding\ekyc-face-pad\data\raw\celeba_spoof\SpoofingData\014941.jpg,014941,bona_fide,0,0.10780002176761627,0,1
C:\Users\Zander Truong\Documents\coding\ekyc-face-pad\data\raw\celeba_spoof\SpoofingData\001545.jpg,001545,bona_fide,0,0.1237216368317604,0,1
C:\Users\Zander Truong\Documents\coding\ekyc-face-pad\data\raw\celeba_spoof\SpoofingData\007595.jpg,007595,bona_fide,0,0.0007775815902277827,0,1
C:\Users\Zander Truong\Documents\coding\ekyc-face-pad\data\raw\celeba_spoof\SpoofingData\012068.jpg,012068,photo,1,0.9999709129333496,1,1
C:\Users\Zander Truong\Documents\coding\ekyc-face-pad\data\raw\celeba_spoof\SpoofingData\014185.jpg,014185,bona_fide,0,0.0003295080969110131,0,1
C:\Users\Zander Truong\Documents\coding\ekyc-face-pad\data\raw\celeba_spoof\SpoofingData\000354.jpg,000354,photo,1,0.8402398824691772,1,1
C:\Users\Zander Truong\Documents\coding\ekyc-face-pad\data\raw\celeba_spoof\SpoofingData\016628.jpg,016628,bona_fide,0,0.012909026816487312,0,1
C:\Users\Zander Truong\Documents\coding\ekyc-face-pad\data\raw\celeba_spoof\SpoofingData\016210.jpg,016210,bona_fide,0,0.15634140372276306,0,1
C:\Users\Zander Truong\Documents\coding\ekyc-face-pad\data\raw\celeba_spoof\SpoofingData\004249.jpg,004249,bona_fide,0,0.00011634746624622494,0,1
C:\Users\Zander Truong\Documents\coding\ekyc-face-pad\data\raw\celeba_spoof\SpoofingData\009924.jpg,009924,photo,1,0.9996660947799683,1,1
C:\Users\Zander Truong\Documents\coding\ekyc-face-pad\data\raw\celeba_spoof\SpoofingData\012932.jpg,012932,bona_fide,0,0.0006696140044368804,0,1
C:\Users\Zander Truong\Documents\coding\ekyc-face-pad\data\raw\celeba_spoof\SpoofingData\002653.jpg,002653,photo,1,0.6068520545959473,1,1
C:\Users\Zander Truong\Documents\coding\ekyc-face-pad\data\raw\celeba_spoof\SpoofingData\010842.jpg,010842,photo,1,0.974477231502533,1,1
C:\Users\Zander Truong\Documents\coding\ekyc-face-pad\data\raw\celeba_spoof\SpoofingData\004503.jpg,004503,photo,1,0.999723494052887,1,1
C:\Users\Zander Truong\Documents\coding\ekyc-face-pad\data\raw\celeba_spoof\SpoofingData\010444.jpg,010444,photo,1,0.9880245327949524,1,1
C:\Users\Zander Truong\Documents\coding\ekyc-face-pad\data\raw\celeba_spoof\SpoofingData\005335.jpg,005335,photo,1,0.5194562673568726,1,1
C:\Users\Zander Truong\Documents\coding\ekyc-face-pad\data\raw\celeba_spoof\SpoofingData\013187.jpg,013187,photo,1,0.9996262788772583,1,1
C:\Users\Zander Truong\Documents\coding\ekyc-face-pad\data\raw\celeba_spoof\SpoofingData\004153.jpg,004153,photo,1,0.9999815225601196,1,1
C:\Users\Zander Truong\Documents\coding\ekyc-face-pad\data\raw\celeba_spoof\SpoofingData\009690.jpg,009690,bona_fide,0,0.0020462877582758665,0,1
C:\Users\Zander Truong\Documents\coding\ekyc-face-pad\data\raw\celeba_spoof\SpoofingData\012858.jpg,012858,photo,1,0.9999126195907593,1,1
C:\Users\Zander Truong\Documents\coding\ekyc-face-pad\data\raw\celeba_spoof\SpoofingData\002984.jpg,002984,photo,1,0.9620727896690369,1,1
C:\Users\Zander Truong\Documents\coding\ekyc-face-pad\data\raw\celeba_spoof\SpoofingData\013408.jpg,013408,bona_fide,0,0.20464810729026794,0,1
C:\Users\Zander Truong\Documents\coding\ekyc-face-pad\data\raw\celeba_spoof\SpoofingData\012789.jpg,012789,photo,1,0.9958254098892212,1,1
C:\Users\Zander Truong\Documents\coding\ekyc-face-pad\data\raw\celeba_spoof\SpoofingData\016512.jpg,016512,photo,1,0.9034240245819092,1,1
C:\Users\Zander Truong\Documents\coding\ekyc-face-pad\data\raw\celeba_spoof\SpoofingData\007280.jpg,007280,photo,1,0.9999978542327881,1,1
C:\Users\Zander Truong\Documents\coding\ekyc-face-pad\data\raw\celeba_spoof\SpoofingData\004603.jpg,004603,bona_fide,0,0.04362958297133446,0,1
C:\Users\Zander Truong\Documents\coding\ekyc-face-pad\data\raw\celeba_spoof\SpoofingData\012383.jpg,012383,photo,1,0.9796198010444641,1,1
C:\Users\Zander Truong\Documents\coding\ekyc-face-pad\data\raw\celeba_spoof\SpoofingData\001556.jpg,001556,bona_fide,0,0.05718069151043892,0,1
C:\Users\Zander Truong\Documents\coding\ekyc-face-pad\data\raw\celeba_spoof\SpoofingData\003690.jpg,003690,photo,1,0.5147311091423035,1,1
C:\Users\Zander Truong\Documents\coding\ekyc-face-pad\data\raw\celeba_spoof\SpoofingData\009082.jpg,009082,bona_fide,0,0.0003992224228568375,0,1
C:\Users\Zander Truong\Documents\coding\ekyc-face-pad\data\raw\celeba_spoof\SpoofingData\010570.jpg,010570,photo,1,0.96624356508255,1,1
C:\Users\Zander Truong\Documents\coding\ekyc-face-pad\data\raw\celeba_spoof\SpoofingData\011806.jpg,011806,bona_fide,0,0.016220994293689728,0,1
C:\Users\Zander Truong\Documents\coding\ekyc-face-pad\data\raw\celeba_spoof\SpoofingData\006386.jpg,006386,photo,1,0.9637155532836914,1,1
C:\Users\Zander Truong\Documents\coding\ekyc-face-pad\data\raw\celeba_spoof\SpoofingData\014904.jpg,014904,bona_fide,0,0.00018438944243825972,0,1
C:\Users\Zander Truong\Documents\coding\ekyc-face-pad\data\raw\celeba_spoof\SpoofingData\011147.jpg,011147,photo,1,0.9923256635665894,1,1
C:\Users\Zander Truong\Documents\coding\ekyc-face-pad\data\raw\celeba_spoof\SpoofingData\003622.jpg,003622,bona_fide,0,0.24233168363571167,0,1
C:\Users\Zander Truong\Documents\coding\ekyc-face-pad\data\raw\celeba_spoof\SpoofingData\000158.jpg,000158,photo,1,0.9999719858169556,1,1
C:\Users\Zander Truong\Documents\coding\ekyc-face-pad\data\raw\celeba_spoof\SpoofingData\017300.jpg,017300,photo,1,0.9833645224571228,1,1
C:\Users\Zander Truong\Documents\coding\ekyc-face-pad\data\raw\celeba_spoof\SpoofingData\008016.jpg,008016,photo,1,0.9995357990264893,1,1
C:\Users\Zander Truong\Documents\coding\ekyc-face-pad\data\raw\celeba_spoof\SpoofingData\010854.jpg,010854,photo,1,0.9996914863586426,1,1
C:\Users\Zander Truong\Documents\coding\ekyc-face-pad\data\raw\celeba_spoof\SpoofingData\001921.jpg,001921,bona_fide,0,3.511083559715189e-05,0,1
C:\Users\Zander Truong\Documents\coding\ekyc-face-pad\data\raw\celeba_spoof\SpoofingData\007032.jpg,007032,bona_fide,0,0.9741241931915283,1,0
C:\Users\Zander Truong\Documents\coding\ekyc-face-pad\data\raw\celeba_spoof\SpoofingData\000715.jpg,000715,photo,1,0.9952719807624817,1,1
C:\Users\Zander Truong\Documents\coding\ekyc-face-pad\data\raw\celeba_spoof\SpoofingData\012968.jpg,012968,photo,1,0.9999281167984009,1,1
C:\Users\Zander Truong\Documents\coding\ekyc-face-pad\data\raw\celeba_spoof\SpoofingData\017497.jpg,017497,bona_fide,0,0.5832776427268982,1,0
C:\Users\Zander Truong\Documents\coding\ekyc-face-pad\data\raw\celeba_spoof\SpoofingData\015433.jpg,015433,bona_fide,0,0.013476748950779438,0,1
C:\Users\Zander Truong\Documents\coding\ekyc-face-pad\data\raw\celeba_spoof\SpoofingData\005506.jpg,005506,bona_fide,0,0.01118550170212984,0,1
C:\Users\Zander Truong\Documents\coding\ekyc-face-pad\data\raw\celeba_spoof\SpoofingData\012615.jpg,012615,photo,1,0.9920246601104736,1,1
C:\Users\Zander Truong\Documents\coding\ekyc-face-pad\data\raw\celeba_spoof\SpoofingData\009288.jpg,009288,bona_fide,0,0.8680424690246582,1,0
C:\Users\Zander Truong\Documents\coding\ekyc-face-pad\data\raw\celeba_spoof\SpoofingData\017626.jpg,017626,photo,1,0.9407647252082825,1,1
C:\Users\Zander Truong\Documents\coding\ekyc-face-pad\data\raw\celeba_spoof\SpoofingData\000546.jpg,000546,photo,1,0.13604724407196045,0,0
C:\Users\Zander Truong\Documents\coding\ekyc-face-pad\data\raw\celeba_spoof\SpoofingData\015167.jpg,015167,photo,1,0.9988534450531006,1,1
C:\Users\Zander Truong\Documents\coding\ekyc-face-pad\data\raw\celeba_spoof\SpoofingData\016616.jpg,016616,photo,1,0.09690959006547928,0,0
C:\Users\Zander Truong\Documents\coding\ekyc-face-pad\data\raw\celeba_spoof\SpoofingData\009072.jpg,009072,photo,1,0.9911506175994873,1,1
C:\Users\Zander Truong\Documents\coding\ekyc-face-pad\data\raw\celeba_spoof\SpoofingData\012555.jpg,012555,photo,1,0.23834793269634247,0,0
C:\Users\Zander Truong\Documents\coding\ekyc-face-pad\data\raw\celeba_spoof\SpoofingData\011934.jpg,011934,photo,1,0.9959937334060669,1,1
C:\Users\Zander Truong\Documents\coding\ekyc-face-pad\data\raw\celeba_spoof\SpoofingData\006283.jpg,006283,photo,1,0.7546172142028809,1,1
C:\Users\Zander Truong\Documents\coding\ekyc-face-pad\data\raw\celeba_spoof\SpoofingData\013211.jpg,013211,bona_fide,0,0.0008457573712803423,0,1
C:\Users\Zander Truong\Documents\coding\ekyc-face-pad\data\raw\celeba_spoof\SpoofingData\010076.jpg,010076,photo,1,0.9991819262504578,1,1
C:\Users\Zander Truong\Documents\coding\ekyc-face-pad\data\raw\celeba_spoof\SpoofingData\008468.jpg,008468,photo,1,0.9997746348381042,1,1
C:\Users\Zander Truong\Documents\coding\ekyc-face-pad\data\raw\celeba_spoof\SpoofingData\009813.jpg,009813,bona_fide,0,0.0003558960452210158,0,1
C:\Users\Zander Truong\Documents\coding\ekyc-face-pad\data\raw\celeba_spoof\SpoofingData\012626.jpg,012626,bona_fide,0,0.537800133228302,1,0
C:\Users\Zander Truong\Documents\coding\ekyc-face-pad\data\raw\celeba_spoof\SpoofingData\016426.jpg,016426,photo,1,0.9982278943061829,1,1
C:\Users\Zander Truong\Documents\coding\ekyc-face-pad\data\raw\celeba_spoof\SpoofingData\003388.jpg,003388,photo,1,0.9919998645782471,1,1
C:\Users\Zander Truong\Documents\coding\ekyc-face-pad\data\raw\celeba_spoof\SpoofingData\013074.jpg,013074,bona_fide,0,0.0008849878795444965,0,1
C:\Users\Zander Truong\Documents\coding\ekyc-face-pad\data\raw\celeba_spoof\SpoofingData\002261.jpg,002261,photo,1,0.8059231042861938,1,1
C:\Users\Zander Truong\Documents\coding\ekyc-face-pad\data\raw\celeba_spoof\SpoofingData\009726.jpg,009726,bona_fide,0,0.09291678667068481,0,1
C:\Users\Zander Truong\Documents\coding\ekyc-face-pad\data\raw\celeba_spoof\SpoofingData\016955.jpg,016955,photo,1,0.9998015761375427,1,1
C:\Users\Zander Truong\Documents\coding\ekyc-face-pad\data\raw\celeba_spoof\SpoofingData\005814.jpg,005814,photo,1,0.9985494017601013,1,1
C:\Users\Zander Truong\Documents\coding\ekyc-face-pad\data\raw\celeba_spoof\SpoofingData\017176.jpg,017176,photo,1,0.9999488592147827,1,1
C:\Users\Zander Truong\Documents\coding\ekyc-face-pad\data\raw\celeba_spoof\SpoofingData\013720.jpg,013720,bona_fide,0,0.004546433221548796,0,1
C:\Users\Zander Truong\Documents\coding\ekyc-face-pad\data\raw\celeba_spoof\SpoofingData\001029.jpg,001029,bona_fide,0,0.1456153839826584,0,1
C:\Users\Zander Truong\Documents\coding\ekyc-face-pad\data\raw\celeba_spoof\SpoofingData\002141.jpg,002141,bona_fide,0,0.0002634864067658782,0,1
C:\Users\Zander Truong\Documents\coding\ekyc-face-pad\data\raw\celeba_spoof\SpoofingData\004750.jpg,004750,photo,1,0.9586693644523621,1,1
C:\Users\Zander Truong\Documents\coding\ekyc-face-pad\data\raw\celeba_spoof\SpoofingData\013569.jpg,013569,photo,1,0.9879739284515381,1,1
C:\Users\Zander Truong\Documents\coding\ekyc-face-pad\data\raw\celeba_spoof\SpoofingData\015267.jpg,015267,photo,1,0.9884272217750549,1,1
C:\Users\Zander Truong\Documents\coding\ekyc-face-pad\data\raw\celeba_spoof\SpoofingData\014129.jpg,014129,photo,1,0.8699212670326233,1,1
C:\Users\Zander Truong\Documents\coding\ekyc-face-pad\data\raw\celeba_spoof\SpoofingData\016877.jpg,016877,bona_fide,0,0.9795346260070801,1,0
C:\Users\Zander Truong\Documents\coding\ekyc-face-pad\data\raw\celeba_spoof\SpoofingData\012991.jpg,012991,photo,1,0.9964914917945862,1,1
C:\Users\Zander Truong\Documents\coding\ekyc-face-pad\data\raw\celeba_spoof\SpoofingData\007021.jpg,007021,photo,1,0.8656607270240784,1,1
C:\Users\Zander Truong\Documents\coding\ekyc-face-pad\data\raw\celeba_spoof\SpoofingData\014201.jpg,014201,bona_fide,0,0.01064224448055029,0,1
C:\Users\Zander Truong\Documents\coding\ekyc-face-pad\data\raw\celeba_spoof\SpoofingData\000194.jpg,000194,bona_fide,0,0.9560047388076782,1,0
C:\Users\Zander Truong\Documents\coding\ekyc-face-pad\data\raw\celeba_spoof\SpoofingData\013597.jpg,013597,photo,1,0.9995156526565552,1,1
C:\Users\Zander Truong\Documents\coding\ekyc-face-pad\data\raw\celeba_spoof\SpoofingData\006085.jpg,006085,photo,1,0.8862338066101074,1,1
C:\Users\Zander Truong\Documents\coding\ekyc-face-pad\data\raw\celeba_spoof\SpoofingData\002279.jpg,002279,bona_fide,0,0.97306889295578,1,0
C:\Users\Zander Truong\Documents\coding\ekyc-face-pad\data\raw\celeba_spoof\SpoofingData\012837.jpg,012837,photo,1,0.996155321598053,1,1
C:\Users\Zander Truong\Documents\coding\ekyc-face-pad\data\raw\celeba_spoof\SpoofingData\016009.jpg,016009,photo,1,0.998630940914154,1,1
C:\Users\Zander Truong\Documents\coding\ekyc-face-pad\data\raw\celeba_spoof\SpoofingData\013937.jpg,013937,photo,1,0.9876769781112671,1,1
C:\Users\Zander Truong\Documents\coding\ekyc-face-pad\data\raw\celeba_spoof\SpoofingData\016213.jpg,016213,bona_fide,0,0.014927011914551258,0,1
C:\Users\Zander Truong\Documents\coding\ekyc-face-pad\data\raw\celeba_spoof\SpoofingData\000189.jpg,000189,bona_fide,0,0.014912903308868408,0,1
C:\Users\Zander Truong\Documents\coding\ekyc-face-pad\data\raw\celeba_spoof\SpoofingData\012984.jpg,012984,photo,1,0.6428256630897522,1,1
C:\Users\Zander Truong\Documents\coding\ekyc-face-pad\data\raw\celeba_spoof\SpoofingData\004656.jpg,004656,bona_fide,0,0.09000582247972488,0,1
C:\Users\Zander Truong\Documents\coding\ekyc-face-pad\data\raw\celeba_spoof\SpoofingData\008824.jpg,008824,photo,1,0.9994173049926758,1,1
C:\Users\Zander Truong\Documents\coding\ekyc-face-pad\data\raw\celeba_spoof\SpoofingData\011737.jpg,011737,photo,1,0.9892918467521667,1,1
C:\Users\Zander Truong\Documents\coding\ekyc-face-pad\data\raw\celeba_spoof\SpoofingData\005272.jpg,005272,photo,1,0.9909977912902832,1,1
C:\Users\Zander Truong\Documents\coding\ekyc-face-pad\data\raw\celeba_spoof\SpoofingData\000983.jpg,000983,photo,1,0.37653201818466187,0,0
C:\Users\Zander Truong\Documents\coding\ekyc-face-pad\data\raw\celeba_spoof\SpoofingData\005931.jpg,005931,photo,1,0.9944994449615479,1,1
C:\Users\Zander Truong\Documents\coding\ekyc-face-pad\data\raw\celeba_spoof\SpoofingData\008751.jpg,008751,photo,1,0.999994158744812,1,1
C:\Users\Zander Truong\Documents\coding\ekyc-face-pad\data\raw\celeba_spoof\SpoofingData\015246.jpg,015246,photo,1,0.9627719521522522,1,1
C:\Users\Zander Truong\Documents\coding\ekyc-face-pad\data\raw\celeba_spoof\SpoofingData\003040.jpg,003040,photo,1,0.9317440390586853,1,1
C:\Users\Zander Truong\Documents\coding\ekyc-face-pad\data\raw\celeba_spoof\SpoofingData\016019.jpg,016019,photo,1,0.9976146221160889,1,1
C:\Users\Zander Truong\Documents\coding\ekyc-face-pad\data\raw\celeba_spoof\SpoofingData\004406.jpg,004406,bona_fide,0,0.20098040997982025,0,1
C:\Users\Zander Truong\Documents\coding\ekyc-face-pad\data\raw\celeba_spoof\SpoofingData\006558.jpg,006558,photo,1,0.9968460202217102,1,1
C:\Users\Zander Truong\Documents\coding\ekyc-face-pad\data\raw\celeba_spoof\SpoofingData\014360.jpg,014360,photo,1,0.9996416568756104,1,1
C:\Users\Zander Truong\Documents\coding\ekyc-face-pad\data\raw\celeba_spoof\SpoofingData\013656.jpg,013656,bona_fide,0,0.02043789252638817,0,1
C:\Users\Zander Truong\Documents\coding\ekyc-face-pad\data\raw\celeba_spoof\SpoofingData\002643.jpg,002643,photo,1,0.0885675922036171,0,0
C:\Users\Zander Truong\Documents\coding\ekyc-face-pad\data\raw\celeba_spoof\SpoofingData\012065.jpg,012065,photo,1,0.9989950060844421,1,1
C:\Users\Zander Truong\Documents\coding\ekyc-face-pad\data\raw\celeba_spoof\SpoofingData\006525.jpg,006525,photo,1,0.999950647354126,1,1
C:\Users\Zander Truong\Documents\coding\ekyc-face-pad\data\raw\celeba_spoof\SpoofingData\010883.jpg,010883,bona_fide,0,0.0005866331630386412,0,1
C:\Users\Zander Truong\Documents\coding\ekyc-face-pad\data\raw\celeba_spoof\SpoofingData\010835.jpg,010835,bona_fide,0,0.016725001856684685,0,1
C:\Users\Zander Truong\Documents\coding\ekyc-face-pad\data\raw\celeba_spoof\SpoofingData\002875.jpg,002875,photo,1,0.9224702715873718,1,1
C:\Users\Zander Truong\Documents\coding\ekyc-face-pad\data\raw\celeba_spoof\SpoofingData\010499.jpg,010499,photo,1,0.882954478263855,1,1
C:\Users\Zander Truong\Documents\coding\ekyc-face-pad\data\raw\celeba_spoof\SpoofingData\001415.jpg,001415,photo,1,0.9999551773071289,1,1
C:\Users\Zander Truong\Documents\coding\ekyc-face-pad\data\raw\celeba_spoof\SpoofingData\016440.jpg,016440,photo,1,0.39695730805397034,0,0
C:\Users\Zander Truong\Documents\coding\ekyc-face-pad\data\raw\celeba_spoof\SpoofingData\001034.jpg,001034,photo,1,0.9983812570571899,1,1
C:\Users\Zander Truong\Documents\coding\ekyc-face-pad\data\raw\celeba_spoof\SpoofingData\012010.jpg,012010,photo,1,0.9979799389839172,1,1
C:\Users\Zander Truong\Documents\coding\ekyc-face-pad\data\raw\celeba_spoof\SpoofingData\000226.jpg,000226,photo,1,0.9196906685829163,1,1
C:\Users\Zander Truong\Documents\coding\ekyc-face-pad\data\raw\celeba_spoof\SpoofingData\009947.jpg,009947,photo,1,0.7939199805259705,1,1
C:\Users\Zander Truong\Documents\coding\ekyc-face-pad\data\raw\celeba_spoof\SpoofingData\004148.jpg,004148,photo,1,0.9913567304611206,1,1
C:\Users\Zander Truong\Documents\coding\ekyc-face-pad\data\raw\celeba_spoof\SpoofingData\014175.jpg,014175,photo,1,0.9995778203010559,1,1
C:\Users\Zander Truong\Documents\coding\ekyc-face-pad\data\raw\celeba_spoof\SpoofingData\007747.jpg,007747,photo,1,0.2287886142730713,0,0
C:\Users\Zander Truong\Documents\coding\ekyc-face-pad\data\raw\celeba_spoof\SpoofingData\012701.jpg,012701,photo,1,0.9974395036697388,1,1
C:\Users\Zander Truong\Documents\coding\ekyc-face-pad\data\raw\celeba_spoof\SpoofingData\000996.jpg,000996,photo,1,0.9116295576095581,1,1
C:\Users\Zander Truong\Documents\coding\ekyc-face-pad\data\raw\celeba_spoof\SpoofingData\001108.jpg,001108,photo,1,0.9992502331733704,1,1
C:\Users\Zander Truong\Documents\coding\ekyc-face-pad\data\raw\celeba_spoof\SpoofingData\015637.jpg,015637,bona_fide,0,0.0332588292658329,0,1
C:\Users\Zander Truong\Documents\coding\ekyc-face-pad\data\raw\celeba_spoof\SpoofingData\005259.jpg,005259,bona_fide,0,0.3715822696685791,0,1
C:\Users\Zander Truong\Documents\coding\ekyc-face-pad\data\raw\celeba_spoof\SpoofingData\000157.jpg,000157,bona_fide,0,0.002970089204609394,0,1
C:\Users\Zander Truong\Documents\coding\ekyc-face-pad\data\raw\celeba_spoof\SpoofingData\013557.jpg,013557,photo,1,0.074546679854393,0,0
C:\Users\Zander Truong\Documents\coding\ekyc-face-pad\data\raw\celeba_spoof\SpoofingData\001696.jpg,001696,photo,1,0.7553795576095581,1,1
C:\Users\Zander Truong\Documents\coding\ekyc-face-pad\data\raw\celeba_spoof\SpoofingData\015018.jpg,015018,photo,1,0.8113282322883606,1,1
C:\Users\Zander Truong\Documents\coding\ekyc-face-pad\data\raw\celeba_spoof\SpoofingData\012963.jpg,012963,bona_fide,0,0.9791923761367798,1,0
C:\Users\Zander Truong\Documents\coding\ekyc-face-pad\data\raw\celeba_spoof\SpoofingData\015322.jpg,015322,photo,1,0.8678175210952759,1,1
C:\Users\Zander Truong\Documents\coding\ekyc-face-pad\data\raw\celeba_spoof\SpoofingData\010403.jpg,010403,photo,1,0.9837831854820251,1,1
C:\Users\Zander Truong\Documents\coding\ekyc-face-pad\data\raw\celeba_spoof\SpoofingData\004434.jpg,004434,photo,1,0.9746559262275696,1,1
C:\Users\Zander Truong\Documents\coding\ekyc-face-pad\data\raw\celeba_spoof\SpoofingData\016752.jpg,016752,photo,1,0.9941527247428894,1,1
C:\Users\Zander Truong\Documents\coding\ekyc-face-pad\data\raw\celeba_spoof\SpoofingData\015525.jpg,015525,photo,1,0.9998645782470703,1,1
C:\Users\Zander Truong\Documents\coding\ekyc-face-pad\data\raw\celeba_spoof\SpoofingData\002341.jpg,002341,bona_fide,0,0.41335663199424744,0,1
C:\Users\Zander Truong\Documents\coding\ekyc-face-pad\data\raw\celeba_spoof\SpoofingData\015807.jpg,015807,bona_fide,0,0.01957409270107746,0,1
C:\Users\Zander Truong\Documents\coding\ekyc-face-pad\data\raw\celeba_spoof\SpoofingData\011145.jpg,011145,photo,1,0.9981288313865662,1,1
C:\Users\Zander Truong\Documents\coding\ekyc-face-pad\data\raw\celeba_spoof\SpoofingData\013159.jpg,013159,bona_fide,0,0.000489792029839009,0,1
C:\Users\Zander Truong\Documents\coding\ekyc-face-pad\data\raw\celeba_spoof\SpoofingData\006837.jpg,006837,photo,1,0.9986028075218201,1,1
C:\Users\Zander Truong\Documents\coding\ekyc-face-pad\data\raw\celeba_spoof\SpoofingData\004030.jpg,004030,bona_fide,0,0.0065497905015945435,0,1
C:\Users\Zander Truong\Documents\coding\ekyc-face-pad\data\raw\celeba_spoof\SpoofingData\012784.jpg,012784,bona_fide,0,0.005681002512574196,0,1
C:\Users\Zander Truong\Documents\coding\ekyc-face-pad\data\raw\celeba_spoof\SpoofingData\017727.jpg,017727,photo,1,0.19667452573776245,0,0
C:\Users\Zander Truong\Documents\coding\ekyc-face-pad\data\raw\celeba_spoof\SpoofingData\006736.jpg,006736,bona_fide,0,0.0003283822734374553,0,1
C:\Users\Zander Truong\Documents\coding\ekyc-face-pad\data\raw\celeba_spoof\SpoofingData\005313.jpg,005313,photo,1,0.9999639987945557,1,1
C:\Users\Zander Truong\Documents\coding\ekyc-face-pad\data\raw\celeba_spoof\SpoofingData\012361.jpg,012361,photo,1,0.9999430179595947,1,1
C:\Users\Zander Truong\Documents\coding\ekyc-face-pad\data\raw\celeba_spoof\SpoofingData\008961.jpg,008961,photo,1,0.9985679388046265,1,1
C:\Users\Zander Truong\Documents\coding\ekyc-face-pad\data\raw\celeba_spoof\SpoofingData\010981.jpg,010981,photo,1,0.9999980926513672,1,1
C:\Users\Zander Truong\Documents\coding\ekyc-face-pad\data\raw\celeba_spoof\SpoofingData\011379.jpg,011379,photo,1,0.2365506887435913,0,0
C:\Users\Zander Truong\Documents\coding\ekyc-face-pad\data\raw\celeba_spoof\SpoofingData\009190.jpg,009190,bona_fide,0,3.568054125935305e-06,0,1
C:\Users\Zander Truong\Documents\coding\ekyc-face-pad\data\raw\celeba_spoof\SpoofingData\002152.jpg,002152,photo,1,0.2056322693824768,0,0
C:\Users\Zander Truong\Documents\coding\ekyc-face-pad\data\raw\celeba_spoof\SpoofingData\004895.jpg,004895,bona_fide,0,0.16440589725971222,0,1
C:\Users\Zander Truong\Documents\coding\ekyc-face-pad\data\raw\celeba_spoof\SpoofingData\010777.jpg,010777,photo,1,0.9994341731071472,1,1
C:\Users\Zander Truong\Documents\coding\ekyc-face-pad\data\raw\celeba_spoof\SpoofingData\001236.jpg,001236,photo,1,0.48677313327789307,0,0
C:\Users\Zander Truong\Documents\coding\ekyc-face-pad\data\raw\celeba_spoof\SpoofingData\007245.jpg,007245,bona_fide,0,0.9092249870300293,1,0
C:\Users\Zander Truong\Documents\coding\ekyc-face-pad\data\raw\celeba_spoof\SpoofingData\002526.jpg,002526,bona_fide,0,0.0008723754435777664,0,1
C:\Users\Zander Truong\Documents\coding\ekyc-face-pad\data\raw\celeba_spoof\SpoofingData\000477.jpg,000477,photo,1,0.9996339082717896,1,1
C:\Users\Zander Truong\Documents\coding\ekyc-face-pad\data\raw\celeba_spoof\SpoofingData\005670.jpg,005670,bona_fide,0,0.4794168174266815,0,1
C:\Users\Zander Truong\Documents\coding\ekyc-face-pad\data\raw\celeba_spoof\SpoofingData\007430.jpg,007430,bona_fide,0,0.054107166826725006,0,1
C:\Users\Zander Truong\Documents\coding\ekyc-face-pad\data\raw\celeba_spoof\SpoofingData\006979.jpg,006979,bona_fide,0,0.39938488602638245,0,1
C:\Users\Zander Truong\Documents\coding\ekyc-face-pad\data\raw\celeba_spoof\SpoofingData\009527.jpg,009527,bona_fide,0,0.00010026993550127372,0,1
C:\Users\Zander Truong\Documents\coding\ekyc-face-pad\data\raw\celeba_spoof\SpoofingData\013777.jpg,013777,bona_fide,0,0.0004225044685881585,0,1
C:\Users\Zander Truong\Documents\coding\ekyc-face-pad\data\raw\celeba_spoof\SpoofingData\003565.jpg,003565,bona_fide,0,0.00258382479660213,0,1
C:\Users\Zander Truong\Documents\coding\ekyc-face-pad\data\raw\celeba_spoof\SpoofingData\010376.jpg,010376,photo,1,0.999982476234436,1,1
C:\Users\Zander Truong\Documents\coding\ekyc-face-pad\data\raw\celeba_spoof\SpoofingData\011149.jpg,011149,photo,1,0.9951387643814087,1,1
C:\Users\Zander Truong\Documents\coding\ekyc-face-pad\data\raw\celeba_spoof\SpoofingData\014224.jpg,014224,photo,1,0.998175859451294,1,1
C:\Users\Zander Truong\Documents\coding\ekyc-face-pad\data\raw\celeba_spoof\SpoofingData\014787.jpg,014787,photo,1,0.9669828414916992,1,1
C:\Users\Zander Truong\Documents\coding\ekyc-face-pad\data\raw\celeba_spoof\SpoofingData\015607.jpg,015607,bona_fide,0,0.46707162261009216,0,1
C:\Users\Zander Truong\Documents\coding\ekyc-face-pad\data\raw\celeba_spoof\SpoofingData\000206.jpg,000206,photo,1,0.7759956121444702,1,1
C:\Users\Zander Truong\Documents\coding\ekyc-face-pad\data\raw\celeba_spoof\SpoofingData\010580.jpg,010580,photo,1,0.9956114888191223,1,1
C:\Users\Zander Truong\Documents\coding\ekyc-face-pad\data\raw\celeba_spoof\SpoofingData\009481.jpg,009481,bona_fide,0,0.6060256958007812,1,0
C:\Users\Zander Truong\Documents\coding\ekyc-face-pad\data\raw\celeba_spoof\SpoofingData\000224.jpg,000224,bona_fide,0,0.9954009652137756,1,0
C:\Users\Zander Truong\Documents\coding\ekyc-face-pad\data\raw\celeba_spoof\SpoofingData\012181.jpg,012181,photo,1,0.9842735528945923,1,1
C:\Users\Zander Truong\Documents\coding\ekyc-face-pad\data\raw\celeba_spoof\SpoofingData\012515.jpg,012515,photo,1,0.9647350907325745,1,1
C:\Users\Zander Truong\Documents\coding\ekyc-face-pad\data\raw\celeba_spoof\SpoofingData\015859.jpg,015859,bona_fide,0,0.8605570197105408,1,0
C:\Users\Zander Truong\Documents\coding\ekyc-face-pad\data\raw\celeba_spoof\SpoofingData\007772.jpg,007772,bona_fide,0,0.07201850414276123,0,1
C:\Users\Zander Truong\Documents\coding\ekyc-face-pad\data\raw\celeba_spoof\SpoofingData\011763.jpg,011763,bona_fide,0,0.0008385601104237139,0,1
C:\Users\Zander Truong\Documents\coding\ekyc-face-pad\data\raw\celeba_spoof\SpoofingData\014724.jpg,014724,bona_fide,0,0.005500964354723692,0,1
C:\Users\Zander Truong\Documents\coding\ekyc-face-pad\data\raw\celeba_spoof\SpoofingData\010488.jpg,010488,photo,1,0.999108612537384,1,1
C:\Users\Zander Truong\Documents\coding\ekyc-face-pad\data\raw\celeba_spoof\SpoofingData\003734.jpg,003734,bona_fide,0,1.0655956430127844e-05,0,1
C:\Users\Zander Truong\Documents\coding\ekyc-face-pad\data\raw\celeba_spoof\SpoofingData\015687.jpg,015687,photo,1,0.9993473887443542,1,1
C:\Users\Zander Truong\Documents\coding\ekyc-face-pad\data\raw\celeba_spoof\SpoofingData\009227.jpg,009227,photo,1,0.9996492862701416,1,1
C:\Users\Zander Truong\Documents\coding\ekyc-face-pad\data\raw\celeba_spoof\SpoofingData\004026.jpg,004026,bona_fide,0,0.6070178151130676,1,0
C:\Users\Zander Truong\Documents\coding\ekyc-face-pad\data\raw\celeba_spoof\SpoofingData\010575.jpg,010575,photo,1,0.9999269247055054,1,1
C:\Users\Zander Truong\Documents\coding\ekyc-face-pad\data\raw\celeba_spoof\SpoofingData\002707.jpg,002707,photo,1,0.07148730009794235,0,0
C:\Users\Zander Truong\Documents\coding\ekyc-face-pad\data\raw\celeba_spoof\SpoofingData\005138.jpg,005138,photo,1,0.9992097616195679,1,1
C:\Users\Zander Truong\Documents\coding\ekyc-face-pad\data\raw\celeba_spoof\SpoofingData\013040.jpg,013040,photo,1,0.9923642873764038,1,1
C:\Users\Zander Truong\Documents\coding\ekyc-face-pad\data\raw\celeba_spoof\SpoofingData\012040.jpg,012040,bona_fide,0,0.021838271990418434,0,1
C:\Users\Zander Truong\Documents\coding\ekyc-face-pad\data\raw\celeba_spoof\SpoofingData\009014.jpg,009014,bona_fide,0,0.000160587762366049,0,1
C:\Users\Zander Truong\Documents\coding\ekyc-face-pad\data\raw\celeba_spoof\SpoofingData\008691.jpg,008691,photo,1,0.9925652742385864,1,1
C:\Users\Zander Truong\Documents\coding\ekyc-face-pad\data\raw\celeba_spoof\SpoofingData\014073.jpg,014073,photo,1,0.9952412843704224,1,1
C:\Users\Zander Truong\Documents\coding\ekyc-face-pad\data\raw\celeba_spoof\SpoofingData\017080.jpg,017080,photo,1,0.5347144603729248,1,1
C:\Users\Zander Truong\Documents\coding\ekyc-face-pad\data\raw\celeba_spoof\SpoofingData\007912.jpg,007912,photo,1,0.9999779462814331,1,1
C:\Users\Zander Truong\Documents\coding\ekyc-face-pad\data\raw\celeba_spoof\SpoofingData\006974.jpg,006974,photo,1,0.9998596906661987,1,1
C:\Users\Zander Truong\Documents\coding\ekyc-face-pad\data\raw\celeba_spoof\SpoofingData\016806.jpg,016806,bona_fide,0,0.5717611312866211,1,0
C:\Users\Zander Truong\Documents\coding\ekyc-face-pad\data\raw\celeba_spoof\SpoofingData\001922.jpg,001922,photo,1,0.9921883344650269,1,1
C:\Users\Zander Truong\Documents\coding\ekyc-face-pad\data\raw\celeba_spoof\SpoofingData\004166.jpg,004166,bona_fide,0,0.002551506971940398,0,1
C:\Users\Zander Truong\Documents\coding\ekyc-face-pad\data\raw\celeba_spoof\SpoofingData\016723.jpg,016723,bona_fide,0,0.8785763382911682,1,0
C:\Users\Zander Truong\Documents\coding\ekyc-face-pad\data\raw\celeba_spoof\SpoofingData\002359.jpg,002359,photo,1,0.9981141090393066,1,1
C:\Users\Zander Truong\Documents\coding\ekyc-face-pad\data\raw\celeba_spoof\SpoofingData\011385.jpg,011385,bona_fide,0,0.15788060426712036,0,1
C:\Users\Zander Truong\Documents\coding\ekyc-face-pad\data\raw\celeba_spoof\SpoofingData\010062.jpg,010062,photo,1,0.9997432827949524,1,1
C:\Users\Zander Truong\Documents\coding\ekyc-face-pad\data\raw\celeba_spoof\SpoofingData\013913.jpg,013913,bona_fide,0,0.026015864685177803,0,1
C:\Users\Zander Truong\Documents\coding\ekyc-face-pad\data\raw\celeba_spoof\SpoofingData\016750.jpg,016750,photo,1,0.9348931312561035,1,1
C:\Users\Zander Truong\Documents\coding\ekyc-face-pad\data\raw\celeba_spoof\SpoofingData\013964.jpg,013964,photo,1,0.9845305681228638,1,1
C:\Users\Zander Truong\Documents\coding\ekyc-face-pad\data\raw\celeba_spoof\SpoofingData\009465.jpg,009465,photo,1,0.9920290112495422,1,1
C:\Users\Zander Truong\Documents\coding\ekyc-face-pad\data\raw\celeba_spoof\SpoofingData\000732.jpg,000732,photo,1,0.1926586776971817,0,0
C:\Users\Zander Truong\Documents\coding\ekyc-face-pad\data\raw\celeba_spoof\SpoofingData\008142.jpg,008142,photo,1,0.9980639815330505,1,1
C:\Users\Zander Truong\Documents\coding\ekyc-face-pad\data\raw\celeba_spoof\SpoofingData\003558.jpg,003558,photo,1,0.999840497970581,1,1
C:\Users\Zander Truong\Documents\coding\ekyc-face-pad\data\raw\celeba_spoof\SpoofingData\006143.jpg,006143,bona_fide,0,0.005359548144042492,0,1
C:\Users\Zander Truong\Documents\coding\ekyc-face-pad\data\raw\celeba_spoof\SpoofingData\004521.jpg,004521,photo,1,0.9979797005653381,1,1
C:\Users\Zander Truong\Documents\coding\ekyc-face-pad\data\raw\celeba_spoof\SpoofingData\010337.jpg,010337,photo,1,0.9739000201225281,1,1
C:\Users\Zander Truong\Documents\coding\ekyc-face-pad\data\raw\celeba_spoof\SpoofingData\004201.jpg,004201,photo,1,0.01845630072057247,0,0
C:\Users\Zander Truong\Documents\coding\ekyc-face-pad\data\raw\celeba_spoof\SpoofingData\006758.jpg,006758,photo,1,0.9900317192077637,1,1
C:\Users\Zander Truong\Documents\coding\ekyc-face-pad\data\raw\celeba_spoof\SpoofingData\000015.jpg,000015,photo,1,0.9180699586868286,1,1
C:\Users\Zander Truong\Documents\coding\ekyc-face-pad\data\raw\celeba_spoof\SpoofingData\011528.jpg,011528,bona_fide,0,0.002905577188357711,0,1
C:\Users\Zander Truong\Documents\coding\ekyc-face-pad\data\raw\celeba_spoof\SpoofingData\005299.jpg,005299,photo,1,0.9994514584541321,1,1
C:\Users\Zander Truong\Documents\coding\ekyc-face-pad\data\raw\celeba_spoof\SpoofingData\004018.jpg,004018,photo,1,0.9999940395355225,1,1
C:\Users\Zander Truong\Documents\coding\ekyc-face-pad\data\raw\celeba_spoof\SpoofingData\005798.jpg,005798,photo,1,0.8432826399803162,1,1
C:\Users\Zander Truong\Documents\coding\ekyc-face-pad\data\raw\celeba_spoof\SpoofingData\005381.jpg,005381,photo,1,0.9928203225135803,1,1
C:\Users\Zander Truong\Documents\coding\ekyc-face-pad\data\raw\celeba_spoof\SpoofingData\011765.jpg,011765,photo,1,0.9736922383308411,1,1
C:\Users\Zander Truong\Documents\coding\ekyc-face-pad\data\raw\celeba_spoof\SpoofingData\016278.jpg,016278,bona_fide,0,2.4298364223795943e-05,0,1
C:\Users\Zander Truong\Documents\coding\ekyc-face-pad\data\raw\celeba_spoof\SpoofingData\015403.jpg,015403,photo,1,0.9665340781211853,1,1
C:\Users\Zander Truong\Documents\coding\ekyc-face-pad\data\raw\celeba_spoof\SpoofingData\008922.jpg,008922,photo,1,0.6694362163543701,1,1
C:\Users\Zander Truong\Documents\coding\ekyc-face-pad\data\raw\celeba_spoof\SpoofingData\004203.jpg,004203,bona_fide,0,0.41734325885772705,0,1
C:\Users\Zander Truong\Documents\coding\ekyc-face-pad\data\raw\celeba_spoof\SpoofingData\011844.jpg,011844,photo,1,0.99886155128479,1,1
C:\Users\Zander Truong\Documents\coding\ekyc-face-pad\data\raw\celeba_spoof\SpoofingData\010918.jpg,010918,photo,1,0.9998652935028076,1,1
C:\Users\Zander Truong\Documents\coding\ekyc-face-pad\data\raw\celeba_spoof\SpoofingData\002281.jpg,002281,bona_fide,0,0.738159716129303,1,0
C:\Users\Zander Truong\Documents\coding\ekyc-face-pad\data\raw\celeba_spoof\SpoofingData\014754.jpg,014754,photo,1,0.9881963133811951,1,1
C:\Users\Zander Truong\Documents\coding\ekyc-face-pad\data\raw\celeba_spoof\SpoofingData\005360.jpg,005360,photo,1,0.9985014200210571,1,1
C:\Users\Zander Truong\Documents\coding\ekyc-face-pad\data\raw\celeba_spoof\SpoofingData\010397.jpg,010397,bona_fide,0,0.07993517816066742,0,1
C:\Users\Zander Truong\Documents\coding\ekyc-face-pad\data\raw\celeba_spoof\SpoofingData\011788.jpg,011788,photo,1,0.6897652745246887,1,1
C:\Users\Zander Truong\Documents\coding\ekyc-face-pad\data\raw\celeba_spoof\SpoofingData\007378.jpg,007378,bona_fide,0,0.09251651167869568,0,1
C:\Users\Zander Truong\Documents\coding\ekyc-face-pad\data\raw\celeba_spoof\SpoofingData\008815.jpg,008815,photo,1,0.9843167066574097,1,1
C:\Users\Zander Truong\Documents\coding\ekyc-face-pad\data\raw\celeba_spoof\SpoofingData\008840.jpg,008840,photo,1,0.9817197918891907,1,1
C:\Users\Zander Truong\Documents\coding\ekyc-face-pad\data\raw\celeba_spoof\SpoofingData\013196.jpg,013196,bona_fide,0,5.141832843946759e-06,0,1
C:\Users\Zander Truong\Documents\coding\ekyc-face-pad\data\raw\celeba_spoof\SpoofingData\016561.jpg,016561,photo,1,0.8316316604614258,1,1
C:\Users\Zander Truong\Documents\coding\ekyc-face-pad\data\raw\celeba_spoof\SpoofingData\000204.jpg,000204,photo,1,0.9962539672851562,1,1
C:\Users\Zander Truong\Documents\coding\ekyc-face-pad\data\raw\celeba_spoof\SpoofingData\007879.jpg,007879,photo,1,0.9313595294952393,1,1
C:\Users\Zander Truong\Documents\coding\ekyc-face-pad\data\raw\celeba_spoof\SpoofingData\011399.jpg,011399,photo,1,0.902224063873291,1,1
C:\Users\Zander Truong\Documents\coding\ekyc-face-pad\data\raw\celeba_spoof\SpoofingData\013819.jpg,013819,photo,1,0.9801952242851257,1,1
C:\Users\Zander Truong\Documents\coding\ekyc-face-pad\data\raw\celeba_spoof\SpoofingData\011928.jpg,011928,photo,1,0.9731541275978088,1,1
C:\Users\Zander Truong\Documents\coding\ekyc-face-pad\data\raw\celeba_spoof\SpoofingData\015903.jpg,015903,bona_fide,0,0.0007931967847980559,0,1
C:\Users\Zander Truong\Documents\coding\ekyc-face-pad\data\raw\celeba_spoof\SpoofingData\006910.jpg,006910,bona_fide,0,0.10374758392572403,0,1
C:\Users\Zander Truong\Documents\coding\ekyc-face-pad\data\raw\celeba_spoof\SpoofingData\011780.jpg,011780,bona_fide,0,0.005086338147521019,0,1
C:\Users\Zander Truong\Documents\coding\ekyc-face-pad\data\raw\celeba_spoof\SpoofingData\016848.jpg,016848,bona_fide,0,0.0009780112886801362,0,1
C:\Users\Zander Truong\Documents\coding\ekyc-face-pad\data\raw\celeba_spoof\SpoofingData\003770.jpg,003770,bona_fide,0,0.001234888331964612,0,1
C:\Users\Zander Truong\Documents\coding\ekyc-face-pad\data\raw\celeba_spoof\SpoofingData\016601.jpg,016601,photo,1,0.846418023109436,1,1
C:\Users\Zander Truong\Documents\coding\ekyc-face-pad\data\raw\celeba_spoof\SpoofingData\002955.jpg,002955,photo,1,0.8968492746353149,1,1
C:\Users\Zander Truong\Documents\coding\ekyc-face-pad\data\raw\celeba_spoof\SpoofingData\012448.jpg,012448,bona_fide,0,0.3984740972518921,0,1
C:\Users\Zander Truong\Documents\coding\ekyc-face-pad\data\raw\celeba_spoof\SpoofingData\009499.jpg,009499,bona_fide,0,0.11071539670228958,0,1
C:\Users\Zander Truong\Documents\coding\ekyc-face-pad\data\raw\celeba_spoof\SpoofingData\000806.jpg,000806,photo,1,0.9941121935844421,1,1
C:\Users\Zander Truong\Documents\coding\ekyc-face-pad\data\raw\celeba_spoof\SpoofingData\003852.jpg,003852,photo,1,0.9999023675918579,1,1
C:\Users\Zander Truong\Documents\coding\ekyc-face-pad\data\raw\celeba_spoof\SpoofingData\009757.jpg,009757,bona_fide,0,0.644113302230835,1,0
C:\Users\Zander Truong\Documents\coding\ekyc-face-pad\data\raw\celeba_spoof\SpoofingData\008618.jpg,008618,bona_fide,0,0.0013964608078822494,0,1
C:\Users\Zander Truong\Documents\coding\ekyc-face-pad\data\raw\celeba_spoof\SpoofingData\003708.jpg,003708,bona_fide,0,0.22420215606689453,0,1
C:\Users\Zander Truong\Documents\coding\ekyc-face-pad\data\raw\celeba_spoof\SpoofingData\014088.jpg,014088,photo,1,0.9818248152732849,1,1
C:\Users\Zander Truong\Documents\coding\ekyc-face-pad\data\raw\celeba_spoof\SpoofingData\016007.jpg,016007,photo,1,0.9999727010726929,1,1
C:\Users\Zander Truong\Documents\coding\ekyc-face-pad\data\raw\celeba_spoof\SpoofingData\010850.jpg,010850,photo,1,0.9978172779083252,1,1
C:\Users\Zander Truong\Documents\coding\ekyc-face-pad\data\raw\celeba_spoof\SpoofingData\001980.jpg,001980,photo,1,0.9994184970855713,1,1
C:\Users\Zander Truong\Documents\coding\ekyc-face-pad\data\raw\celeba_spoof\SpoofingData\013537.jpg,013537,photo,1,0.9995423555374146,1,1
C:\Users\Zander Truong\Documents\coding\ekyc-face-pad\data\raw\celeba_spoof\SpoofingData\013754.jpg,013754,photo,1,0.5422047972679138,1,1
C:\Users\Zander Truong\Documents\coding\ekyc-face-pad\data\raw\celeba_spoof\SpoofingData\010109.jpg,010109,photo,1,0.9997286200523376,1,1
C:\Users\Zander Truong\Documents\coding\ekyc-face-pad\data\raw\celeba_spoof\SpoofingData\004368.jpg,004368,photo,1,0.9972048401832581,1,1
C:\Users\Zander Truong\Documents\coding\ekyc-face-pad\data\raw\celeba_spoof\SpoofingData\001711.jpg,001711,photo,1,0.43766510486602783,0,0
C:\Users\Zander Truong\Documents\coding\ekyc-face-pad\data\raw\celeba_spoof\SpoofingData\012843.jpg,012843,bona_fide,0,0.12673991918563843,0,1
C:\Users\Zander Truong\Documents\coding\ekyc-face-pad\data\raw\celeba_spoof\SpoofingData\010507.jpg,010507,photo,1,0.993727445602417,1,1
C:\Users\Zander Truong\Documents\coding\ekyc-face-pad\data\raw\celeba_spoof\SpoofingData\016410.jpg,016410,photo,1,0.9998877048492432,1,1
C:\Users\Zander Truong\Documents\coding\ekyc-face-pad\data\raw\celeba_spoof\SpoofingData\009578.jpg,009578,photo,1,0.9344594478607178,1,1
C:\Users\Zander Truong\Documents\coding\ekyc-face-pad\data\raw\celeba_spoof\SpoofingData\013205.jpg,013205,bona_fide,0,0.0006885414477437735,0,1
C:\Users\Zander Truong\Documents\coding\ekyc-face-pad\data\raw\celeba_spoof\SpoofingData\007752.jpg,007752,photo,1,0.9947341680526733,1,1
C:\Users\Zander Truong\Documents\coding\ekyc-face-pad\data\raw\celeba_spoof\SpoofingData\005523.jpg,005523,bona_fide,0,0.109320729970932,0,1
C:\Users\Zander Truong\Documents\coding\ekyc-face-pad\data\raw\celeba_spoof\SpoofingData\013692.jpg,013692,photo,1,0.9984400868415833,1,1
C:\Users\Zander Truong\Documents\coding\ekyc-face-pad\data\raw\celeba_spoof\SpoofingData\014269.jpg,014269,photo,1,0.999576985836029,1,1
C:\Users\Zander Truong\Documents\coding\ekyc-face-pad\data\raw\celeba_spoof\SpoofingData\007351.jpg,007351,photo,1,0.7678791880607605,1,1
C:\Users\Zander Truong\Documents\coding\ekyc-face-pad\data\raw\celeba_spoof\SpoofingData\012678.jpg,012678,bona_fide,0,0.0246614720672369,0,1
C:\Users\Zander Truong\Documents\coding\ekyc-face-pad\data\raw\celeba_spoof\SpoofingData\014769.jpg,014769,bona_fide,0,0.7915586233139038,1,0
C:\Users\Zander Truong\Documents\coding\ekyc-face-pad\data\raw\celeba_spoof\SpoofingData\003692.jpg,003692,bona_fide,0,0.00031772375223226845,0,1
C:\Users\Zander Truong\Documents\coding\ekyc-face-pad\data\raw\celeba_spoof\SpoofingData\016651.jpg,016651,photo,1,0.999544084072113,1,1
C:\Users\Zander Truong\Documents\coding\ekyc-face-pad\data\raw\celeba_spoof\SpoofingData\008137.jpg,008137,photo,1,0.9726206660270691,1,1
C:\Users\Zander Truong\Documents\coding\ekyc-face-pad\data\raw\celeba_spoof\SpoofingData\004310.jpg,004310,photo,1,0.3967532217502594,0,0
C:\Users\Zander Truong\Documents\coding\ekyc-face-pad\data\raw\celeba_spoof\SpoofingData\005572.jpg,005572,photo,1,0.9893497824668884,1,1
C:\Users\Zander Truong\Documents\coding\ekyc-face-pad\data\raw\celeba_spoof\SpoofingData\007905.jpg,007905,bona_fide,0,0.043587129563093185,0,1
C:\Users\Zander Truong\Documents\coding\ekyc-face-pad\data\raw\celeba_spoof\SpoofingData\003731.jpg,003731,photo,1,0.9448790550231934,1,1
C:\Users\Zander Truong\Documents\coding\ekyc-face-pad\data\raw\celeba_spoof\SpoofingData\009680.jpg,009680,bona_fide,0,0.0007832447299733758,0,1
C:\Users\Zander Truong\Documents\coding\ekyc-face-pad\data\raw\celeba_spoof\SpoofingData\005581.jpg,005581,bona_fide,0,1.3317128377821064e-06,0,1
C:\Users\Zander Truong\Documents\coding\ekyc-face-pad\data\raw\celeba_spoof\SpoofingData\007839.jpg,007839,photo,1,0.998991072177887,1,1
C:\Users\Zander Truong\Documents\coding\ekyc-face-pad\data\raw\celeba_spoof\SpoofingData\002753.jpg,002753,photo,1,0.07066696137189865,0,0
C:\Users\Zander Truong\Documents\coding\ekyc-face-pad\data\raw\celeba_spoof\SpoofingData\004070.jpg,004070,photo,1,0.9997500777244568,1,1
C:\Users\Zander Truong\Documents\coding\ekyc-face-pad\data\raw\celeba_spoof\SpoofingData\008749.jpg,008749,photo,1,0.9997281432151794,1,1
C:\Users\Zander Truong\Documents\coding\ekyc-face-pad\data\raw\celeba_spoof\SpoofingData\002270.jpg,002270,bona_fide,0,0.023657340556383133,0,1
C:\Users\Zander Truong\Documents\coding\ekyc-face-pad\data\raw\celeba_spoof\SpoofingData\000740.jpg,000740,photo,1,0.9996052384376526,1,1
C:\Users\Zander Truong\Documents\coding\ekyc-face-pad\data\raw\celeba_spoof\SpoofingData\014278.jpg,014278,photo,1,0.9994176626205444,1,1
C:\Users\Zander Truong\Documents\coding\ekyc-face-pad\data\raw\celeba_spoof\SpoofingData\006352.jpg,006352,photo,1,0.9998220801353455,1,1
C:\Users\Zander Truong\Documents\coding\ekyc-face-pad\data\raw\celeba_spoof\SpoofingData\014075.jpg,014075,bona_fide,0,0.0004203347198199481,0,1
C:\Users\Zander Truong\Documents\coding\ekyc-face-pad\data\raw\celeba_spoof\SpoofingData\001916.jpg,001916,photo,1,0.9107222557067871,1,1
C:\Users\Zander Truong\Documents\coding\ekyc-face-pad\data\raw\celeba_spoof\SpoofingData\004029.jpg,004029,bona_fide,0,0.017009546980261803,0,1
C:\Users\Zander Truong\Documents\coding\ekyc-face-pad\data\raw\celeba_spoof\SpoofingData\002654.jpg,002654,bona_fide,0,0.004731116350740194,0,1
C:\Users\Zander Truong\Documents\coding\ekyc-face-pad\data\raw\celeba_spoof\SpoofingData\015004.jpg,015004,bona_fide,0,4.855063889408484e-05,0,1
C:\Users\Zander Truong\Documents\coding\ekyc-face-pad\data\raw\celeba_spoof\SpoofingData\017518.jpg,017518,bona_fide,0,0.00037310976767912507,0,1
C:\Users\Zander Truong\Documents\coding\ekyc-face-pad\data\raw\celeba_spoof\SpoofingData\017325.jpg,017325,photo,1,0.9995738863945007,1,1
C:\Users\Zander Truong\Documents\coding\ekyc-face-pad\data\raw\celeba_spoof\SpoofingData\012912.jpg,012912,bona_fide,0,7.625473517691717e-05,0,1
C:\Users\Zander Truong\Documents\coding\ekyc-face-pad\data\raw\celeba_spoof\SpoofingData\016772.jpg,016772,photo,1,0.9986973404884338,1,1
C:\Users\Zander Truong\Documents\coding\ekyc-face-pad\data\raw\celeba_spoof\SpoofingData\016796.jpg,016796,photo,1,0.14675982296466827,0,0
C:\Users\Zander Truong\Documents\coding\ekyc-face-pad\data\raw\celeba_spoof\SpoofingData\004461.jpg,004461,bona_fide,0,0.0011146457400172949,0,1
C:\Users\Zander Truong\Documents\coding\ekyc-face-pad\data\raw\celeba_spoof\SpoofingData\016699.jpg,016699,bona_fide,0,0.44167211651802063,0,1
C:\Users\Zander Truong\Documents\coding\ekyc-face-pad\data\raw\celeba_spoof\SpoofingData\014371.jpg,014371,photo,1,0.9994930028915405,1,1
C:\Users\Zander Truong\Documents\coding\ekyc-face-pad\data\raw\celeba_spoof\SpoofingData\010989.jpg,010989,bona_fide,0,0.05640537291765213,0,1
C:\Users\Zander Truong\Documents\coding\ekyc-face-pad\data\raw\celeba_spoof\SpoofingData\006098.jpg,006098,photo,1,0.8980029821395874,1,1
C:\Users\Zander Truong\Documents\coding\ekyc-face-pad\data\raw\celeba_spoof\SpoofingData\014143.jpg,014143,photo,1,0.9703137874603271,1,1
C:\Users\Zander Truong\Documents\coding\ekyc-face-pad\data\raw\celeba_spoof\SpoofingData\006411.jpg,006411,photo,1,0.9912381768226624,1,1
C:\Users\Zander Truong\Documents\coding\ekyc-face-pad\data\raw\celeba_spoof\SpoofingData\000944.jpg,000944,photo,1,0.9972990155220032,1,1
C:\Users\Zander Truong\Documents\coding\ekyc-face-pad\data\raw\celeba_spoof\SpoofingData\005466.jpg,005466,photo,1,0.9999502897262573,1,1
C:\Users\Zander Truong\Documents\coding\ekyc-face-pad\data\raw\celeba_spoof\SpoofingData\005150.jpg,005150,photo,1,0.9398412704467773,1,1
C:\Users\Zander Truong\Documents\coding\ekyc-face-pad\data\raw\celeba_spoof\SpoofingData\012486.jpg,012486,photo,1,0.8787477016448975,1,1
C:\Users\Zander Truong\Documents\coding\ekyc-face-pad\data\raw\celeba_spoof\SpoofingData\006329.jpg,006329,photo,1,0.9999786615371704,1,1
C:\Users\Zander Truong\Documents\coding\ekyc-face-pad\data\raw\celeba_spoof\SpoofingData\004242.jpg,004242,photo,1,0.9975259900093079,1,1
C:\Users\Zander Truong\Documents\coding\ekyc-face-pad\data\raw\celeba_spoof\SpoofingData\012452.jpg,012452,bona_fide,0,0.00017502580885775387,0,1
C:\Users\Zander Truong\Documents\coding\ekyc-face-pad\data\raw\celeba_spoof\SpoofingData\007541.jpg,007541,photo,1,0.9996486902236938,1,1
C:\Users\Zander Truong\Documents\coding\ekyc-face-pad\data\raw\celeba_spoof\SpoofingData\003027.jpg,003027,photo,1,0.8912275433540344,1,1
C:\Users\Zander Truong\Documents\coding\ekyc-face-pad\data\raw\celeba_spoof\SpoofingData\008080.jpg,008080,photo,1,0.9999654293060303,1,1
C:\Users\Zander Truong\Documents\coding\ekyc-face-pad\data\raw\celeba_spoof\SpoofingData\012637.jpg,012637,photo,1,0.9995394945144653,1,1
C:\Users\Zander Truong\Documents\coding\ekyc-face-pad\data\raw\celeba_spoof\SpoofingData\003371.jpg,003371,bona_fide,0,0.07438629865646362,0,1
C:\Users\Zander Truong\Documents\coding\ekyc-face-pad\data\raw\celeba_spoof\SpoofingData\009598.jpg,009598,photo,1,0.999967098236084,1,1
C:\Users\Zander Truong\Documents\coding\ekyc-face-pad\data\raw\celeba_spoof\SpoofingData\005565.jpg,005565,photo,1,0.001353140571154654,0,0
C:\Users\Zander Truong\Documents\coding\ekyc-face-pad\data\raw\celeba_spoof\SpoofingData\017113.jpg,017113,photo,1,0.997785210609436,1,1
C:\Users\Zander Truong\Documents\coding\ekyc-face-pad\data\raw\celeba_spoof\SpoofingData\006567.jpg,006567,photo,1,0.9991224408149719,1,1
C:\Users\Zander Truong\Documents\coding\ekyc-face-pad\data\raw\celeba_spoof\SpoofingData\006093.jpg,006093,photo,1,0.9996323585510254,1,1
C:\Users\Zander Truong\Documents\coding\ekyc-face-pad\data\raw\celeba_spoof\SpoofingData\004711.jpg,004711,bona_fide,0,0.601963996887207,1,0
C:\Users\Zander Truong\Documents\coding\ekyc-face-pad\data\raw\celeba_spoof\SpoofingData\007125.jpg,007125,photo,1,0.9992831349372864,1,1
C:\Users\Zander Truong\Documents\coding\ekyc-face-pad\data\raw\celeba_spoof\SpoofingData\002458.jpg,002458,photo,1,0.024255933240056038,0,0
C:\Users\Zander Truong\Documents\coding\ekyc-face-pad\data\raw\celeba_spoof\SpoofingData\014412.jpg,014412,photo,1,0.7459009289741516,1,1
C:\Users\Zander Truong\Documents\coding\ekyc-face-pad\data\raw\celeba_spoof\SpoofingData\015192.jpg,015192,photo,1,0.9994376301765442,1,1
C:\Users\Zander Truong\Documents\coding\ekyc-face-pad\data\raw\celeba_spoof\SpoofingData\013566.jpg,013566,photo,1,0.9999109506607056,1,1
C:\Users\Zander Truong\Documents\coding\ekyc-face-pad\data\raw\celeba_spoof\SpoofingData\006952.jpg,006952,bona_fide,0,0.0008063786663115025,0,1
C:\Users\Zander Truong\Documents\coding\ekyc-face-pad\data\raw\celeba_spoof\SpoofingData\016235.jpg,016235,bona_fide,0,0.0001674214145168662,0,1
C:\Users\Zander Truong\Documents\coding\ekyc-face-pad\data\raw\celeba_spoof\SpoofingData\011335.jpg,011335,bona_fide,0,0.0003809545305557549,0,1
C:\Users\Zander Truong\Documents\coding\ekyc-face-pad\data\raw\celeba_spoof\SpoofingData\016337.jpg,016337,photo,1,0.7855612635612488,1,1
C:\Users\Zander Truong\Documents\coding\ekyc-face-pad\data\raw\celeba_spoof\SpoofingData\006928.jpg,006928,photo,1,0.9994760155677795,1,1
C:\Users\Zander Truong\Documents\coding\ekyc-face-pad\data\raw\celeba_spoof\SpoofingData\000684.jpg,000684,photo,1,0.5013353228569031,1,1
C:\Users\Zander Truong\Documents\coding\ekyc-face-pad\data\raw\celeba_spoof\SpoofingData\017585.jpg,017585,photo,1,0.8202238082885742,1,1
C:\Users\Zander Truong\Documents\coding\ekyc-face-pad\data\raw\celeba_spoof\SpoofingData\010418.jpg,010418,bona_fide,0,7.194229056040058e-06,0,1
C:\Users\Zander Truong\Documents\coding\ekyc-face-pad\data\raw\celeba_spoof\SpoofingData\002297.jpg,002297,bona_fide,0,0.2958124577999115,0,1
C:\Users\Zander Truong\Documents\coding\ekyc-face-pad\data\raw\celeba_spoof\SpoofingData\001229.jpg,001229,photo,1,0.9988100528717041,1,1
C:\Users\Zander Truong\Documents\coding\ekyc-face-pad\data\raw\celeba_spoof\SpoofingData\004657.jpg,004657,photo,1,0.9705943465232849,1,1
C:\Users\Zander Truong\Documents\coding\ekyc-face-pad\data\raw\celeba_spoof\SpoofingData\003720.jpg,003720,photo,1,0.9985566735267639,1,1
C:\Users\Zander Truong\Documents\coding\ekyc-face-pad\data\raw\celeba_spoof\SpoofingData\010014.jpg,010014,photo,1,0.9677735567092896,1,1
C:\Users\Zander Truong\Documents\coding\ekyc-face-pad\data\raw\celeba_spoof\SpoofingData\016481.jpg,016481,photo,1,0.9989205598831177,1,1
C:\Users\Zander Truong\Documents\coding\ekyc-face-pad\data\raw\celeba_spoof\SpoofingData\013741.jpg,013741,photo,1,0.9990832805633545,1,1
C:\Users\Zander Truong\Documents\coding\ekyc-face-pad\data\raw\celeba_spoof\SpoofingData\001873.jpg,001873,photo,1,0.999863862991333,1,1
C:\Users\Zander Truong\Documents\coding\ekyc-face-pad\data\raw\celeba_spoof\SpoofingData\004847.jpg,004847,photo,1,0.9934419393539429,1,1
C:\Users\Zander Truong\Documents\coding\ekyc-face-pad\data\raw\celeba_spoof\SpoofingData\001345.jpg,001345,photo,1,0.9972534775733948,1,1
C:\Users\Zander Truong\Documents\coding\ekyc-face-pad\data\raw\celeba_spoof\SpoofingData\012922.jpg,012922,photo,1,0.9999271631240845,1,1
C:\Users\Zander Truong\Documents\coding\ekyc-face-pad\data\raw\celeba_spoof\SpoofingData\003261.jpg,003261,bona_fide,0,0.8547070026397705,1,0
C:\Users\Zander Truong\Documents\coding\ekyc-face-pad\data\raw\celeba_spoof\SpoofingData\015840.jpg,015840,bona_fide,0,0.0014946231385692954,0,1
C:\Users\Zander Truong\Documents\coding\ekyc-face-pad\data\raw\celeba_spoof\SpoofingData\007140.jpg,007140,bona_fide,0,6.13702525242843e-07,0,1
C:\Users\Zander Truong\Documents\coding\ekyc-face-pad\data\raw\celeba_spoof\SpoofingData\010037.jpg,010037,photo,1,0.9803028106689453,1,1
C:\Users\Zander Truong\Documents\coding\ekyc-face-pad\data\raw\celeba_spoof\SpoofingData\007589.jpg,007589,photo,1,0.9998646974563599,1,1
C:\Users\Zander Truong\Documents\coding\ekyc-face-pad\data\raw\celeba_spoof\SpoofingData\006482.jpg,006482,bona_fide,0,0.015916522592306137,0,1
C:\Users\Zander Truong\Documents\coding\ekyc-face-pad\data\raw\celeba_spoof\SpoofingData\012276.jpg,012276,photo,1,0.992915153503418,1,1
C:\Users\Zander Truong\Documents\coding\ekyc-face-pad\data\raw\celeba_spoof\SpoofingData\012442.jpg,012442,bona_fide,0,0.02956877276301384,0,1
C:\Users\Zander Truong\Documents\coding\ekyc-face-pad\data\raw\celeba_spoof\SpoofingData\005487.jpg,005487,photo,1,0.9996138215065002,1,1
C:\Users\Zander Truong\Documents\coding\ekyc-face-pad\data\raw\celeba_spoof\SpoofingData\009877.jpg,009877,bona_fide,0,0.06476128846406937,0,1
C:\Users\Zander Truong\Documents\coding\ekyc-face-pad\data\raw\celeba_spoof\SpoofingData\010964.jpg,010964,photo,1,0.9977245926856995,1,1
C:\Users\Zander Truong\Documents\coding\ekyc-face-pad\data\raw\celeba_spoof\SpoofingData\003524.jpg,003524,photo,1,0.9636192321777344,1,1
C:\Users\Zander Truong\Documents\coding\ekyc-face-pad\data\raw\celeba_spoof\SpoofingData\001763.jpg,001763,photo,1,0.9999723434448242,1,1
C:\Users\Zander Truong\Documents\coding\ekyc-face-pad\data\raw\celeba_spoof\SpoofingData\016383.jpg,016383,photo,1,0.9999064207077026,1,1
C:\Users\Zander Truong\Documents\coding\ekyc-face-pad\data\raw\celeba_spoof\SpoofingData\013685.jpg,013685,photo,1,0.8264606595039368,1,1
C:\Users\Zander Truong\Documents\coding\ekyc-face-pad\data\raw\celeba_spoof\SpoofingData\008146.jpg,008146,photo,1,0.9998424053192139,1,1
C:\Users\Zander Truong\Documents\coding\ekyc-face-pad\data\raw\celeba_spoof\SpoofingData\004808.jpg,004808,photo,1,0.999472439289093,1,1
C:\Users\Zander Truong\Documents\coding\ekyc-face-pad\data\raw\celeba_spoof\SpoofingData\001173.jpg,001173,photo,1,0.992093026638031,1,1
C:\Users\Zander Truong\Documents\coding\ekyc-face-pad\data\raw\celeba_spoof\SpoofingData\005140.jpg,005140,photo,1,0.9937508702278137,1,1
C:\Users\Zander Truong\Documents\coding\ekyc-face-pad\data\raw\celeba_spoof\SpoofingData\003150.jpg,003150,bona_fide,0,0.13778962194919586,0,1
C:\Users\Zander Truong\Documents\coding\ekyc-face-pad\data\raw\celeba_spoof\SpoofingData\001919.jpg,001919,bona_fide,0,0.04696018621325493,0,1
C:\Users\Zander Truong\Documents\coding\ekyc-face-pad\data\raw\celeba_spoof\SpoofingData\014187.jpg,014187,bona_fide,0,0.000861238338984549,0,1
C:\Users\Zander Truong\Documents\coding\ekyc-face-pad\data\raw\celeba_spoof\SpoofingData\014037.jpg,014037,photo,1,0.9999703168869019,1,1
C:\Users\Zander Truong\Documents\coding\ekyc-face-pad\data\raw\celeba_spoof\SpoofingData\004412.jpg,004412,photo,1,0.999835729598999,1,1
C:\Users\Zander Truong\Documents\coding\ekyc-face-pad\data\raw\celeba_spoof\SpoofingData\000086.jpg,000086,photo,1,0.9155663847923279,1,1
C:\Users\Zander Truong\Documents\coding\ekyc-face-pad\data\raw\celeba_spoof\SpoofingData\012279.jpg,012279,bona_fide,0,0.024147221818566322,0,1
C:\Users\Zander Truong\Documents\coding\ekyc-face-pad\data\raw\celeba_spoof\SpoofingData\002795.jpg,002795,photo,1,0.31492242217063904,0,0
C:\Users\Zander Truong\Documents\coding\ekyc-face-pad\data\raw\celeba_spoof\SpoofingData\012165.jpg,012165,bona_fide,0,0.004826628603041172,0,1
C:\Users\Zander Truong\Documents\coding\ekyc-face-pad\data\raw\celeba_spoof\SpoofingData\005538.jpg,005538,photo,1,0.9887143969535828,1,1
C:\Users\Zander Truong\Documents\coding\ekyc-face-pad\data\raw\celeba_spoof\SpoofingData\017769.jpg,017769,bona_fide,0,0.00996516365557909,0,1
C:\Users\Zander Truong\Documents\coding\ekyc-face-pad\data\raw\celeba_spoof\SpoofingData\000569.jpg,000569,bona_fide,0,0.013467280194163322,0,1
C:\Users\Zander Truong\Documents\coding\ekyc-face-pad\data\raw\celeba_spoof\SpoofingData\011790.jpg,011790,photo,1,0.9992092251777649,1,1
C:\Users\Zander Truong\Documents\coding\ekyc-face-pad\data\raw\celeba_spoof\SpoofingData\014740.jpg,014740,bona_fide,0,1.5674673932153382e-06,0,1
C:\Users\Zander Truong\Documents\coding\ekyc-face-pad\data\raw\celeba_spoof\SpoofingData\003823.jpg,003823,bona_fide,0,0.23789894580841064,0,1
C:\Users\Zander Truong\Documents\coding\ekyc-face-pad\data\raw\celeba_spoof\SpoofingData\001238.jpg,001238,photo,1,0.9529283046722412,1,1
C:\Users\Zander Truong\Documents\coding\ekyc-face-pad\data\raw\celeba_spoof\SpoofingData\001237.jpg,001237,photo,1,0.99991774559021,1,1
C:\Users\Zander Truong\Documents\coding\ekyc-face-pad\data\raw\celeba_spoof\SpoofingData\002843.jpg,002843,photo,1,0.8789177536964417,1,1
C:\Users\Zander Truong\Documents\coding\ekyc-face-pad\data\raw\celeba_spoof\SpoofingData\014877.jpg,014877,photo,1,0.5611595511436462,1,1
C:\Users\Zander Truong\Documents\coding\ekyc-face-pad\data\raw\celeba_spoof\SpoofingData\007221.jpg,007221,photo,1,0.5179236531257629,1,1
C:\Users\Zander Truong\Documents\coding\ekyc-face-pad\data\raw\celeba_spoof\SpoofingData\006061.jpg,006061,photo,1,0.9981649518013,1,1
C:\Users\Zander Truong\Documents\coding\ekyc-face-pad\data\raw\celeba_spoof\SpoofingData\015155.jpg,015155,photo,1,0.17834557592868805,0,0
C:\Users\Zander Truong\Documents\coding\ekyc-face-pad\data\raw\celeba_spoof\SpoofingData\001935.jpg,001935,photo,1,0.977344810962677,1,1
C:\Users\Zander Truong\Documents\coding\ekyc-face-pad\data\raw\celeba_spoof\SpoofingData\013403.jpg,013403,bona_fide,0,0.15030404925346375,0,1
C:\Users\Zander Truong\Documents\coding\ekyc-face-pad\data\raw\celeba_spoof\SpoofingData\001801.jpg,001801,photo,1,0.8638080954551697,1,1
C:\Users\Zander Truong\Documents\coding\ekyc-face-pad\data\raw\celeba_spoof\SpoofingData\014262.jpg,014262,photo,1,0.9999499320983887,1,1
C:\Users\Zander Truong\Documents\coding\ekyc-face-pad\data\raw\celeba_spoof\SpoofingData\005250.jpg,005250,photo,1,0.999847412109375,1,1
C:\Users\Zander Truong\Documents\coding\ekyc-face-pad\data\raw\celeba_spoof\SpoofingData\007548.jpg,007548,photo,1,0.9999892711639404,1,1
C:\Users\Zander Truong\Documents\coding\ekyc-face-pad\data\raw\celeba_spoof\SpoofingData\017822.jpg,017822,bona_fide,0,0.0333985909819603,0,1
C:\Users\Zander Truong\Documents\coding\ekyc-face-pad\data\raw\celeba_spoof\SpoofingData\010367.jpg,010367,bona_fide,0,0.0008840396185405552,0,1
C:\Users\Zander Truong\Documents\coding\ekyc-face-pad\data\raw\celeba_spoof\SpoofingData\007584.jpg,007584,photo,1,0.99934321641922,1,1
C:\Users\Zander Truong\Documents\coding\ekyc-face-pad\data\raw\celeba_spoof\SpoofingData\012019.jpg,012019,photo,1,0.9978164434432983,1,1
C:\Users\Zander Truong\Documents\coding\ekyc-face-pad\data\raw\celeba_spoof\SpoofingData\003330.jpg,003330,photo,1,0.9371613264083862,1,1
C:\Users\Zander Truong\Documents\coding\ekyc-face-pad\data\raw\celeba_spoof\SpoofingData\012332.jpg,012332,photo,1,0.9683578610420227,1,1
C:\Users\Zander Truong\Documents\coding\ekyc-face-pad\data\raw\celeba_spoof\SpoofingData\014951.jpg,014951,photo,1,0.9997865557670593,1,1
C:\Users\Zander Truong\Documents\coding\ekyc-face-pad\data\raw\celeba_spoof\SpoofingData\012769.jpg,012769,photo,1,0.9998817443847656,1,1
C:\Users\Zander Truong\Documents\coding\ekyc-face-pad\data\raw\celeba_spoof\SpoofingData\011630.jpg,011630,photo,1,0.987854540348053,1,1
C:\Users\Zander Truong\Documents\coding\ekyc-face-pad\data\raw\celeba_spoof\SpoofingData\000889.jpg,000889,photo,1,0.9990904331207275,1,1
C:\Users\Zander Truong\Documents\coding\ekyc-face-pad\data\raw\celeba_spoof\SpoofingData\008257.jpg,008257,photo,1,0.9905401468276978,1,1
C:\Users\Zander Truong\Documents\coding\ekyc-face-pad\data\raw\celeba_spoof\SpoofingData\015059.jpg,015059,photo,1,0.9716346859931946,1,1
C:\Users\Zander Truong\Documents\coding\ekyc-face-pad\data\raw\celeba_spoof\SpoofingData\009966.jpg,009966,photo,1,0.9974263310432434,1,1
C:\Users\Zander Truong\Documents\coding\ekyc-face-pad\data\raw\celeba_spoof\SpoofingData\002397.jpg,002397,photo,1,0.8032069802284241,1,1
C:\Users\Zander Truong\Documents\coding\ekyc-face-pad\data\raw\celeba_spoof\SpoofingData\001642.jpg,001642,photo,1,0.7081259489059448,1,1
C:\Users\Zander Truong\Documents\coding\ekyc-face-pad\data\raw\celeba_spoof\SpoofingData\013828.jpg,013828,photo,1,0.9884526133537292,1,1
C:\Users\Zander Truong\Documents\coding\ekyc-face-pad\data\raw\celeba_spoof\SpoofingData\008722.jpg,008722,bona_fide,0,0.03535594791173935,0,1
C:\Users\Zander Truong\Documents\coding\ekyc-face-pad\data\raw\celeba_spoof\SpoofingData\003316.jpg,003316,bona_fide,0,0.7473199367523193,1,0
C:\Users\Zander Truong\Documents\coding\ekyc-face-pad\data\raw\celeba_spoof\SpoofingData\004001.jpg,004001,photo,1,0.999031662940979,1,1
C:\Users\Zander Truong\Documents\coding\ekyc-face-pad\data\raw\celeba_spoof\SpoofingData\005061.jpg,005061,bona_fide,0,0.00023264402989298105,0,1
C:\Users\Zander Truong\Documents\coding\ekyc-face-pad\data\raw\celeba_spoof\SpoofingData\001811.jpg,001811,photo,1,0.9952117800712585,1,1
C:\Users\Zander Truong\Documents\coding\ekyc-face-pad\data\raw\celeba_spoof\SpoofingData\011312.jpg,011312,photo,1,0.990623414516449,1,1
C:\Users\Zander Truong\Documents\coding\ekyc-face-pad\data\raw\celeba_spoof\SpoofingData\011063.jpg,011063,bona_fide,0,0.04611608758568764,0,1
C:\Users\Zander Truong\Documents\coding\ekyc-face-pad\data\raw\celeba_spoof\SpoofingData\000390.jpg,000390,photo,1,0.9960832595825195,1,1
C:\Users\Zander Truong\Documents\coding\ekyc-face-pad\data\raw\celeba_spoof\SpoofingData\000834.jpg,000834,photo,1,0.998637855052948,1,1
C:\Users\Zander Truong\Documents\coding\ekyc-face-pad\data\raw\celeba_spoof\SpoofingData\000606.jpg,000606,photo,1,0.9964358806610107,1,1
C:\Users\Zander Truong\Documents\coding\ekyc-face-pad\data\raw\celeba_spoof\SpoofingData\004276.jpg,004276,photo,1,0.9972254037857056,1,1
C:\Users\Zander Truong\Documents\coding\ekyc-face-pad\data\raw\celeba_spoof\SpoofingData\009704.jpg,009704,photo,1,0.9933133721351624,1,1
C:\Users\Zander Truong\Documents\coding\ekyc-face-pad\data\raw\celeba_spoof\SpoofingData\001155.jpg,001155,photo,1,0.99622642993927,1,1
C:\Users\Zander Truong\Documents\coding\ekyc-face-pad\data\raw\celeba_spoof\SpoofingData\006181.jpg,006181,bona_fide,0,0.000562682282179594,0,1
C:\Users\Zander Truong\Documents\coding\ekyc-face-pad\data\raw\celeba_spoof\SpoofingData\005464.jpg,005464,photo,1,0.9562749266624451,1,1
C:\Users\Zander Truong\Documents\coding\ekyc-face-pad\data\raw\celeba_spoof\SpoofingData\001800.jpg,001800,photo,1,0.985768735408783,1,1
C:\Users\Zander Truong\Documents\coding\ekyc-face-pad\data\raw\celeba_spoof\SpoofingData\017417.jpg,017417,photo,1,0.998753547668457,1,1
C:\Users\Zander Truong\Documents\coding\ekyc-face-pad\data\raw\celeba_spoof\SpoofingData\013198.jpg,013198,bona_fide,0,0.0030886977910995483,0,1
C:\Users\Zander Truong\Documents\coding\ekyc-face-pad\data\raw\celeba_spoof\SpoofingData\007995.jpg,007995,photo,1,0.9999722242355347,1,1
C:\Users\Zander Truong\Documents\coding\ekyc-face-pad\data\raw\celeba_spoof\SpoofingData\004713.jpg,004713,bona_fide,0,0.0040873633697628975,0,1
C:\Users\Zander Truong\Documents\coding\ekyc-face-pad\data\raw\celeba_spoof\SpoofingData\008420.jpg,008420,photo,1,0.9985260367393494,1,1
C:\Users\Zander Truong\Documents\coding\ekyc-face-pad\data\raw\celeba_spoof\SpoofingData\009951.jpg,009951,photo,1,0.9634066224098206,1,1
C:\Users\Zander Truong\Documents\coding\ekyc-face-pad\data\raw\celeba_spoof\SpoofingData\008701.jpg,008701,photo,1,0.05985461547970772,0,0
C:\Users\Zander Truong\Documents\coding\ekyc-face-pad\data\raw\celeba_spoof\SpoofingData\007515.jpg,007515,photo,1,0.9999819993972778,1,1
C:\Users\Zander Truong\Documents\coding\ekyc-face-pad\data\raw\celeba_spoof\SpoofingData\000097.jpg,000097,bona_fide,0,7.372082109213807e-07,0,1
C:\Users\Zander Truong\Documents\coding\ekyc-face-pad\data\raw\celeba_spoof\SpoofingData\014611.jpg,014611,photo,1,0.9334679841995239,1,1
C:\Users\Zander Truong\Documents\coding\ekyc-face-pad\data\raw\celeba_spoof\SpoofingData\004900.jpg,004900,bona_fide,0,0.21544474363327026,0,1
C:\Users\Zander Truong\Documents\coding\ekyc-face-pad\data\raw\celeba_spoof\SpoofingData\008124.jpg,008124,photo,1,0.9659277200698853,1,1
C:\Users\Zander Truong\Documents\coding\ekyc-face-pad\data\raw\celeba_spoof\SpoofingData\008507.jpg,008507,bona_fide,0,0.5521116852760315,1,0
C:\Users\Zander Truong\Documents\coding\ekyc-face-pad\data\raw\celeba_spoof\SpoofingData\007677.jpg,007677,bona_fide,0,5.554562812903896e-05,0,1
C:\Users\Zander Truong\Documents\coding\ekyc-face-pad\data\raw\celeba_spoof\SpoofingData\008238.jpg,008238,photo,1,0.9998444318771362,1,1
C:\Users\Zander Truong\Documents\coding\ekyc-face-pad\data\raw\celeba_spoof\SpoofingData\010511.jpg,010511,photo,1,0.7929704785346985,1,1
C:\Users\Zander Truong\Documents\coding\ekyc-face-pad\data\raw\celeba_spoof\SpoofingData\007209.jpg,007209,photo,1,0.999233603477478,1,1
C:\Users\Zander Truong\Documents\coding\ekyc-face-pad\data\raw\celeba_spoof\SpoofingData\011657.jpg,011657,bona_fide,0,0.000416296417824924,0,1
C:\Users\Zander Truong\Documents\coding\ekyc-face-pad\data\raw\celeba_spoof\SpoofingData\002057.jpg,002057,bona_fide,0,0.0002353978343307972,0,1
C:\Users\Zander Truong\Documents\coding\ekyc-face-pad\data\raw\celeba_spoof\SpoofingData\003597.jpg,003597,bona_fide,0,0.3034161925315857,0,1
C:\Users\Zander Truong\Documents\coding\ekyc-face-pad\data\raw\celeba_spoof\SpoofingData\004772.jpg,004772,photo,1,0.9368484020233154,1,1
C:\Users\Zander Truong\Documents\coding\ekyc-face-pad\data\raw\celeba_spoof\SpoofingData\017063.jpg,017063,bona_fide,0,0.022014321759343147,0,1
C:\Users\Zander Truong\Documents\coding\ekyc-face-pad\data\raw\celeba_spoof\SpoofingData\017028.jpg,017028,bona_fide,0,0.5471278429031372,1,0
C:\Users\Zander Truong\Documents\coding\ekyc-face-pad\data\raw\celeba_spoof\SpoofingData\012081.jpg,012081,bona_fide,0,0.22405409812927246,0,1
C:\Users\Zander Truong\Documents\coding\ekyc-face-pad\data\raw\celeba_spoof\SpoofingData\001216.jpg,001216,photo,1,0.4037134051322937,0,0
C:\Users\Zander Truong\Documents\coding\ekyc-face-pad\data\raw\celeba_spoof\SpoofingData\007834.jpg,007834,bona_fide,0,0.057841502130031586,0,1
C:\Users\Zander Truong\Documents\coding\ekyc-face-pad\data\raw\celeba_spoof\SpoofingData\007143.jpg,007143,photo,1,0.9669613242149353,1,1
C:\Users\Zander Truong\Documents\coding\ekyc-face-pad\data\raw\celeba_spoof\SpoofingData\005952.jpg,005952,photo,1,0.9616094827651978,1,1
C:\Users\Zander Truong\Documents\coding\ekyc-face-pad\data\raw\celeba_spoof\SpoofingData\011787.jpg,011787,photo,1,0.9261166453361511,1,1
C:\Users\Zander Truong\Documents\coding\ekyc-face-pad\data\raw\celeba_spoof\SpoofingData\015909.jpg,015909,bona_fide,0,0.004200703464448452,0,1
C:\Users\Zander Truong\Documents\coding\ekyc-face-pad\data\raw\celeba_spoof\SpoofingData\012667.jpg,012667,bona_fide,0,0.9755547642707825,1,0
C:\Users\Zander Truong\Documents\coding\ekyc-face-pad\data\raw\celeba_spoof\SpoofingData\017419.jpg,017419,bona_fide,0,0.6115977168083191,1,0
C:\Users\Zander Truong\Documents\coding\ekyc-face-pad\data\raw\celeba_spoof\SpoofingData\006990.jpg,006990,photo,1,0.916955828666687,1,1
C:\Users\Zander Truong\Documents\coding\ekyc-face-pad\data\raw\celeba_spoof\SpoofingData\003611.jpg,003611,photo,1,0.9995455145835876,1,1
C:\Users\Zander Truong\Documents\coding\ekyc-face-pad\data\raw\celeba_spoof\SpoofingData\008095.jpg,008095,bona_fide,0,0.6226886510848999,1,0
C:\Users\Zander Truong\Documents\coding\ekyc-face-pad\data\raw\celeba_spoof\SpoofingData\012098.jpg,012098,photo,1,0.9979990124702454,1,1
C:\Users\Zander Truong\Documents\coding\ekyc-face-pad\data\raw\celeba_spoof\SpoofingData\014477.jpg,014477,photo,1,0.7292243242263794,1,1
C:\Users\Zander Truong\Documents\coding\ekyc-face-pad\data\raw\celeba_spoof\SpoofingData\012247.jpg,012247,bona_fide,0,0.5219700932502747,1,0
C:\Users\Zander Truong\Documents\coding\ekyc-face-pad\data\raw\celeba_spoof\SpoofingData\009515.jpg,009515,photo,1,0.9733279943466187,1,1
C:\Users\Zander Truong\Documents\coding\ekyc-face-pad\data\raw\celeba_spoof\SpoofingData\014471.jpg,014471,bona_fide,0,0.34498992562294006,0,1
C:\Users\Zander Truong\Documents\coding\ekyc-face-pad\data\raw\celeba_spoof\SpoofingData\007963.jpg,007963,photo,1,0.999485969543457,1,1
C:\Users\Zander Truong\Documents\coding\ekyc-face-pad\data\raw\celeba_spoof\SpoofingData\007545.jpg,007545,photo,1,0.9996556043624878,1,1
C:\Users\Zander Truong\Documents\coding\ekyc-face-pad\data\raw\celeba_spoof\SpoofingData\012463.jpg,012463,photo,1,0.999714195728302,1,1
C:\Users\Zander Truong\Documents\coding\ekyc-face-pad\data\raw\celeba_spoof\SpoofingData\006248.jpg,006248,bona_fide,0,0.7500548958778381,1,0
C:\Users\Zander Truong\Documents\coding\ekyc-face-pad\data\raw\celeba_spoof\SpoofingData\003315.jpg,003315,photo,1,0.030259013175964355,0,0
C:\Users\Zander Truong\Documents\coding\ekyc-face-pad\data\raw\celeba_spoof\SpoofingData\008980.jpg,008980,photo,1,0.14401556551456451,0,0
C:\Users\Zander Truong\Documents\coding\ekyc-face-pad\data\raw\celeba_spoof\SpoofingData\001156.jpg,001156,bona_fide,0,0.0013574652839452028,0,1
C:\Users\Zander Truong\Documents\coding\ekyc-face-pad\data\raw\celeba_spoof\SpoofingData\006603.jpg,006603,photo,1,0.9992889165878296,1,1
C:\Users\Zander Truong\Documents\coding\ekyc-face-pad\data\raw\celeba_spoof\SpoofingData\005689.jpg,005689,photo,1,0.9878756403923035,1,1
C:\Users\Zander Truong\Documents\coding\ekyc-face-pad\data\raw\celeba_spoof\SpoofingData\017604.jpg,017604,bona_fide,0,0.07877171784639359,0,1
C:\Users\Zander Truong\Documents\coding\ekyc-face-pad\data\raw\celeba_spoof\SpoofingData\009307.jpg,009307,photo,1,0.9993327260017395,1,1
C:\Users\Zander Truong\Documents\coding\ekyc-face-pad\data\raw\celeba_spoof\SpoofingData\013922.jpg,013922,photo,1,0.9980881810188293,1,1
C:\Users\Zander Truong\Documents\coding\ekyc-face-pad\data\raw\celeba_spoof\SpoofingData\003118.jpg,003118,photo,1,0.9992813467979431,1,1
C:\Users\Zander Truong\Documents\coding\ekyc-face-pad\data\raw\celeba_spoof\SpoofingData\001191.jpg,001191,bona_fide,0,0.022878224030137062,0,1
C:\Users\Zander Truong\Documents\coding\ekyc-face-pad\data\raw\celeba_spoof\SpoofingData\001206.jpg,001206,photo,1,0.6455186605453491,1,1
C:\Users\Zander Truong\Documents\coding\ekyc-face-pad\data\raw\celeba_spoof\SpoofingData\006148.jpg,006148,photo,1,0.9995026588439941,1,1
C:\Users\Zander Truong\Documents\coding\ekyc-face-pad\data\raw\celeba_spoof\SpoofingData\007719.jpg,007719,bona_fide,0,1.135048114520032e-05,0,1
C:\Users\Zander Truong\Documents\coding\ekyc-face-pad\data\raw\celeba_spoof\SpoofingData\004047.jpg,004047,bona_fide,0,0.0005211003590375185,0,1
C:\Users\Zander Truong\Documents\coding\ekyc-face-pad\data\raw\celeba_spoof\SpoofingData\015505.jpg,015505,photo,1,0.99996018409729,1,1
C:\Users\Zander Truong\Documents\coding\ekyc-face-pad\data\raw\celeba_spoof\SpoofingData\012224.jpg,012224,photo,1,0.6274487972259521,1,1
C:\Users\Zander Truong\Documents\coding\ekyc-face-pad\data\raw\celeba_spoof\SpoofingData\011782.jpg,011782,photo,1,0.9960975646972656,1,1
C:\Users\Zander Truong\Documents\coding\ekyc-face-pad\data\raw\celeba_spoof\SpoofingData\010549.jpg,010549,photo,1,0.9711717963218689,1,1
C:\Users\Zander Truong\Documents\coding\ekyc-face-pad\data\raw\celeba_spoof\SpoofingData\016060.jpg,016060,photo,1,0.6604224443435669,1,1
C:\Users\Zander Truong\Documents\coding\ekyc-face-pad\data\raw\celeba_spoof\SpoofingData\008022.jpg,008022,bona_fide,0,0.01708490215241909,0,1
C:\Users\Zander Truong\Documents\coding\ekyc-face-pad\data\raw\celeba_spoof\SpoofingData\001293.jpg,001293,photo,1,0.981933057308197,1,1
C:\Users\Zander Truong\Documents\coding\ekyc-face-pad\data\raw\celeba_spoof\SpoofingData\006581.jpg,006581,bona_fide,0,0.005925086792558432,0,1
C:\Users\Zander Truong\Documents\coding\ekyc-face-pad\data\raw\celeba_spoof\SpoofingData\009562.jpg,009562,photo,1,0.9993995428085327,1,1
C:\Users\Zander Truong\Documents\coding\ekyc-face-pad\data\raw\celeba_spoof\SpoofingData\000923.jpg,000923,bona_fide,0,0.006276239641010761,0,1
C:\Users\Zander Truong\Documents\coding\ekyc-face-pad\data\raw\celeba_spoof\SpoofingData\014883.jpg,014883,bona_fide,0,9.000257705338299e-05,0,1
C:\Users\Zander Truong\Documents\coding\ekyc-face-pad\data\raw\celeba_spoof\SpoofingData\016567.jpg,016567,bona_fide,0,0.021575963124632835,0,1
C:\Users\Zander Truong\Documents\coding\ekyc-face-pad\data\raw\celeba_spoof\SpoofingData\004926.jpg,004926,photo,1,0.9715657830238342,1,1
C:\Users\Zander Truong\Documents\coding\ekyc-face-pad\data\raw\celeba_spoof\SpoofingData\015428.jpg,015428,photo,1,0.9176483154296875,1,1
C:\Users\Zander Truong\Documents\coding\ekyc-face-pad\data\raw\celeba_spoof\SpoofingData\017178.jpg,017178,photo,1,0.9781557321548462,1,1
C:\Users\Zander Truong\Documents\coding\ekyc-face-pad\data\raw\celeba_spoof\SpoofingData\011449.jpg,011449,photo,1,0.717045783996582,1,1
C:\Users\Zander Truong\Documents\coding\ekyc-face-pad\data\raw\celeba_spoof\SpoofingData\007913.jpg,007913,bona_fide,0,0.9974101185798645,1,0
C:\Users\Zander Truong\Documents\coding\ekyc-face-pad\data\raw\celeba_spoof\SpoofingData\002187.jpg,002187,bona_fide,0,0.001448573893867433,0,1
C:\Users\Zander Truong\Documents\coding\ekyc-face-pad\data\raw\celeba_spoof\SpoofingData\001403.jpg,001403,photo,1,0.9999746084213257,1,1
C:\Users\Zander Truong\Documents\coding\ekyc-face-pad\data\raw\celeba_spoof\SpoofingData\005208.jpg,005208,photo,1,0.9995760321617126,1,1
C:\Users\Zander Truong\Documents\coding\ekyc-face-pad\data\raw\celeba_spoof\SpoofingData\003702.jpg,003702,photo,1,0.43989211320877075,0,0
C:\Users\Zander Truong\Documents\coding\ekyc-face-pad\data\raw\celeba_spoof\SpoofingData\004651.jpg,004651,bona_fide,0,0.011232263408601284,0,1
C:\Users\Zander Truong\Documents\coding\ekyc-face-pad\data\raw\celeba_spoof\SpoofingData\017941.jpg,017941,photo,1,0.9996115565299988,1,1
C:\Users\Zander Truong\Documents\coding\ekyc-face-pad\data\raw\celeba_spoof\SpoofingData\011401.jpg,011401,photo,1,0.993312656879425,1,1
C:\Users\Zander Truong\Documents\coding\ekyc-face-pad\data\raw\celeba_spoof\SpoofingData\009854.jpg,009854,photo,1,0.996976375579834,1,1
C:\Users\Zander Truong\Documents\coding\ekyc-face-pad\data\raw\celeba_spoof\SpoofingData\004490.jpg,004490,bona_fide,0,0.2018665224313736,0,1
C:\Users\Zander Truong\Documents\coding\ekyc-face-pad\data\raw\celeba_spoof\SpoofingData\004353.jpg,004353,photo,1,0.9975074529647827,1,1
C:\Users\Zander Truong\Documents\coding\ekyc-face-pad\data\raw\celeba_spoof\SpoofingData\016405.jpg,016405,photo,1,0.9992451667785645,1,1
C:\Users\Zander Truong\Documents\coding\ekyc-face-pad\data\raw\celeba_spoof\SpoofingData\008230.jpg,008230,photo,1,0.9959845542907715,1,1
C:\Users\Zander Truong\Documents\coding\ekyc-face-pad\data\raw\celeba_spoof\SpoofingData\006102.jpg,006102,photo,1,0.9794030785560608,1,1
C:\Users\Zander Truong\Documents\coding\ekyc-face-pad\data\raw\celeba_spoof\SpoofingData\017436.jpg,017436,photo,1,0.995933473110199,1,1
C:\Users\Zander Truong\Documents\coding\ekyc-face-pad\data\raw\celeba_spoof\SpoofingData\002892.jpg,002892,photo,1,0.34053272008895874,0,0
C:\Users\Zander Truong\Documents\coding\ekyc-face-pad\data\raw\celeba_spoof\SpoofingData\010902.jpg,010902,photo,1,0.9989284873008728,1,1
C:\Users\Zander Truong\Documents\coding\ekyc-face-pad\data\raw\celeba_spoof\SpoofingData\004322.jpg,004322,photo,1,0.9872509241104126,1,1
C:\Users\Zander Truong\Documents\coding\ekyc-face-pad\data\raw\celeba_spoof\SpoofingData\003752.jpg,003752,photo,1,0.9978984594345093,1,1
C:\Users\Zander Truong\Documents\coding\ekyc-face-pad\data\raw\celeba_spoof\SpoofingData\012097.jpg,012097,photo,1,0.9990307092666626,1,1
C:\Users\Zander Truong\Documents\coding\ekyc-face-pad\data\raw\celeba_spoof\SpoofingData\015938.jpg,015938,bona_fide,0,0.009402346797287464,0,1
C:\Users\Zander Truong\Documents\coding\ekyc-face-pad\data\raw\celeba_spoof\SpoofingData\006712.jpg,006712,photo,1,0.9996328353881836,1,1
C:\Users\Zander Truong\Documents\coding\ekyc-face-pad\data\raw\celeba_spoof\SpoofingData\007113.jpg,007113,photo,1,0.9985426664352417,1,1
C:\Users\Zander Truong\Documents\coding\ekyc-face-pad\data\raw\celeba_spoof\SpoofingData\012140.jpg,012140,bona_fide,0,0.003601018339395523,0,1
C:\Users\Zander Truong\Documents\coding\ekyc-face-pad\data\raw\celeba_spoof\SpoofingData\009753.jpg,009753,bona_fide,0,0.34537622332572937,0,1
C:\Users\Zander Truong\Documents\coding\ekyc-face-pad\data\raw\celeba_spoof\SpoofingData\004776.jpg,004776,photo,1,0.9999872446060181,1,1
C:\Users\Zander Truong\Documents\coding\ekyc-face-pad\data\raw\celeba_spoof\SpoofingData\015301.jpg,015301,photo,1,0.8241434693336487,1,1
C:\Users\Zander Truong\Documents\coding\ekyc-face-pad\data\raw\celeba_spoof\SpoofingData\010473.jpg,010473,photo,1,0.9889065027236938,1,1
C:\Users\Zander Truong\Documents\coding\ekyc-face-pad\data\raw\celeba_spoof\SpoofingData\001149.jpg,001149,photo,1,0.9951967597007751,1,1
C:\Users\Zander Truong\Documents\coding\ekyc-face-pad\data\raw\celeba_spoof\SpoofingData\016907.jpg,016907,photo,1,0.9238139986991882,1,1
C:\Users\Zander Truong\Documents\coding\ekyc-face-pad\data\raw\celeba_spoof\SpoofingData\003933.jpg,003933,bona_fide,0,0.14909690618515015,0,1
C:\Users\Zander Truong\Documents\coding\ekyc-face-pad\data\raw\celeba_spoof\SpoofingData\015145.jpg,015145,bona_fide,0,0.01100603211671114,0,1
C:\Users\Zander Truong\Documents\coding\ekyc-face-pad\data\raw\celeba_spoof\SpoofingData\016582.jpg,016582,photo,1,0.6805172562599182,1,1
C:\Users\Zander Truong\Documents\coding\ekyc-face-pad\data\raw\celeba_spoof\SpoofingData\010563.jpg,010563,photo,1,0.7888995409011841,1,1
C:\Users\Zander Truong\Documents\coding\ekyc-face-pad\data\raw\celeba_spoof\SpoofingData\003526.jpg,003526,photo,1,0.732997477054596,1,1
C:\Users\Zander Truong\Documents\coding\ekyc-face-pad\data\raw\celeba_spoof\SpoofingData\009794.jpg,009794,bona_fide,0,0.002695945557206869,0,1
C:\Users\Zander Truong\Documents\coding\ekyc-face-pad\data\raw\celeba_spoof\SpoofingData\007314.jpg,007314,photo,1,0.9971988201141357,1,1
C:\Users\Zander Truong\Documents\coding\ekyc-face-pad\data\raw\celeba_spoof\SpoofingData\009567.jpg,009567,photo,1,0.9942065477371216,1,1
C:\Users\Zander Truong\Documents\coding\ekyc-face-pad\data\raw\celeba_spoof\SpoofingData\001815.jpg,001815,photo,1,0.961444079875946,1,1
C:\Users\Zander Truong\Documents\coding\ekyc-face-pad\data\raw\celeba_spoof\SpoofingData\010303.jpg,010303,bona_fide,0,0.9988297820091248,1,0
C:\Users\Zander Truong\Documents\coding\ekyc-face-pad\data\raw\celeba_spoof\SpoofingData\008024.jpg,008024,photo,1,0.9367528557777405,1,1
C:\Users\Zander Truong\Documents\coding\ekyc-face-pad\data\raw\celeba_spoof\SpoofingData\005317.jpg,005317,bona_fide,0,0.07199616730213165,0,1
C:\Users\Zander Truong\Documents\coding\ekyc-face-pad\data\raw\celeba_spoof\SpoofingData\010176.jpg,010176,photo,1,0.9988025426864624,1,1
C:\Users\Zander Truong\Documents\coding\ekyc-face-pad\data\raw\celeba_spoof\SpoofingData\007749.jpg,007749,photo,1,0.9958001971244812,1,1
C:\Users\Zander Truong\Documents\coding\ekyc-face-pad\data\raw\celeba_spoof\SpoofingData\000041.jpg,000041,photo,1,0.5077826976776123,1,1
C:\Users\Zander Truong\Documents\coding\ekyc-face-pad\data\raw\celeba_spoof\SpoofingData\014305.jpg,014305,photo,1,0.999570906162262,1,1
C:\Users\Zander Truong\Documents\coding\ekyc-face-pad\data\raw\celeba_spoof\SpoofingData\000286.jpg,000286,bona_fide,0,0.014357887208461761,0,1
C:\Users\Zander Truong\Documents\coding\ekyc-face-pad\data\raw\celeba_spoof\SpoofingData\012788.jpg,012788,bona_fide,0,0.03345705196261406,0,1
C:\Users\Zander Truong\Documents\coding\ekyc-face-pad\data\raw\celeba_spoof\SpoofingData\005858.jpg,005858,photo,1,0.9971368312835693,1,1
C:\Users\Zander Truong\Documents\coding\ekyc-face-pad\data\raw\celeba_spoof\SpoofingData\011378.jpg,011378,photo,1,0.9910416007041931,1,1
C:\Users\Zander Truong\Documents\coding\ekyc-face-pad\data\raw\celeba_spoof\SpoofingData\001361.jpg,001361,photo,1,0.9872798919677734,1,1
C:\Users\Zander Truong\Documents\coding\ekyc-face-pad\data\raw\celeba_spoof\SpoofingData\017151.jpg,017151,bona_fide,0,0.2799789607524872,0,1
C:\Users\Zander Truong\Documents\coding\ekyc-face-pad\data\raw\celeba_spoof\SpoofingData\016274.jpg,016274,photo,1,0.999990701675415,1,1
C:\Users\Zander Truong\Documents\coding\ekyc-face-pad\data\raw\celeba_spoof\SpoofingData\003334.jpg,003334,bona_fide,0,0.02407684177160263,0,1
C:\Users\Zander Truong\Documents\coding\ekyc-face-pad\data\raw\celeba_spoof\SpoofingData\009393.jpg,009393,bona_fide,0,0.002035979414358735,0,1
C:\Users\Zander Truong\Documents\coding\ekyc-face-pad\data\raw\celeba_spoof\SpoofingData\002202.jpg,002202,photo,1,0.7191811800003052,1,1
C:\Users\Zander Truong\Documents\coding\ekyc-face-pad\data\raw\celeba_spoof\SpoofingData\010714.jpg,010714,bona_fide,0,0.15491372346878052,0,1
C:\Users\Zander Truong\Documents\coding\ekyc-face-pad\data\raw\celeba_spoof\SpoofingData\002663.jpg,002663,photo,1,0.8127813935279846,1,1
C:\Users\Zander Truong\Documents\coding\ekyc-face-pad\data\raw\celeba_spoof\SpoofingData\004465.jpg,004465,photo,1,0.9998388290405273,1,1
C:\Users\Zander Truong\Documents\coding\ekyc-face-pad\data\raw\celeba_spoof\SpoofingData\015860.jpg,015860,bona_fide,0,2.5965623535739724e-06,0,1
C:\Users\Zander Truong\Documents\coding\ekyc-face-pad\data\raw\celeba_spoof\SpoofingData\015827.jpg,015827,photo,1,0.9997747540473938,1,1
C:\Users\Zander Truong\Documents\coding\ekyc-face-pad\data\raw\celeba_spoof\SpoofingData\010212.jpg,010212,bona_fide,0,0.9942939877510071,1,0
C:\Users\Zander Truong\Documents\coding\ekyc-face-pad\data\raw\celeba_spoof\SpoofingData\008649.jpg,008649,photo,1,0.9997970461845398,1,1
C:\Users\Zander Truong\Documents\coding\ekyc-face-pad\data\raw\celeba_spoof\SpoofingData\001414.jpg,001414,photo,1,0.7402490973472595,1,1
C:\Users\Zander Truong\Documents\coding\ekyc-face-pad\data\raw\celeba_spoof\SpoofingData\010837.jpg,010837,bona_fide,0,6.18794874753803e-05,0,1
C:\Users\Zander Truong\Documents\coding\ekyc-face-pad\data\raw\celeba_spoof\SpoofingData\006816.jpg,006816,photo,1,0.9996367692947388,1,1
C:\Users\Zander Truong\Documents\coding\ekyc-face-pad\data\raw\celeba_spoof\SpoofingData\009993.jpg,009993,photo,1,0.9999600648880005,1,1
C:\Users\Zander Truong\Documents\coding\ekyc-face-pad\data\raw\celeba_spoof\SpoofingData\014677.jpg,014677,photo,1,0.9999843835830688,1,1
C:\Users\Zander Truong\Documents\coding\ekyc-face-pad\data\raw\celeba_spoof\SpoofingData\012131.jpg,012131,photo,1,0.546033501625061,1,1
C:\Users\Zander Truong\Documents\coding\ekyc-face-pad\data\raw\celeba_spoof\SpoofingData\000644.jpg,000644,photo,1,0.9979279041290283,1,1
C:\Users\Zander Truong\Documents\coding\ekyc-face-pad\data\raw\celeba_spoof\SpoofingData\014266.jpg,014266,photo,1,0.19470660388469696,0,0
C:\Users\Zander Truong\Documents\coding\ekyc-face-pad\data\raw\celeba_spoof\SpoofingData\000915.jpg,000915,bona_fide,0,0.0004726937913801521,0,1
C:\Users\Zander Truong\Documents\coding\ekyc-face-pad\data\raw\celeba_spoof\SpoofingData\017259.jpg,017259,photo,1,0.9960298538208008,1,1
C:\Users\Zander Truong\Documents\coding\ekyc-face-pad\data\raw\celeba_spoof\SpoofingData\006701.jpg,006701,bona_fide,0,0.3390533924102783,0,1
C:\Users\Zander Truong\Documents\coding\ekyc-face-pad\data\raw\celeba_spoof\SpoofingData\014227.jpg,014227,bona_fide,0,0.006855809595435858,0,1
C:\Users\Zander Truong\Documents\coding\ekyc-face-pad\data\raw\celeba_spoof\SpoofingData\016985.jpg,016985,bona_fide,0,0.023389803245663643,0,1
C:\Users\Zander Truong\Documents\coding\ekyc-face-pad\data\raw\celeba_spoof\SpoofingData\005803.jpg,005803,photo,1,0.905309796333313,1,1
C:\Users\Zander Truong\Documents\coding\ekyc-face-pad\data\raw\celeba_spoof\SpoofingData\015802.jpg,015802,photo,1,0.9998664855957031,1,1
C:\Users\Zander Truong\Documents\coding\ekyc-face-pad\data\raw\celeba_spoof\SpoofingData\016078.jpg,016078,photo,1,0.9938176274299622,1,1
C:\Users\Zander Truong\Documents\coding\ekyc-face-pad\data\raw\celeba_spoof\SpoofingData\009033.jpg,009033,bona_fide,0,0.0033966463524848223,0,1
C:\Users\Zander Truong\Documents\coding\ekyc-face-pad\data\raw\celeba_spoof\SpoofingData\001054.jpg,001054,photo,1,0.9948476552963257,1,1
C:\Users\Zander Truong\Documents\coding\ekyc-face-pad\data\raw\celeba_spoof\SpoofingData\004243.jpg,004243,photo,1,0.951044499874115,1,1
C:\Users\Zander Truong\Documents\coding\ekyc-face-pad\data\raw\celeba_spoof\SpoofingData\007787.jpg,007787,bona_fide,0,0.538742184638977,1,0
C:\Users\Zander Truong\Documents\coding\ekyc-face-pad\data\raw\celeba_spoof\SpoofingData\000074.jpg,000074,photo,1,0.8718950748443604,1,1
C:\Users\Zander Truong\Documents\coding\ekyc-face-pad\data\raw\celeba_spoof\SpoofingData\005870.jpg,005870,photo,1,0.8676949739456177,1,1
C:\Users\Zander Truong\Documents\coding\ekyc-face-pad\data\raw\celeba_spoof\SpoofingData\013624.jpg,013624,photo,1,0.13668875396251678,0,0
C:\Users\Zander Truong\Documents\coding\ekyc-face-pad\data\raw\celeba_spoof\SpoofingData\004582.jpg,004582,bona_fide,0,0.003903603181242943,0,1
C:\Users\Zander Truong\Documents\coding\ekyc-face-pad\data\raw\celeba_spoof\SpoofingData\008794.jpg,008794,photo,1,0.9560194611549377,1,1
C:\Users\Zander Truong\Documents\coding\ekyc-face-pad\data\raw\celeba_spoof\SpoofingData\012508.jpg,012508,bona_fide,0,0.0008181437151506543,0,1
C:\Users\Zander Truong\Documents\coding\ekyc-face-pad\data\raw\celeba_spoof\SpoofingData\002597.jpg,002597,photo,1,0.5049670338630676,1,1
C:\Users\Zander Truong\Documents\coding\ekyc-face-pad\data\raw\celeba_spoof\SpoofingData\014198.jpg,014198,bona_fide,0,0.0019051696872338653,0,1
C:\Users\Zander Truong\Documents\coding\ekyc-face-pad\data\raw\celeba_spoof\SpoofingData\015989.jpg,015989,bona_fide,0,1.886084987745562e-06,0,1
C:\Users\Zander Truong\Documents\coding\ekyc-face-pad\data\raw\celeba_spoof\SpoofingData\016407.jpg,016407,photo,1,0.999971866607666,1,1
C:\Users\Zander Truong\Documents\coding\ekyc-face-pad\data\raw\celeba_spoof\SpoofingData\004291.jpg,004291,bona_fide,0,0.11174745857715607,0,1
C:\Users\Zander Truong\Documents\coding\ekyc-face-pad\data\raw\celeba_spoof\SpoofingData\017266.jpg,017266,photo,1,0.4309288263320923,0,0
C:\Users\Zander Truong\Documents\coding\ekyc-face-pad\data\raw\celeba_spoof\SpoofingData\009405.jpg,009405,bona_fide,0,2.8243392080185004e-05,0,1
C:\Users\Zander Truong\Documents\coding\ekyc-face-pad\data\raw\celeba_spoof\SpoofingData\012673.jpg,012673,photo,1,0.9999256134033203,1,1
C:\Users\Zander Truong\Documents\coding\ekyc-face-pad\data\raw\celeba_spoof\SpoofingData\005279.jpg,005279,bona_fide,0,0.7578155994415283,1,0
C:\Users\Zander Truong\Documents\coding\ekyc-face-pad\data\raw\celeba_spoof\SpoofingData\004891.jpg,004891,bona_fide,0,0.005943539086729288,0,1
C:\Users\Zander Truong\Documents\coding\ekyc-face-pad\data\raw\celeba_spoof\SpoofingData\001339.jpg,001339,photo,1,0.9965435862541199,1,1
C:\Users\Zander Truong\Documents\coding\ekyc-face-pad\data\raw\celeba_spoof\SpoofingData\013867.jpg,013867,photo,1,0.9993898868560791,1,1
C:\Users\Zander Truong\Documents\coding\ekyc-face-pad\data\raw\celeba_spoof\SpoofingData\016908.jpg,016908,bona_fide,0,0.0007055155001580715,0,1
C:\Users\Zander Truong\Documents\coding\ekyc-face-pad\data\raw\celeba_spoof\SpoofingData\011618.jpg,011618,bona_fide,0,0.10810265690088272,0,1
C:\Users\Zander Truong\Documents\coding\ekyc-face-pad\data\raw\celeba_spoof\SpoofingData\007813.jpg,007813,bona_fide,0,0.04589822143316269,0,1
C:\Users\Zander Truong\Documents\coding\ekyc-face-pad\data\raw\celeba_spoof\SpoofingData\016180.jpg,016180,photo,1,0.9865549802780151,1,1
C:\Users\Zander Truong\Documents\coding\ekyc-face-pad\data\raw\celeba_spoof\SpoofingData\010080.jpg,010080,bona_fide,0,0.005683042109012604,0,1
C:\Users\Zander Truong\Documents\coding\ekyc-face-pad\data\raw\celeba_spoof\SpoofingData\012746.jpg,012746,bona_fide,0,0.4000924527645111,0,1
C:\Users\Zander Truong\Documents\coding\ekyc-face-pad\data\raw\celeba_spoof\SpoofingData\017744.jpg,017744,photo,1,0.9946178793907166,1,1
C:\Users\Zander Truong\Documents\coding\ekyc-face-pad\data\raw\celeba_spoof\SpoofingData\013333.jpg,013333,photo,1,0.9928838014602661,1,1
C:\Users\Zander Truong\Documents\coding\ekyc-face-pad\data\raw\celeba_spoof\SpoofingData\005219.jpg,005219,photo,1,0.7570710778236389,1,1
C:\Users\Zander Truong\Documents\coding\ekyc-face-pad\data\raw\celeba_spoof\SpoofingData\013453.jpg,013453,bona_fide,0,0.8128397464752197,1,0
C:\Users\Zander Truong\Documents\coding\ekyc-face-pad\data\raw\celeba_spoof\SpoofingData\011153.jpg,011153,photo,1,0.982505202293396,1,1
C:\Users\Zander Truong\Documents\coding\ekyc-face-pad\data\raw\celeba_spoof\SpoofingData\015279.jpg,015279,photo,1,0.9848179221153259,1,1
C:\Users\Zander Truong\Documents\coding\ekyc-face-pad\data\raw\celeba_spoof\SpoofingData\003034.jpg,003034,photo,1,0.9887571930885315,1,1
C:\Users\Zander Truong\Documents\coding\ekyc-face-pad\data\raw\celeba_spoof\SpoofingData\012054.jpg,012054,photo,1,0.9997557997703552,1,1
C:\Users\Zander Truong\Documents\coding\ekyc-face-pad\data\raw\celeba_spoof\SpoofingData\000483.jpg,000483,photo,1,0.9893679022789001,1,1
C:\Users\Zander Truong\Documents\coding\ekyc-face-pad\data\raw\celeba_spoof\SpoofingData\010201.jpg,010201,photo,1,0.8940627574920654,1,1
C:\Users\Zander Truong\Documents\coding\ekyc-face-pad\data\raw\celeba_spoof\SpoofingData\009742.jpg,009742,bona_fide,0,0.009085685946047306,0,1
C:\Users\Zander Truong\Documents\coding\ekyc-face-pad\data\raw\celeba_spoof\SpoofingData\002603.jpg,002603,photo,1,0.9869835376739502,1,1
C:\Users\Zander Truong\Documents\coding\ekyc-face-pad\data\raw\celeba_spoof\SpoofingData\016173.jpg,016173,photo,1,0.992161214351654,1,1
C:\Users\Zander Truong\Documents\coding\ekyc-face-pad\data\raw\celeba_spoof\SpoofingData\012324.jpg,012324,photo,1,0.9887220859527588,1,1
C:\Users\Zander Truong\Documents\coding\ekyc-face-pad\data\raw\celeba_spoof\SpoofingData\003224.jpg,003224,photo,1,0.9878346920013428,1,1
C:\Users\Zander Truong\Documents\coding\ekyc-face-pad\data\raw\celeba_spoof\SpoofingData\012290.jpg,012290,bona_fide,0,0.2066384106874466,0,1
C:\Users\Zander Truong\Documents\coding\ekyc-face-pad\data\raw\celeba_spoof\SpoofingData\006246.jpg,006246,photo,1,0.9992163181304932,1,1
C:\Users\Zander Truong\Documents\coding\ekyc-face-pad\data\raw\celeba_spoof\SpoofingData\010791.jpg,010791,photo,1,0.43316903710365295,0,0
C:\Users\Zander Truong\Documents\coding\ekyc-face-pad\data\raw\celeba_spoof\SpoofingData\012447.jpg,012447,bona_fide,0,4.9991173000307754e-05,0,1
C:\Users\Zander Truong\Documents\coding\ekyc-face-pad\data\raw\celeba_spoof\SpoofingData\014226.jpg,014226,photo,1,0.9996669292449951,1,1
C:\Users\Zander Truong\Documents\coding\ekyc-face-pad\data\raw\celeba_spoof\SpoofingData\017837.jpg,017837,photo,1,0.9992862343788147,1,1
C:\Users\Zander Truong\Documents\coding\ekyc-face-pad\data\raw\celeba_spoof\SpoofingData\008556.jpg,008556,photo,1,0.9969600439071655,1,1
C:\Users\Zander Truong\Documents\coding\ekyc-face-pad\data\raw\celeba_spoof\SpoofingData\005225.jpg,005225,photo,1,0.9986905455589294,1,1
C:\Users\Zander Truong\Documents\coding\ekyc-face-pad\data\raw\celeba_spoof\SpoofingData\008931.jpg,008931,photo,1,0.9840063452720642,1,1
C:\Users\Zander Truong\Documents\coding\ekyc-face-pad\data\raw\celeba_spoof\SpoofingData\005311.jpg,005311,photo,1,0.9994906187057495,1,1
C:\Users\Zander Truong\Documents\coding\ekyc-face-pad\data\raw\celeba_spoof\SpoofingData\014620.jpg,014620,photo,1,0.9775198101997375,1,1
C:\Users\Zander Truong\Documents\coding\ekyc-face-pad\data\raw\celeba_spoof\SpoofingData\008643.jpg,008643,photo,1,0.9404319524765015,1,1
C:\Users\Zander Truong\Documents\coding\ekyc-face-pad\data\raw\celeba_spoof\SpoofingData\014488.jpg,014488,photo,1,0.9887776970863342,1,1
C:\Users\Zander Truong\Documents\coding\ekyc-face-pad\data\raw\celeba_spoof\SpoofingData\004818.jpg,004818,bona_fide,0,0.9205724596977234,1,0
C:\Users\Zander Truong\Documents\coding\ekyc-face-pad\data\raw\celeba_spoof\SpoofingData\010045.jpg,010045,bona_fide,0,5.505141302819538e-07,0,1
C:\Users\Zander Truong\Documents\coding\ekyc-face-pad\data\raw\celeba_spoof\SpoofingData\011724.jpg,011724,photo,1,0.9972934126853943,1,1
C:\Users\Zander Truong\Documents\coding\ekyc-face-pad\data\raw\celeba_spoof\SpoofingData\006107.jpg,006107,photo,1,0.9925487041473389,1,1
C:\Users\Zander Truong\Documents\coding\ekyc-face-pad\data\raw\celeba_spoof\SpoofingData\005486.jpg,005486,photo,1,0.9213861227035522,1,1
C:\Users\Zander Truong\Documents\coding\ekyc-face-pad\data\raw\celeba_spoof\SpoofingData\012891.jpg,012891,bona_fide,0,8.600666205893504e-07,0,1
C:\Users\Zander Truong\Documents\coding\ekyc-face-pad\data\raw\celeba_spoof\SpoofingData\005940.jpg,005940,photo,1,0.8602961301803589,1,1
C:\Users\Zander Truong\Documents\coding\ekyc-face-pad\data\raw\celeba_spoof\SpoofingData\015780.jpg,015780,photo,1,0.9465434551239014,1,1
C:\Users\Zander Truong\Documents\coding\ekyc-face-pad\data\raw\celeba_spoof\SpoofingData\008743.jpg,008743,bona_fide,0,0.49626725912094116,0,1
C:\Users\Zander Truong\Documents\coding\ekyc-face-pad\data\raw\celeba_spoof\SpoofingData\007776.jpg,007776,photo,1,0.9775116443634033,1,1
C:\Users\Zander Truong\Documents\coding\ekyc-face-pad\data\raw\celeba_spoof\SpoofingData\014079.jpg,014079,bona_fide,0,0.3562595546245575,0,1
C:\Users\Zander Truong\Documents\coding\ekyc-face-pad\data\raw\celeba_spoof\SpoofingData\013324.jpg,013324,bona_fide,0,0.1449216902256012,0,1
C:\Users\Zander Truong\Documents\coding\ekyc-face-pad\data\raw\celeba_spoof\SpoofingData\010078.jpg,010078,photo,1,0.9998793601989746,1,1
C:\Users\Zander Truong\Documents\coding\ekyc-face-pad\data\raw\celeba_spoof\SpoofingData\011589.jpg,011589,photo,1,0.9832878708839417,1,1
C:\Users\Zander Truong\Documents\coding\ekyc-face-pad\data\raw\celeba_spoof\SpoofingData\005997.jpg,005997,bona_fide,0,0.05099356919527054,0,1
C:\Users\Zander Truong\Documents\coding\ekyc-face-pad\data\raw\celeba_spoof\SpoofingData\010780.jpg,010780,bona_fide,0,8.146806067088619e-06,0,1
C:\Users\Zander Truong\Documents\coding\ekyc-face-pad\data\raw\celeba_spoof\SpoofingData\014499.jpg,014499,photo,1,0.9992103576660156,1,1
C:\Users\Zander Truong\Documents\coding\ekyc-face-pad\data\raw\celeba_spoof\SpoofingData\009652.jpg,009652,bona_fide,0,5.928438895352883e-06,0,1
C:\Users\Zander Truong\Documents\coding\ekyc-face-pad\data\raw\celeba_spoof\SpoofingData\006443.jpg,006443,bona_fide,0,0.005928744561970234,0,1
C:\Users\Zander Truong\Documents\coding\ekyc-face-pad\data\raw\celeba_spoof\SpoofingData\012395.jpg,012395,photo,1,0.9637319445610046,1,1
C:\Users\Zander Truong\Documents\coding\ekyc-face-pad\data\raw\celeba_spoof\SpoofingData\010351.jpg,010351,bona_fide,0,0.0002384612016612664,0,1
C:\Users\Zander Truong\Documents\coding\ekyc-face-pad\data\raw\celeba_spoof\SpoofingData\006893.jpg,006893,photo,1,0.9729087352752686,1,1
C:\Users\Zander Truong\Documents\coding\ekyc-face-pad\data\raw\celeba_spoof\SpoofingData\017274.jpg,017274,photo,1,0.9884492754936218,1,1
C:\Users\Zander Truong\Documents\coding\ekyc-face-pad\data\raw\celeba_spoof\SpoofingData\015866.jpg,015866,photo,1,0.862629234790802,1,1
C:\Users\Zander Truong\Documents\coding\ekyc-face-pad\data\raw\celeba_spoof\SpoofingData\015146.jpg,015146,photo,1,0.7043680548667908,1,1
C:\Users\Zander Truong\Documents\coding\ekyc-face-pad\data\raw\celeba_spoof\SpoofingData\015912.jpg,015912,bona_fide,0,0.3142140507698059,0,1
C:\Users\Zander Truong\Documents\coding\ekyc-face-pad\data\raw\celeba_spoof\SpoofingData\008402.jpg,008402,photo,1,0.9513999223709106,1,1
C:\Users\Zander Truong\Documents\coding\ekyc-face-pad\data\raw\celeba_spoof\SpoofingData\016418.jpg,016418,photo,1,0.9989369511604309,1,1
C:\Users\Zander Truong\Documents\coding\ekyc-face-pad\data\raw\celeba_spoof\SpoofingData\007471.jpg,007471,photo,1,0.9999310970306396,1,1
C:\Users\Zander Truong\Documents\coding\ekyc-face-pad\data\raw\celeba_spoof\SpoofingData\010663.jpg,010663,bona_fide,0,0.07745987921953201,0,1
C:\Users\Zander Truong\Documents\coding\ekyc-face-pad\data\raw\celeba_spoof\SpoofingData\012210.jpg,012210,photo,1,0.98243248462677,1,1
C:\Users\Zander Truong\Documents\coding\ekyc-face-pad\data\raw\celeba_spoof\SpoofingData\007807.jpg,007807,photo,1,0.9266157746315002,1,1
C:\Users\Zander Truong\Documents\coding\ekyc-face-pad\data\raw\celeba_spoof\SpoofingData\000151.jpg,000151,bona_fide,0,0.00020183247397653759,0,1
C:\Users\Zander Truong\Documents\coding\ekyc-face-pad\data\raw\celeba_spoof\SpoofingData\007274.jpg,007274,photo,1,0.999283492565155,1,1
C:\Users\Zander Truong\Documents\coding\ekyc-face-pad\data\raw\celeba_spoof\SpoofingData\014223.jpg,014223,photo,1,0.9928706288337708,1,1
C:\Users\Zander Truong\Documents\coding\ekyc-face-pad\data\raw\celeba_spoof\SpoofingData\015902.jpg,015902,bona_fide,0,0.0021523272152990103,0,1
C:\Users\Zander Truong\Documents\coding\ekyc-face-pad\data\raw\celeba_spoof\SpoofingData\002854.jpg,002854,bona_fide,0,0.7629981637001038,1,0
C:\Users\Zander Truong\Documents\coding\ekyc-face-pad\data\raw\celeba_spoof\SpoofingData\016039.jpg,016039,bona_fide,0,0.08584995567798615,0,1
C:\Users\Zander Truong\Documents\coding\ekyc-face-pad\data\raw\celeba_spoof\SpoofingData\000340.jpg,000340,photo,1,0.9997830986976624,1,1
C:\Users\Zander Truong\Documents\coding\ekyc-face-pad\data\raw\celeba_spoof\SpoofingData\017894.jpg,017894,photo,1,0.9654471278190613,1,1
C:\Users\Zander Truong\Documents\coding\ekyc-face-pad\data\raw\celeba_spoof\SpoofingData\006711.jpg,006711,photo,1,0.9926678538322449,1,1
C:\Users\Zander Truong\Documents\coding\ekyc-face-pad\data\raw\celeba_spoof\SpoofingData\000506.jpg,000506,photo,1,0.999647855758667,1,1
C:\Users\Zander Truong\Documents\coding\ekyc-face-pad\data\raw\celeba_spoof\SpoofingData\017257.jpg,017257,bona_fide,0,0.06288913637399673,0,1
C:\Users\Zander Truong\Documents\coding\ekyc-face-pad\data\raw\celeba_spoof\SpoofingData\013827.jpg,013827,bona_fide,0,0.004969844128936529,0,1
C:\Users\Zander Truong\Documents\coding\ekyc-face-pad\data\raw\celeba_spoof\SpoofingData\006016.jpg,006016,photo,1,0.9985058307647705,1,1
C:\Users\Zander Truong\Documents\coding\ekyc-face-pad\data\raw\celeba_spoof\SpoofingData\009034.jpg,009034,photo,1,0.880966067314148,1,1
C:\Users\Zander Truong\Documents\coding\ekyc-face-pad\data\raw\celeba_spoof\SpoofingData\004265.jpg,004265,bona_fide,0,7.689198537264019e-05,0,1
C:\Users\Zander Truong\Documents\coding\ekyc-face-pad\data\raw\celeba_spoof\SpoofingData\007400.jpg,007400,photo,1,0.940305769443512,1,1
C:\Users\Zander Truong\Documents\coding\ekyc-face-pad\data\raw\celeba_spoof\SpoofingData\003940.jpg,003940,photo,1,0.33298495411872864,0,0
C:\Users\Zander Truong\Documents\coding\ekyc-face-pad\data\raw\celeba_spoof\SpoofingData\016659.jpg,016659,photo,1,0.9996912479400635,1,1
C:\Users\Zander Truong\Documents\coding\ekyc-face-pad\data\raw\celeba_spoof\SpoofingData\005178.jpg,005178,photo,1,0.961051344871521,1,1
C:\Users\Zander Truong\Documents\coding\ekyc-face-pad\data\raw\celeba_spoof\SpoofingData\000296.jpg,000296,photo,1,0.8533695936203003,1,1
C:\Users\Zander Truong\Documents\coding\ekyc-face-pad\data\raw\celeba_spoof\SpoofingData\011995.jpg,011995,photo,1,0.9928076267242432,1,1
C:\Users\Zander Truong\Documents\coding\ekyc-face-pad\data\raw\celeba_spoof\SpoofingData\006258.jpg,006258,photo,1,0.9997237324714661,1,1
C:\Users\Zander Truong\Documents\coding\ekyc-face-pad\data\raw\celeba_spoof\SpoofingData\011249.jpg,011249,bona_fide,0,0.12690295279026031,0,1
C:\Users\Zander Truong\Documents\coding\ekyc-face-pad\data\raw\celeba_spoof\SpoofingData\017982.jpg,017982,bona_fide,0,0.9615744352340698,1,0
C:\Users\Zander Truong\Documents\coding\ekyc-face-pad\data\raw\celeba_spoof\SpoofingData\008714.jpg,008714,photo,1,0.9996590614318848,1,1
C:\Users\Zander Truong\Documents\coding\ekyc-face-pad\data\raw\celeba_spoof\SpoofingData\013029.jpg,013029,photo,1,0.9837138652801514,1,1
C:\Users\Zander Truong\Documents\coding\ekyc-face-pad\data\raw\celeba_spoof\SpoofingData\009815.jpg,009815,photo,1,0.9860113859176636,1,1
C:\Users\Zander Truong\Documents\coding\ekyc-face-pad\data\raw\celeba_spoof\SpoofingData\011305.jpg,011305,bona_fide,0,0.14220744371414185,0,1
C:\Users\Zander Truong\Documents\coding\ekyc-face-pad\data\raw\celeba_spoof\SpoofingData\007818.jpg,007818,bona_fide,0,0.1270737648010254,0,1
C:\Users\Zander Truong\Documents\coding\ekyc-face-pad\data\raw\celeba_spoof\SpoofingData\014558.jpg,014558,photo,1,0.9971049427986145,1,1
C:\Users\Zander Truong\Documents\coding\ekyc-face-pad\data\raw\celeba_spoof\SpoofingData\000571.jpg,000571,photo,1,0.4882185459136963,0,0
C:\Users\Zander Truong\Documents\coding\ekyc-face-pad\data\raw\celeba_spoof\SpoofingData\004374.jpg,004374,bona_fide,0,0.0038540142122656107,0,1
C:\Users\Zander Truong\Documents\coding\ekyc-face-pad\data\raw\celeba_spoof\SpoofingData\007897.jpg,007897,bona_fide,0,0.05494372919201851,0,1
C:\Users\Zander Truong\Documents\coding\ekyc-face-pad\data\raw\celeba_spoof\SpoofingData\010982.jpg,010982,bona_fide,0,0.15975002944469452,0,1
C:\Users\Zander Truong\Documents\coding\ekyc-face-pad\data\raw\celeba_spoof\SpoofingData\015069.jpg,015069,bona_fide,0,0.7499633431434631,1,0
C:\Users\Zander Truong\Documents\coding\ekyc-face-pad\data\raw\celeba_spoof\SpoofingData\008798.jpg,008798,photo,1,0.9999227523803711,1,1
C:\Users\Zander Truong\Documents\coding\ekyc-face-pad\data\raw\celeba_spoof\SpoofingData\009222.jpg,009222,photo,1,0.8581132292747498,1,1
C:\Users\Zander Truong\Documents\coding\ekyc-face-pad\data\raw\celeba_spoof\SpoofingData\004558.jpg,004558,bona_fide,0,0.005446820054203272,0,1
C:\Users\Zander Truong\Documents\coding\ekyc-face-pad\data\raw\celeba_spoof\SpoofingData\014914.jpg,014914,photo,1,0.9847193956375122,1,1
C:\Users\Zander Truong\Documents\coding\ekyc-face-pad\data\raw\celeba_spoof\SpoofingData\008319.jpg,008319,bona_fide,0,0.5664267539978027,1,0
C:\Users\Zander Truong\Documents\coding\ekyc-face-pad\data\raw\celeba_spoof\SpoofingData\014431.jpg,014431,photo,1,0.9999706745147705,1,1
C:\Users\Zander Truong\Documents\coding\ekyc-face-pad\data\raw\celeba_spoof\SpoofingData\010480.jpg,010480,photo,1,0.9987562894821167,1,1
C:\Users\Zander Truong\Documents\coding\ekyc-face-pad\data\raw\celeba_spoof\SpoofingData\000289.jpg,000289,photo,1,0.05907825753092766,0,0
C:\Users\Zander Truong\Documents\coding\ekyc-face-pad\data\raw\celeba_spoof\SpoofingData\011508.jpg,011508,photo,1,0.9970308542251587,1,1
C:\Users\Zander Truong\Documents\coding\ekyc-face-pad\data\raw\celeba_spoof\SpoofingData\000973.jpg,000973,photo,1,0.999904990196228,1,1
C:\Users\Zander Truong\Documents\coding\ekyc-face-pad\data\raw\celeba_spoof\SpoofingData\000614.jpg,000614,photo,1,0.6881284713745117,1,1
C:\Users\Zander Truong\Documents\coding\ekyc-face-pad\data\raw\celeba_spoof\SpoofingData\010031.jpg,010031,photo,1,0.9966791868209839,1,1
C:\Users\Zander Truong\Documents\coding\ekyc-face-pad\data\raw\celeba_spoof\SpoofingData\017718.jpg,017718,bona_fide,0,0.0010124732507392764,0,1
C:\Users\Zander Truong\Documents\coding\ekyc-face-pad\data\raw\celeba_spoof\SpoofingData\006006.jpg,006006,photo,1,0.9974690675735474,1,1
C:\Users\Zander Truong\Documents\coding\ekyc-face-pad\data\raw\celeba_spoof\SpoofingData\006824.jpg,006824,photo,1,0.9951950907707214,1,1
C:\Users\Zander Truong\Documents\coding\ekyc-face-pad\data\raw\celeba_spoof\SpoofingData\013582.jpg,013582,photo,1,0.12394361197948456,0,0
C:\Users\Zander Truong\Documents\coding\ekyc-face-pad\data\raw\celeba_spoof\SpoofingData\006249.jpg,006249,photo,1,0.998584508895874,1,1
C:\Users\Zander Truong\Documents\coding\ekyc-face-pad\data\raw\celeba_spoof\SpoofingData\017888.jpg,017888,photo,1,0.9999643564224243,1,1
C:\Users\Zander Truong\Documents\coding\ekyc-face-pad\data\raw\celeba_spoof\SpoofingData\009232.jpg,009232,photo,1,0.22301289439201355,0,0
C:\Users\Zander Truong\Documents\coding\ekyc-face-pad\data\raw\celeba_spoof\SpoofingData\010844.jpg,010844,photo,1,0.9969311952590942,1,1
C:\Users\Zander Truong\Documents\coding\ekyc-face-pad\data\raw\celeba_spoof\SpoofingData\001532.jpg,001532,bona_fide,0,0.8454920649528503,1,0
C:\Users\Zander Truong\Documents\coding\ekyc-face-pad\data\raw\celeba_spoof\SpoofingData\011397.jpg,011397,photo,1,0.2968457043170929,0,0
C:\Users\Zander Truong\Documents\coding\ekyc-face-pad\data\raw\celeba_spoof\SpoofingData\011551.jpg,011551,photo,1,0.4622277021408081,0,0
C:\Users\Zander Truong\Documents\coding\ekyc-face-pad\data\raw\celeba_spoof\SpoofingData\003948.jpg,003948,photo,1,0.9968716502189636,1,1
C:\Users\Zander Truong\Documents\coding\ekyc-face-pad\data\raw\celeba_spoof\SpoofingData\015826.jpg,015826,bona_fide,0,2.576589395175688e-06,0,1
C:\Users\Zander Truong\Documents\coding\ekyc-face-pad\data\raw\celeba_spoof\SpoofingData\013013.jpg,013013,photo,1,0.9740781188011169,1,1
C:\Users\Zander Truong\Documents\coding\ekyc-face-pad\data\raw\celeba_spoof\SpoofingData\013812.jpg,013812,photo,1,0.809924304485321,1,1
C:\Users\Zander Truong\Documents\coding\ekyc-face-pad\data\raw\celeba_spoof\SpoofingData\006059.jpg,006059,photo,1,0.9994148015975952,1,1
C:\Users\Zander Truong\Documents\coding\ekyc-face-pad\data\raw\celeba_spoof\SpoofingData\010445.jpg,010445,photo,1,0.9897011518478394,1,1
C:\Users\Zander Truong\Documents\coding\ekyc-face-pad\data\raw\celeba_spoof\SpoofingData\016397.jpg,016397,photo,1,0.9999644756317139,1,1
C:\Users\Zander Truong\Documents\coding\ekyc-face-pad\data\raw\celeba_spoof\SpoofingData\001215.jpg,001215,photo,1,0.9977648258209229,1,1
C:\Users\Zander Truong\Documents\coding\ekyc-face-pad\data\raw\celeba_spoof\SpoofingData\014651.jpg,014651,bona_fide,0,0.3060747981071472,0,1
C:\Users\Zander Truong\Documents\coding\ekyc-face-pad\data\raw\celeba_spoof\SpoofingData\000587.jpg,000587,photo,1,0.9992021918296814,1,1
C:\Users\Zander Truong\Documents\coding\ekyc-face-pad\data\raw\celeba_spoof\SpoofingData\013808.jpg,013808,photo,1,0.9987267851829529,1,1
C:\Users\Zander Truong\Documents\coding\ekyc-face-pad\data\raw\celeba_spoof\SpoofingData\017513.jpg,017513,bona_fide,0,0.0007936822366900742,0,1
C:\Users\Zander Truong\Documents\coding\ekyc-face-pad\data\raw\celeba_spoof\SpoofingData\008133.jpg,008133,bona_fide,0,0.0013267113827168941,0,1
C:\Users\Zander Truong\Documents\coding\ekyc-face-pad\data\raw\celeba_spoof\SpoofingData\003239.jpg,003239,bona_fide,0,0.058368925005197525,0,1
C:\Users\Zander Truong\Documents\coding\ekyc-face-pad\data\raw\celeba_spoof\SpoofingData\010035.jpg,010035,photo,1,0.9832278490066528,1,1
C:\Users\Zander Truong\Documents\coding\ekyc-face-pad\data\raw\celeba_spoof\SpoofingData\003637.jpg,003637,photo,1,0.8875781893730164,1,1
C:\Users\Zander Truong\Documents\coding\ekyc-face-pad\data\raw\celeba_spoof\SpoofingData\017767.jpg,017767,bona_fide,0,0.009276200085878372,0,1
C:\Users\Zander Truong\Documents\coding\ekyc-face-pad\data\raw\celeba_spoof\SpoofingData\011191.jpg,011191,bona_fide,0,3.259920413256623e-05,0,1
C:\Users\Zander Truong\Documents\coding\ekyc-face-pad\data\raw\celeba_spoof\SpoofingData\006455.jpg,006455,photo,1,0.8871166706085205,1,1
C:\Users\Zander Truong\Documents\coding\ekyc-face-pad\data\raw\celeba_spoof\SpoofingData\001825.jpg,001825,bona_fide,0,0.05231881141662598,0,1
C:\Users\Zander Truong\Documents\coding\ekyc-face-pad\data\raw\celeba_spoof\SpoofingData\011007.jpg,011007,bona_fide,0,0.0006982217309996486,0,1
C:\Users\Zander Truong\Documents\coding\ekyc-face-pad\data\raw\celeba_spoof\SpoofingData\002809.jpg,002809,photo,1,0.6848403811454773,1,1
C:\Users\Zander Truong\Documents\coding\ekyc-face-pad\data\raw\celeba_spoof\SpoofingData\002128.jpg,002128,bona_fide,0,0.0005733884172514081,0,1
C:\Users\Zander Truong\Documents\coding\ekyc-face-pad\data\raw\celeba_spoof\SpoofingData\013164.jpg,013164,bona_fide,0,4.714620899903821e-06,0,1
C:\Users\Zander Truong\Documents\coding\ekyc-face-pad\data\raw\celeba_spoof\SpoofingData\017052.jpg,017052,bona_fide,0,0.0007713777595199645,0,1
C:\Users\Zander Truong\Documents\coding\ekyc-face-pad\data\raw\celeba_spoof\SpoofingData\017637.jpg,017637,bona_fide,0,3.42454259225633e-05,0,1
C:\Users\Zander Truong\Documents\coding\ekyc-face-pad\data\raw\celeba_spoof\SpoofingData\009865.jpg,009865,bona_fide,0,0.008781885728240013,0,1
C:\Users\Zander Truong\Documents\coding\ekyc-face-pad\data\raw\celeba_spoof\SpoofingData\000248.jpg,000248,photo,1,0.9986979961395264,1,1
C:\Users\Zander Truong\Documents\coding\ekyc-face-pad\data\raw\celeba_spoof\SpoofingData\000668.jpg,000668,bona_fide,0,0.044557515531778336,0,1
C:\Users\Zander Truong\Documents\coding\ekyc-face-pad\data\raw\celeba_spoof\SpoofingData\008270.jpg,008270,photo,1,0.9984362721443176,1,1
C:\Users\Zander Truong\Documents\coding\ekyc-face-pad\data\raw\celeba_spoof\SpoofingData\014540.jpg,014540,photo,1,0.9825978875160217,1,1
C:\Users\Zander Truong\Documents\coding\ekyc-face-pad\data\raw\celeba_spoof\SpoofingData\008778.jpg,008778,photo,1,0.9535838961601257,1,1
C:\Users\Zander Truong\Documents\coding\ekyc-face-pad\data\raw\celeba_spoof\SpoofingData\003806.jpg,003806,photo,1,0.9905455112457275,1,1
C:\Users\Zander Truong\Documents\coding\ekyc-face-pad\data\raw\celeba_spoof\SpoofingData\012268.jpg,012268,photo,1,0.999974250793457,1,1
C:\Users\Zander Truong\Documents\coding\ekyc-face-pad\data\raw\celeba_spoof\SpoofingData\015101.jpg,015101,photo,1,0.9964172840118408,1,1
C:\Users\Zander Truong\Documents\coding\ekyc-face-pad\data\raw\celeba_spoof\SpoofingData\013250.jpg,013250,bona_fide,0,5.050408071838319e-05,0,1
C:\Users\Zander Truong\Documents\coding\ekyc-face-pad\data\raw\celeba_spoof\SpoofingData\001555.jpg,001555,photo,1,0.9998644590377808,1,1
C:\Users\Zander Truong\Documents\coding\ekyc-face-pad\data\raw\celeba_spoof\SpoofingData\002626.jpg,002626,photo,1,0.9977414608001709,1,1
C:\Users\Zander Truong\Documents\coding\ekyc-face-pad\data\raw\celeba_spoof\SpoofingData\007451.jpg,007451,photo,1,0.9996999502182007,1,1
C:\Users\Zander Truong\Documents\coding\ekyc-face-pad\data\raw\celeba_spoof\SpoofingData\011726.jpg,011726,photo,1,0.9860279560089111,1,1
C:\Users\Zander Truong\Documents\coding\ekyc-face-pad\data\raw\celeba_spoof\SpoofingData\003660.jpg,003660,photo,1,0.7829422354698181,1,1
C:\Users\Zander Truong\Documents\coding\ekyc-face-pad\data\raw\celeba_spoof\SpoofingData\003372.jpg,003372,photo,1,0.9947555065155029,1,1
C:\Users\Zander Truong\Documents\coding\ekyc-face-pad\data\raw\celeba_spoof\SpoofingData\017896.jpg,017896,photo,1,0.9885576963424683,1,1
C:\Users\Zander Truong\Documents\coding\ekyc-face-pad\data\raw\celeba_spoof\SpoofingData\013527.jpg,013527,photo,1,0.8338740468025208,1,1
C:\Users\Zander Truong\Documents\coding\ekyc-face-pad\data\raw\celeba_spoof\SpoofingData\001104.jpg,001104,photo,1,0.9037443995475769,1,1
C:\Users\Zander Truong\Documents\coding\ekyc-face-pad\data\raw\celeba_spoof\SpoofingData\000499.jpg,000499,photo,1,0.570851743221283,1,1
C:\Users\Zander Truong\Documents\coding\ekyc-face-pad\data\raw\celeba_spoof\SpoofingData\010537.jpg,010537,photo,1,0.9877741932868958,1,1
C:\Users\Zander Truong\Documents\coding\ekyc-face-pad\data\raw\celeba_spoof\SpoofingData\002442.jpg,002442,photo,1,0.29836589097976685,0,0
C:\Users\Zander Truong\Documents\coding\ekyc-face-pad\data\raw\celeba_spoof\SpoofingData\000718.jpg,000718,photo,1,0.8491559624671936,1,1
C:\Users\Zander Truong\Documents\coding\ekyc-face-pad\data\raw\celeba_spoof\SpoofingData\007473.jpg,007473,bona_fide,0,6.610803393414244e-05,0,1
C:\Users\Zander Truong\Documents\coding\ekyc-face-pad\data\raw\celeba_spoof\SpoofingData\013301.jpg,013301,photo,1,0.9995469450950623,1,1
C:\Users\Zander Truong\Documents\coding\ekyc-face-pad\data\raw\celeba_spoof\SpoofingData\013118.jpg,013118,photo,1,0.909027636051178,1,1
C:\Users\Zander Truong\Documents\coding\ekyc-face-pad\data\raw\celeba_spoof\SpoofingData\016594.jpg,016594,photo,1,0.999985933303833,1,1
C:\Users\Zander Truong\Documents\coding\ekyc-face-pad\data\raw\celeba_spoof\SpoofingData\016282.jpg,016282,photo,1,0.9855168461799622,1,1
C:\Users\Zander Truong\Documents\coding\ekyc-face-pad\data\raw\celeba_spoof\SpoofingData\011075.jpg,011075,bona_fide,0,0.5120360851287842,1,0
C:\Users\Zander Truong\Documents\coding\ekyc-face-pad\data\raw\celeba_spoof\SpoofingData\016614.jpg,016614,photo,1,0.9986492991447449,1,1
C:\Users\Zander Truong\Documents\coding\ekyc-face-pad\data\raw\celeba_spoof\SpoofingData\015760.jpg,015760,bona_fide,0,0.04353537783026695,0,1
C:\Users\Zander Truong\Documents\coding\ekyc-face-pad\data\raw\celeba_spoof\SpoofingData\012748.jpg,012748,bona_fide,0,9.464762842981145e-05,0,1
C:\Users\Zander Truong\Documents\coding\ekyc-face-pad\data\raw\celeba_spoof\SpoofingData\012147.jpg,012147,photo,1,0.9294176697731018,1,1
C:\Users\Zander Truong\Documents\coding\ekyc-face-pad\data\raw\celeba_spoof\SpoofingData\000863.jpg,000863,bona_fide,0,0.8314818739891052,1,0
C:\Users\Zander Truong\Documents\coding\ekyc-face-pad\data\raw\celeba_spoof\SpoofingData\003959.jpg,003959,bona_fide,0,0.00024036929244175553,0,1
C:\Users\Zander Truong\Documents\coding\ekyc-face-pad\data\raw\celeba_spoof\SpoofingData\017964.jpg,017964,photo,1,0.21177154779434204,0,0
C:\Users\Zander Truong\Documents\coding\ekyc-face-pad\data\raw\celeba_spoof\SpoofingData\011778.jpg,011778,photo,1,0.999994158744812,1,1
C:\Users\Zander Truong\Documents\coding\ekyc-face-pad\data\raw\celeba_spoof\SpoofingData\014464.jpg,014464,bona_fide,0,0.3644179701805115,0,1
C:\Users\Zander Truong\Documents\coding\ekyc-face-pad\data\raw\celeba_spoof\SpoofingData\012311.jpg,012311,bona_fide,0,0.004231665749102831,0,1
C:\Users\Zander Truong\Documents\coding\ekyc-face-pad\data\raw\celeba_spoof\SpoofingData\006010.jpg,006010,photo,1,0.9999977350234985,1,1
C:\Users\Zander Truong\Documents\coding\ekyc-face-pad\data\raw\celeba_spoof\SpoofingData\014145.jpg,014145,photo,1,0.9999971389770508,1,1
C:\Users\Zander Truong\Documents\coding\ekyc-face-pad\data\raw\celeba_spoof\SpoofingData\004168.jpg,004168,bona_fide,0,0.0031378858257085085,0,1
C:\Users\Zander Truong\Documents\coding\ekyc-face-pad\data\raw\celeba_spoof\SpoofingData\005852.jpg,005852,photo,1,0.9999905824661255,1,1
C:\Users\Zander Truong\Documents\coding\ekyc-face-pad\data\raw\celeba_spoof\SpoofingData\015001.jpg,015001,photo,1,0.7238109707832336,1,1
C:\Users\Zander Truong\Documents\coding\ekyc-face-pad\data\raw\celeba_spoof\SpoofingData\008456.jpg,008456,photo,1,0.9214227795600891,1,1
C:\Users\Zander Truong\Documents\coding\ekyc-face-pad\data\raw\celeba_spoof\SpoofingData\010306.jpg,010306,bona_fide,0,8.890613571566064e-06,0,1
C:\Users\Zander Truong\Documents\coding\ekyc-face-pad\data\raw\celeba_spoof\SpoofingData\017483.jpg,017483,photo,1,0.9979053735733032,1,1
C:\Users\Zander Truong\Documents\coding\ekyc-face-pad\data\raw\celeba_spoof\SpoofingData\008900.jpg,008900,photo,1,0.7814823389053345,1,1
C:\Users\Zander Truong\Documents\coding\ekyc-face-pad\data\raw\celeba_spoof\SpoofingData\009107.jpg,009107,photo,1,0.992681086063385,1,1
C:\Users\Zander Truong\Documents\coding\ekyc-face-pad\data\raw\celeba_spoof\SpoofingData\014128.jpg,014128,photo,1,0.9844120144844055,1,1
C:\Users\Zander Truong\Documents\coding\ekyc-face-pad\data\raw\celeba_spoof\SpoofingData\013376.jpg,013376,bona_fide,0,0.9494150280952454,1,0
C:\Users\Zander Truong\Documents\coding\ekyc-face-pad\data\raw\celeba_spoof\SpoofingData\016754.jpg,016754,bona_fide,0,0.19332197308540344,0,1
C:\Users\Zander Truong\Documents\coding\ekyc-face-pad\data\raw\celeba_spoof\SpoofingData\008654.jpg,008654,photo,1,0.9998902082443237,1,1
C:\Users\Zander Truong\Documents\coding\ekyc-face-pad\data\raw\celeba_spoof\SpoofingData\007367.jpg,007367,bona_fide,0,0.008197232149541378,0,1
C:\Users\Zander Truong\Documents\coding\ekyc-face-pad\data\raw\celeba_spoof\SpoofingData\006773.jpg,006773,photo,1,0.9999661445617676,1,1
C:\Users\Zander Truong\Documents\coding\ekyc-face-pad\data\raw\celeba_spoof\SpoofingData\013686.jpg,013686,photo,1,0.9931602478027344,1,1
C:\Users\Zander Truong\Documents\coding\ekyc-face-pad\data\raw\celeba_spoof\SpoofingData\016080.jpg,016080,photo,1,0.9526488184928894,1,1
C:\Users\Zander Truong\Documents\coding\ekyc-face-pad\data\raw\celeba_spoof\SpoofingData\016830.jpg,016830,photo,1,0.9975917339324951,1,1
C:\Users\Zander Truong\Documents\coding\ekyc-face-pad\data\raw\celeba_spoof\SpoofingData\005066.jpg,005066,photo,1,0.9999227523803711,1,1
C:\Users\Zander Truong\Documents\coding\ekyc-face-pad\data\raw\celeba_spoof\SpoofingData\005568.jpg,005568,photo,1,0.9999256134033203,1,1
C:\Users\Zander Truong\Documents\coding\ekyc-face-pad\data\raw\celeba_spoof\SpoofingData\010110.jpg,010110,photo,1,0.9996826648712158,1,1
C:\Users\Zander Truong\Documents\coding\ekyc-face-pad\data\raw\celeba_spoof\SpoofingData\002796.jpg,002796,bona_fide,0,1.490697911776806e-07,0,1
C:\Users\Zander Truong\Documents\coding\ekyc-face-pad\data\raw\celeba_spoof\SpoofingData\002287.jpg,002287,photo,1,0.9580427408218384,1,1
C:\Users\Zander Truong\Documents\coding\ekyc-face-pad\data\raw\celeba_spoof\SpoofingData\012712.jpg,012712,photo,1,0.9996753931045532,1,1
C:\Users\Zander Truong\Documents\coding\ekyc-face-pad\data\raw\celeba_spoof\SpoofingData\002161.jpg,002161,photo,1,0.6100572943687439,1,1
C:\Users\Zander Truong\Documents\coding\ekyc-face-pad\data\raw\celeba_spoof\SpoofingData\006176.jpg,006176,bona_fide,0,0.04477564990520477,0,1
C:\Users\Zander Truong\Documents\coding\ekyc-face-pad\data\raw\celeba_spoof\SpoofingData\016946.jpg,016946,photo,1,0.9523003697395325,1,1
C:\Users\Zander Truong\Documents\coding\ekyc-face-pad\data\raw\celeba_spoof\SpoofingData\005564.jpg,005564,photo,1,0.9653795957565308,1,1
C:\Users\Zander Truong\Documents\coding\ekyc-face-pad\data\raw\celeba_spoof\SpoofingData\002612.jpg,002612,photo,1,0.5605782866477966,1,1
C:\Users\Zander Truong\Documents\coding\ekyc-face-pad\data\raw\celeba_spoof\SpoofingData\016288.jpg,016288,photo,1,0.9944013953208923,1,1
C:\Users\Zander Truong\Documents\coding\ekyc-face-pad\data\raw\celeba_spoof\SpoofingData\004147.jpg,004147,photo,1,0.9992382526397705,1,1
C:\Users\Zander Truong\Documents\coding\ekyc-face-pad\data\raw\celeba_spoof\SpoofingData\016444.jpg,016444,photo,1,0.9647879004478455,1,1
C:\Users\Zander Truong\Documents\coding\ekyc-face-pad\data\raw\celeba_spoof\SpoofingData\010956.jpg,010956,photo,1,0.8812193274497986,1,1
C:\Users\Zander Truong\Documents\coding\ekyc-face-pad\data\raw\celeba_spoof\SpoofingData\003291.jpg,003291,bona_fide,0,0.0015733112813904881,0,1
C:\Users\Zander Truong\Documents\coding\ekyc-face-pad\data\raw\celeba_spoof\SpoofingData\000815.jpg,000815,photo,1,0.999262273311615,1,1
C:\Users\Zander Truong\Documents\coding\ekyc-face-pad\data\raw\celeba_spoof\SpoofingData\004856.jpg,004856,photo,1,0.8506615161895752,1,1
C:\Users\Zander Truong\Documents\coding\ekyc-face-pad\data\raw\celeba_spoof\SpoofingData\006937.jpg,006937,photo,1,0.8809893727302551,1,1
C:\Users\Zander Truong\Documents\coding\ekyc-face-pad\data\raw\celeba_spoof\SpoofingData\012800.jpg,012800,bona_fide,0,0.0005051834741607308,0,1
C:\Users\Zander Truong\Documents\coding\ekyc-face-pad\data\raw\celeba_spoof\SpoofingData\017107.jpg,017107,photo,1,0.9988032579421997,1,1
C:\Users\Zander Truong\Documents\coding\ekyc-face-pad\data\raw\celeba_spoof\SpoofingData\001128.jpg,001128,photo,1,0.9890778660774231,1,1
C:\Users\Zander Truong\Documents\coding\ekyc-face-pad\data\raw\celeba_spoof\SpoofingData\008489.jpg,008489,bona_fide,0,0.004375299904495478,0,1
C:\Users\Zander Truong\Documents\coding\ekyc-face-pad\data\raw\celeba_spoof\SpoofingData\004382.jpg,004382,photo,1,0.9999489784240723,1,1
C:\Users\Zander Truong\Documents\coding\ekyc-face-pad\data\raw\celeba_spoof\SpoofingData\007633.jpg,007633,photo,1,0.9972411394119263,1,1
C:\Users\Zander Truong\Documents\coding\ekyc-face-pad\data\raw\celeba_spoof\SpoofingData\010229.jpg,010229,photo,1,0.8937806487083435,1,1
C:\Users\Zander Truong\Documents\coding\ekyc-face-pad\data\raw\celeba_spoof\SpoofingData\006898.jpg,006898,bona_fide,0,0.0013525704853236675,0,1
C:\Users\Zander Truong\Documents\coding\ekyc-face-pad\data\raw\celeba_spoof\SpoofingData\005552.jpg,005552,bona_fide,0,0.00036148785147815943,0,1
C:\Users\Zander Truong\Documents\coding\ekyc-face-pad\data\raw\celeba_spoof\SpoofingData\009472.jpg,009472,bona_fide,0,0.0008124773157760501,0,1
C:\Users\Zander Truong\Documents\coding\ekyc-face-pad\data\raw\celeba_spoof\SpoofingData\005834.jpg,005834,photo,1,0.971892237663269,1,1
C:\Users\Zander Truong\Documents\coding\ekyc-face-pad\data\raw\celeba_spoof\SpoofingData\006113.jpg,006113,photo,1,0.9996621608734131,1,1
C:\Users\Zander Truong\Documents\coding\ekyc-face-pad\data\raw\celeba_spoof\SpoofingData\011841.jpg,011841,photo,1,0.9461790919303894,1,1
C:\Users\Zander Truong\Documents\coding\ekyc-face-pad\data\raw\celeba_spoof\SpoofingData\004453.jpg,004453,bona_fide,0,0.46505364775657654,0,1
C:\Users\Zander Truong\Documents\coding\ekyc-face-pad\data\raw\celeba_spoof\SpoofingData\009181.jpg,009181,photo,1,0.9547705054283142,1,1
C:\Users\Zander Truong\Documents\coding\ekyc-face-pad\data\raw\celeba_spoof\SpoofingData\015081.jpg,015081,photo,1,0.9405880570411682,1,1
C:\Users\Zander Truong\Documents\coding\ekyc-face-pad\data\raw\celeba_spoof\SpoofingData\016387.jpg,016387,photo,1,0.9986613988876343,1,1
C:\Users\Zander Truong\Documents\coding\ekyc-face-pad\data\raw\celeba_spoof\SpoofingData\005615.jpg,005615,photo,1,0.9999125003814697,1,1
C:\Users\Zander Truong\Documents\coding\ekyc-face-pad\data\raw\celeba_spoof\SpoofingData\002835.jpg,002835,bona_fide,0,0.17319636046886444,0,1
C:\Users\Zander Truong\Documents\coding\ekyc-face-pad\data\raw\celeba_spoof\SpoofingData\003180.jpg,003180,photo,1,0.9798102378845215,1,1
C:\Users\Zander Truong\Documents\coding\ekyc-face-pad\data\raw\celeba_spoof\SpoofingData\008969.jpg,008969,photo,1,0.9903088212013245,1,1
C:\Users\Zander Truong\Documents\coding\ekyc-face-pad\data\raw\celeba_spoof\SpoofingData\011209.jpg,011209,bona_fide,0,0.9125636219978333,1,0
C:\Users\Zander Truong\Documents\coding\ekyc-face-pad\data\raw\celeba_spoof\SpoofingData\015147.jpg,015147,photo,1,0.9573249816894531,1,1
C:\Users\Zander Truong\Documents\coding\ekyc-face-pad\data\raw\celeba_spoof\SpoofingData\000191.jpg,000191,photo,1,0.9565714001655579,1,1
C:\Users\Zander Truong\Documents\coding\ekyc-face-pad\data\raw\celeba_spoof\SpoofingData\000885.jpg,000885,bona_fide,0,0.02551943250000477,0,1
C:\Users\Zander Truong\Documents\coding\ekyc-face-pad\data\raw\celeba_spoof\SpoofingData\004749.jpg,004749,photo,1,0.9995101690292358,1,1
C:\Users\Zander Truong\Documents\coding\ekyc-face-pad\data\raw\celeba_spoof\SpoofingData\001927.jpg,001927,bona_fide,0,0.0003265521954745054,0,1
C:\Users\Zander Truong\Documents\coding\ekyc-face-pad\data\raw\celeba_spoof\SpoofingData\007010.jpg,007010,photo,1,0.9962555170059204,1,1
C:\Users\Zander Truong\Documents\coding\ekyc-face-pad\data\raw\celeba_spoof\SpoofingData\005247.jpg,005247,photo,1,0.9991532564163208,1,1
C:\Users\Zander Truong\Documents\coding\ekyc-face-pad\data\raw\celeba_spoof\SpoofingData\013249.jpg,013249,photo,1,0.999843955039978,1,1
C:\Users\Zander Truong\Documents\coding\ekyc-face-pad\data\raw\celeba_spoof\SpoofingData\014879.jpg,014879,bona_fide,0,0.00015287879796233028,0,1
C:\Users\Zander Truong\Documents\coding\ekyc-face-pad\data\raw\celeba_spoof\SpoofingData\001063.jpg,001063,bona_fide,0,0.6230875849723816,1,0
C:\Users\Zander Truong\Documents\coding\ekyc-face-pad\data\raw\celeba_spoof\SpoofingData\010133.jpg,010133,photo,1,0.9989306330680847,1,1
C:\Users\Zander Truong\Documents\coding\ekyc-face-pad\data\raw\celeba_spoof\SpoofingData\010638.jpg,010638,photo,1,0.9086962938308716,1,1
C:\Users\Zander Truong\Documents\coding\ekyc-face-pad\data\raw\celeba_spoof\SpoofingData\015244.jpg,015244,photo,1,0.9575111865997314,1,1
C:\Users\Zander Truong\Documents\coding\ekyc-face-pad\data\raw\celeba_spoof\SpoofingData\010671.jpg,010671,bona_fide,0,0.05547013878822327,0,1
C:\Users\Zander Truong\Documents\coding\ekyc-face-pad\data\raw\celeba_spoof\SpoofingData\006216.jpg,006216,photo,1,0.9998025298118591,1,1
C:\Users\Zander Truong\Documents\coding\ekyc-face-pad\data\raw\celeba_spoof\SpoofingData\002106.jpg,002106,photo,1,0.9997826218605042,1,1
C:\Users\Zander Truong\Documents\coding\ekyc-face-pad\data\raw\celeba_spoof\SpoofingData\003779.jpg,003779,photo,1,0.9987554550170898,1,1
C:\Users\Zander Truong\Documents\coding\ekyc-face-pad\data\raw\celeba_spoof\SpoofingData\012633.jpg,012633,photo,1,0.48478683829307556,0,0
C:\Users\Zander Truong\Documents\coding\ekyc-face-pad\data\raw\celeba_spoof\SpoofingData\013380.jpg,013380,photo,1,0.2875843048095703,0,0
C:\Users\Zander Truong\Documents\coding\ekyc-face-pad\data\raw\celeba_spoof\SpoofingData\000866.jpg,000866,photo,1,0.8367617130279541,1,1
C:\Users\Zander Truong\Documents\coding\ekyc-face-pad\data\raw\celeba_spoof\SpoofingData\013082.jpg,013082,photo,1,0.9978600144386292,1,1
C:\Users\Zander Truong\Documents\coding\ekyc-face-pad\data\raw\celeba_spoof\SpoofingData\013242.jpg,013242,bona_fide,0,0.00016906009113881737,0,1
C:\Users\Zander Truong\Documents\coding\ekyc-face-pad\data\raw\celeba_spoof\SpoofingData\007601.jpg,007601,photo,1,0.9998295307159424,1,1
C:\Users\Zander Truong\Documents\coding\ekyc-face-pad\data\raw\celeba_spoof\SpoofingData\010164.jpg,010164,photo,1,0.9949730634689331,1,1
C:\Users\Zander Truong\Documents\coding\ekyc-face-pad\data\raw\celeba_spoof\SpoofingData\003657.jpg,003657,bona_fide,0,0.5288066267967224,1,0
C:\Users\Zander Truong\Documents\coding\ekyc-face-pad\data\raw\celeba_spoof\SpoofingData\002008.jpg,002008,photo,1,0.42884010076522827,0,0
C:\Users\Zander Truong\Documents\coding\ekyc-face-pad\data\raw\celeba_spoof\SpoofingData\001582.jpg,001582,photo,1,0.9999755620956421,1,1
C:\Users\Zander Truong\Documents\coding\ekyc-face-pad\data\raw\celeba_spoof\SpoofingData\000797.jpg,000797,photo,1,0.9765815734863281,1,1
C:\Users\Zander Truong\Documents\coding\ekyc-face-pad\data\raw\celeba_spoof\SpoofingData\011020.jpg,011020,photo,1,0.9630997180938721,1,1
C:\Users\Zander Truong\Documents\coding\ekyc-face-pad\data\raw\celeba_spoof\SpoofingData\016897.jpg,016897,photo,1,0.9956443309783936,1,1
C:\Users\Zander Truong\Documents\coding\ekyc-face-pad\data\raw\celeba_spoof\SpoofingData\016409.jpg,016409,bona_fide,0,0.00027879539993591607,0,1
C:\Users\Zander Truong\Documents\coding\ekyc-face-pad\data\raw\celeba_spoof\SpoofingData\013547.jpg,013547,photo,1,0.9342365264892578,1,1
C:\Users\Zander Truong\Documents\coding\ekyc-face-pad\data\raw\celeba_spoof\SpoofingData\009473.jpg,009473,photo,1,0.9982290863990784,1,1
C:\Users\Zander Truong\Documents\coding\ekyc-face-pad\data\raw\celeba_spoof\SpoofingData\004455.jpg,004455,photo,1,0.9796084761619568,1,1
C:\Users\Zander Truong\Documents\coding\ekyc-face-pad\data\raw\celeba_spoof\SpoofingData\006150.jpg,006150,photo,1,0.9664926528930664,1,1
C:\Users\Zander Truong\Documents\coding\ekyc-face-pad\data\raw\celeba_spoof\SpoofingData\012752.jpg,012752,photo,1,0.9973883032798767,1,1
C:\Users\Zander Truong\Documents\coding\ekyc-face-pad\data\raw\celeba_spoof\SpoofingData\012472.jpg,012472,photo,1,0.9933539628982544,1,1
C:\Users\Zander Truong\Documents\coding\ekyc-face-pad\data\raw\celeba_spoof\SpoofingData\002299.jpg,002299,photo,1,0.04443437606096268,0,0
C:\Users\Zander Truong\Documents\coding\ekyc-face-pad\data\raw\celeba_spoof\SpoofingData\004254.jpg,004254,bona_fide,0,0.04418826475739479,0,1
C:\Users\Zander Truong\Documents\coding\ekyc-face-pad\data\raw\celeba_spoof\SpoofingData\013866.jpg,013866,photo,1,0.9999876022338867,1,1
C:\Users\Zander Truong\Documents\coding\ekyc-face-pad\data\raw\celeba_spoof\SpoofingData\004786.jpg,004786,photo,1,0.9988324046134949,1,1
C:\Users\Zander Truong\Documents\coding\ekyc-face-pad\data\raw\celeba_spoof\SpoofingData\001404.jpg,001404,photo,1,0.5990113615989685,1,1
C:\Users\Zander Truong\Documents\coding\ekyc-face-pad\data\raw\celeba_spoof\SpoofingData\008793.jpg,008793,bona_fide,0,4.765046469401568e-05,0,1
C:\Users\Zander Truong\Documents\coding\ekyc-face-pad\data\raw\celeba_spoof\SpoofingData\016947.jpg,016947,photo,1,0.9883173108100891,1,1
C:\Users\Zander Truong\Documents\coding\ekyc-face-pad\data\raw\celeba_spoof\SpoofingData\014899.jpg,014899,bona_fide,0,1.0046828720078338e-05,0,1
C:\Users\Zander Truong\Documents\coding\ekyc-face-pad\data\raw\celeba_spoof\SpoofingData\005063.jpg,005063,bona_fide,0,3.495088458294049e-05,0,1
C:\Users\Zander Truong\Documents\coding\ekyc-face-pad\data\raw\celeba_spoof\SpoofingData\008081.jpg,008081,bona_fide,0,0.9321911334991455,1,0
C:\Users\Zander Truong\Documents\coding\ekyc-face-pad\data\raw\celeba_spoof\SpoofingData\017392.jpg,017392,photo,1,0.9942371845245361,1,1
C:\Users\Zander Truong\Documents\coding\ekyc-face-pad\data\raw\celeba_spoof\SpoofingData\013878.jpg,013878,photo,1,0.9997292160987854,1,1
C:\Users\Zander Truong\Documents\coding\ekyc-face-pad\data\raw\celeba_spoof\SpoofingData\006208.jpg,006208,bona_fide,0,2.2046983758627903e-06,0,1
C:\Users\Zander Truong\Documents\coding\ekyc-face-pad\data\raw\celeba_spoof\SpoofingData\010065.jpg,010065,photo,1,0.9914934635162354,1,1
C:\Users\Zander Truong\Documents\coding\ekyc-face-pad\data\raw\celeba_spoof\SpoofingData\009987.jpg,009987,bona_fide,0,0.02076220139861107,0,1
C:\Users\Zander Truong\Documents\coding\ekyc-face-pad\data\raw\celeba_spoof\SpoofingData\003144.jpg,003144,photo,1,0.7169773578643799,1,1
C:\Users\Zander Truong\Documents\coding\ekyc-face-pad\data\raw\celeba_spoof\SpoofingData\015243.jpg,015243,bona_fide,0,0.01678590662777424,0,1
C:\Users\Zander Truong\Documents\coding\ekyc-face-pad\data\raw\celeba_spoof\SpoofingData\008448.jpg,008448,photo,1,0.9997994303703308,1,1
C:\Users\Zander Truong\Documents\coding\ekyc-face-pad\data\raw\celeba_spoof\SpoofingData\005419.jpg,005419,photo,1,0.9923074245452881,1,1
C:\Users\Zander Truong\Documents\coding\ekyc-face-pad\data\raw\celeba_spoof\SpoofingData\014551.jpg,014551,bona_fide,0,0.0032454219181090593,0,1
C:\Users\Zander Truong\Documents\coding\ekyc-face-pad\data\raw\celeba_spoof\SpoofingData\015885.jpg,015885,bona_fide,0,0.0015037726843729615,0,1
C:\Users\Zander Truong\Documents\coding\ekyc-face-pad\data\raw\celeba_spoof\SpoofingData\005895.jpg,005895,bona_fide,0,1.998675315917353e-06,0,1
C:\Users\Zander Truong\Documents\coding\ekyc-face-pad\data\raw\celeba_spoof\SpoofingData\001162.jpg,001162,bona_fide,0,0.8211352229118347,1,0
C:\Users\Zander Truong\Documents\coding\ekyc-face-pad\data\raw\celeba_spoof\SpoofingData\009296.jpg,009296,photo,1,0.5133539438247681,1,1
C:\Users\Zander Truong\Documents\coding\ekyc-face-pad\data\raw\celeba_spoof\SpoofingData\014912.jpg,014912,bona_fide,0,0.020589107647538185,0,1
C:\Users\Zander Truong\Documents\coding\ekyc-face-pad\data\raw\celeba_spoof\SpoofingData\002493.jpg,002493,photo,1,0.6625232696533203,1,1
C:\Users\Zander Truong\Documents\coding\ekyc-face-pad\data\raw\celeba_spoof\SpoofingData\014663.jpg,014663,bona_fide,0,0.014102092944085598,0,1
C:\Users\Zander Truong\Documents\coding\ekyc-face-pad\data\raw\celeba_spoof\SpoofingData\012245.jpg,012245,photo,1,0.9787934422492981,1,1
C:\Users\Zander Truong\Documents\coding\ekyc-face-pad\data\raw\celeba_spoof\SpoofingData\001705.jpg,001705,photo,1,0.9984197616577148,1,1
C:\Users\Zander Truong\Documents\coding\ekyc-face-pad\data\raw\celeba_spoof\SpoofingData\014058.jpg,014058,bona_fide,0,0.014290966093540192,0,1
C:\Users\Zander Truong\Documents\coding\ekyc-face-pad\data\raw\celeba_spoof\SpoofingData\010792.jpg,010792,photo,1,0.9986509680747986,1,1
C:\Users\Zander Truong\Documents\coding\ekyc-face-pad\data\raw\celeba_spoof\SpoofingData\002207.jpg,002207,photo,1,0.9845806956291199,1,1
C:\Users\Zander Truong\Documents\coding\ekyc-face-pad\data\raw\celeba_spoof\SpoofingData\015198.jpg,015198,photo,1,0.9999827146530151,1,1
C:\Users\Zander Truong\Documents\coding\ekyc-face-pad\data\raw\celeba_spoof\SpoofingData\010404.jpg,010404,bona_fide,0,0.9938003420829773,1,0
C:\Users\Zander Truong\Documents\coding\ekyc-face-pad\data\raw\celeba_spoof\SpoofingData\004585.jpg,004585,photo,1,0.9944382905960083,1,1
C:\Users\Zander Truong\Documents\coding\ekyc-face-pad\data\raw\celeba_spoof\SpoofingData\014648.jpg,014648,bona_fide,0,0.11806389689445496,0,1
C:\Users\Zander Truong\Documents\coding\ekyc-face-pad\data\raw\celeba_spoof\SpoofingData\003017.jpg,003017,photo,1,0.953319787979126,1,1
C:\Users\Zander Truong\Documents\coding\ekyc-face-pad\data\raw\celeba_spoof\SpoofingData\005344.jpg,005344,photo,1,0.9893963932991028,1,1
C:\Users\Zander Truong\Documents\coding\ekyc-face-pad\data\raw\celeba_spoof\SpoofingData\002228.jpg,002228,bona_fide,0,0.7495628595352173,1,0
C:\Users\Zander Truong\Documents\coding\ekyc-face-pad\data\raw\celeba_spoof\SpoofingData\008463.jpg,008463,photo,1,0.996024489402771,1,1
C:\Users\Zander Truong\Documents\coding\ekyc-face-pad\data\raw\celeba_spoof\SpoofingData\006519.jpg,006519,bona_fide,0,0.0004873375000897795,0,1
C:\Users\Zander Truong\Documents\coding\ekyc-face-pad\data\raw\celeba_spoof\SpoofingData\001529.jpg,001529,photo,1,0.9938839077949524,1,1
C:\Users\Zander Truong\Documents\coding\ekyc-face-pad\data\raw\celeba_spoof\SpoofingData\005042.jpg,005042,bona_fide,0,0.9817723035812378,1,0
C:\Users\Zander Truong\Documents\coding\ekyc-face-pad\data\raw\celeba_spoof\SpoofingData\001526.jpg,001526,photo,1,0.9996755123138428,1,1
C:\Users\Zander Truong\Documents\coding\ekyc-face-pad\data\raw\celeba_spoof\SpoofingData\014843.jpg,014843,photo,1,0.1902928352355957,0,0
C:\Users\Zander Truong\Documents\coding\ekyc-face-pad\data\raw\celeba_spoof\SpoofingData\000096.jpg,000096,photo,1,0.9943291544914246,1,1
C:\Users\Zander Truong\Documents\coding\ekyc-face-pad\data\raw\celeba_spoof\SpoofingData\002031.jpg,002031,photo,1,0.9993247985839844,1,1
C:\Users\Zander Truong\Documents\coding\ekyc-face-pad\data\raw\celeba_spoof\SpoofingData\010894.jpg,010894,photo,1,0.9999262094497681,1,1
C:\Users\Zander Truong\Documents\coding\ekyc-face-pad\data\raw\celeba_spoof\SpoofingData\014687.jpg,014687,photo,1,0.9986497759819031,1,1
C:\Users\Zander Truong\Documents\coding\ekyc-face-pad\data\raw\celeba_spoof\SpoofingData\016716.jpg,016716,photo,1,0.9999997615814209,1,1
C:\Users\Zander Truong\Documents\coding\ekyc-face-pad\data\raw\celeba_spoof\SpoofingData\015648.jpg,015648,photo,1,0.9555264711380005,1,1
C:\Users\Zander Truong\Documents\coding\ekyc-face-pad\data\raw\celeba_spoof\SpoofingData\001233.jpg,001233,photo,1,0.9308055639266968,1,1
C:\Users\Zander Truong\Documents\coding\ekyc-face-pad\data\raw\celeba_spoof\SpoofingData\013994.jpg,013994,photo,1,0.7777517437934875,1,1
C:\Users\Zander Truong\Documents\coding\ekyc-face-pad\data\raw\celeba_spoof\SpoofingData\016896.jpg,016896,photo,1,0.9994701743125916,1,1
C:\Users\Zander Truong\Documents\coding\ekyc-face-pad\data\raw\celeba_spoof\SpoofingData\006941.jpg,006941,photo,1,0.9997479319572449,1,1
C:\Users\Zander Truong\Documents\coding\ekyc-face-pad\data\raw\celeba_spoof\SpoofingData\002490.jpg,002490,photo,1,0.9949439167976379,1,1
C:\Users\Zander Truong\Documents\coding\ekyc-face-pad\data\raw\celeba_spoof\SpoofingData\006635.jpg,006635,photo,1,0.9996498823165894,1,1
C:\Users\Zander Truong\Documents\coding\ekyc-face-pad\data\raw\celeba_spoof\SpoofingData\007788.jpg,007788,photo,1,0.971068263053894,1,1
C:\Users\Zander Truong\Documents\coding\ekyc-face-pad\data\raw\celeba_spoof\SpoofingData\010319.jpg,010319,photo,1,0.9999632835388184,1,1
C:\Users\Zander Truong\Documents\coding\ekyc-face-pad\data\raw\celeba_spoof\SpoofingData\009046.jpg,009046,bona_fide,0,0.00013669794134330004,0,1
C:\Users\Zander Truong\Documents\coding\ekyc-face-pad\data\raw\celeba_spoof\SpoofingData\002642.jpg,002642,photo,1,0.9429011940956116,1,1
C:\Users\Zander Truong\Documents\coding\ekyc-face-pad\data\raw\celeba_spoof\SpoofingData\012360.jpg,012360,bona_fide,0,0.00849132239818573,0,1
C:\Users\Zander Truong\Documents\coding\ekyc-face-pad\data\raw\celeba_spoof\SpoofingData\011012.jpg,011012,photo,1,0.9844501614570618,1,1
C:\Users\Zander Truong\Documents\coding\ekyc-face-pad\data\raw\celeba_spoof\SpoofingData\015378.jpg,015378,photo,1,0.9997537732124329,1,1
C:\Users\Zander Truong\Documents\coding\ekyc-face-pad\data\raw\celeba_spoof\SpoofingData\007394.jpg,007394,photo,1,0.4402881860733032,0,0
C:\Users\Zander Truong\Documents\coding\ekyc-face-pad\data\raw\celeba_spoof\SpoofingData\015855.jpg,015855,photo,1,0.9569985270500183,1,1
C:\Users\Zander Truong\Documents\coding\ekyc-face-pad\data\raw\celeba_spoof\SpoofingData\012176.jpg,012176,photo,1,0.9977038502693176,1,1
C:\Users\Zander Truong\Documents\coding\ekyc-face-pad\data\raw\celeba_spoof\SpoofingData\010108.jpg,010108,photo,1,0.9999929666519165,1,1
C:\Users\Zander Truong\Documents\coding\ekyc-face-pad\data\raw\celeba_spoof\SpoofingData\009254.jpg,009254,photo,1,0.9924262762069702,1,1
C:\Users\Zander Truong\Documents\coding\ekyc-face-pad\data\raw\celeba_spoof\SpoofingData\014766.jpg,014766,photo,1,0.9992128610610962,1,1
C:\Users\Zander Truong\Documents\coding\ekyc-face-pad\data\raw\celeba_spoof\SpoofingData\012312.jpg,012312,photo,1,0.9999487400054932,1,1
C:\Users\Zander Truong\Documents\coding\ekyc-face-pad\data\raw\celeba_spoof\SpoofingData\013312.jpg,013312,bona_fide,0,0.00033435571822337806,0,1
C:\Users\Zander Truong\Documents\coding\ekyc-face-pad\data\raw\celeba_spoof\SpoofingData\016547.jpg,016547,photo,1,0.9926385879516602,1,1
C:\Users\Zander Truong\Documents\coding\ekyc-face-pad\data\raw\celeba_spoof\SpoofingData\006037.jpg,006037,photo,1,0.8647489547729492,1,1
C:\Users\Zander Truong\Documents\coding\ekyc-face-pad\data\raw\celeba_spoof\SpoofingData\001001.jpg,001001,photo,1,0.9948580265045166,1,1
C:\Users\Zander Truong\Documents\coding\ekyc-face-pad\data\raw\celeba_spoof\SpoofingData\011262.jpg,011262,bona_fide,0,0.004598106723278761,0,1
C:\Users\Zander Truong\Documents\coding\ekyc-face-pad\data\raw\celeba_spoof\SpoofingData\002495.jpg,002495,bona_fide,0,0.08873390406370163,0,1
C:\Users\Zander Truong\Documents\coding\ekyc-face-pad\data\raw\celeba_spoof\SpoofingData\016065.jpg,016065,bona_fide,0,0.1420138031244278,0,1
C:\Users\Zander Truong\Documents\coding\ekyc-face-pad\data\raw\celeba_spoof\SpoofingData\017811.jpg,017811,photo,1,0.9555925726890564,1,1
C:\Users\Zander Truong\Documents\coding\ekyc-face-pad\data\raw\celeba_spoof\SpoofingData\012196.jpg,012196,photo,1,0.9985406398773193,1,1
C:\Users\Zander Truong\Documents\coding\ekyc-face-pad\data\raw\celeba_spoof\SpoofingData\017829.jpg,017829,bona_fide,0,0.005908407736569643,0,1
C:\Users\Zander Truong\Documents\coding\ekyc-face-pad\data\raw\celeba_spoof\SpoofingData\015283.jpg,015283,photo,1,0.9980853796005249,1,1
C:\Users\Zander Truong\Documents\coding\ekyc-face-pad\data\raw\celeba_spoof\SpoofingData\002711.jpg,002711,photo,1,0.9697549343109131,1,1
C:\Users\Zander Truong\Documents\coding\ekyc-face-pad\data\raw\celeba_spoof\SpoofingData\012509.jpg,012509,photo,1,0.9992406368255615,1,1
C:\Users\Zander Truong\Documents\coding\ekyc-face-pad\data\raw\celeba_spoof\SpoofingData\002017.jpg,002017,bona_fide,0,0.004868948832154274,0,1
C:\Users\Zander Truong\Documents\coding\ekyc-face-pad\data\raw\celeba_spoof\SpoofingData\003357.jpg,003357,bona_fide,0,0.0011193740647286177,0,1
C:\Users\Zander Truong\Documents\coding\ekyc-face-pad\data\raw\celeba_spoof\SpoofingData\011598.jpg,011598,photo,1,0.9976606369018555,1,1
C:\Users\Zander Truong\Documents\coding\ekyc-face-pad\data\raw\celeba_spoof\SpoofingData\004369.jpg,004369,photo,1,0.9911577105522156,1,1
C:\Users\Zander Truong\Documents\coding\ekyc-face-pad\data\raw\celeba_spoof\SpoofingData\011542.jpg,011542,photo,1,0.8898025155067444,1,1
C:\Users\Zander Truong\Documents\coding\ekyc-face-pad\data\raw\celeba_spoof\SpoofingData\010708.jpg,010708,bona_fide,0,0.8168817758560181,1,0
C:\Users\Zander Truong\Documents\coding\ekyc-face-pad\data\raw\celeba_spoof\SpoofingData\012466.jpg,012466,bona_fide,0,0.00011511764751048759,0,1
C:\Users\Zander Truong\Documents\coding\ekyc-face-pad\data\raw\celeba_spoof\SpoofingData\006646.jpg,006646,photo,1,0.6704676747322083,1,1
C:\Users\Zander Truong\Documents\coding\ekyc-face-pad\data\raw\celeba_spoof\SpoofingData\011490.jpg,011490,bona_fide,0,0.000432047265348956,0,1
C:\Users\Zander Truong\Documents\coding\ekyc-face-pad\data\raw\celeba_spoof\SpoofingData\013893.jpg,013893,bona_fide,0,0.011683187447488308,0,1
C:\Users\Zander Truong\Documents\coding\ekyc-face-pad\data\raw\celeba_spoof\SpoofingData\003633.jpg,003633,bona_fide,0,0.00023994638468138874,0,1
C:\Users\Zander Truong\Documents\coding\ekyc-face-pad\data\raw\celeba_spoof\SpoofingData\007684.jpg,007684,photo,1,0.9996492862701416,1,1
C:\Users\Zander Truong\Documents\coding\ekyc-face-pad\data\raw\celeba_spoof\SpoofingData\015919.jpg,015919,photo,1,0.9733713865280151,1,1
C:\Users\Zander Truong\Documents\coding\ekyc-face-pad\data\raw\celeba_spoof\SpoofingData\013789.jpg,013789,photo,1,0.9965245127677917,1,1
C:\Users\Zander Truong\Documents\coding\ekyc-face-pad\data\raw\celeba_spoof\SpoofingData\004347.jpg,004347,bona_fide,0,0.0004471329739317298,0,1
C:\Users\Zander Truong\Documents\coding\ekyc-face-pad\data\raw\celeba_spoof\SpoofingData\003020.jpg,003020,photo,1,0.7877254486083984,1,1
C:\Users\Zander Truong\Documents\coding\ekyc-face-pad\data\raw\celeba_spoof\SpoofingData\010208.jpg,010208,photo,1,0.7021458148956299,1,1
C:\Users\Zander Truong\Documents\coding\ekyc-face-pad\data\raw\celeba_spoof\SpoofingData\015862.jpg,015862,bona_fide,0,2.0421468434506096e-05,0,1
C:\Users\Zander Truong\Documents\coding\ekyc-face-pad\data\raw\celeba_spoof\SpoofingData\015055.jpg,015055,photo,1,0.9995618462562561,1,1
C:\Users\Zander Truong\Documents\coding\ekyc-face-pad\data\raw\celeba_spoof\SpoofingData\015348.jpg,015348,bona_fide,0,0.029860028997063637,0,1
C:\Users\Zander Truong\Documents\coding\ekyc-face-pad\data\raw\celeba_spoof\SpoofingData\013133.jpg,013133,bona_fide,0,1.5763096598675475e-05,0,1
C:\Users\Zander Truong\Documents\coding\ekyc-face-pad\data\raw\celeba_spoof\SpoofingData\001787.jpg,001787,bona_fide,0,0.27151262760162354,0,1
C:\Users\Zander Truong\Documents\coding\ekyc-face-pad\data\raw\celeba_spoof\SpoofingData\009699.jpg,009699,bona_fide,0,0.01610906980931759,0,1
C:\Users\Zander Truong\Documents\coding\ekyc-face-pad\data\raw\celeba_spoof\SpoofingData\002691.jpg,002691,photo,1,0.9997333884239197,1,1
C:\Users\Zander Truong\Documents\coding\ekyc-face-pad\data\raw\celeba_spoof\SpoofingData\006857.jpg,006857,photo,1,0.9987913966178894,1,1
C:\Users\Zander Truong\Documents\coding\ekyc-face-pad\data\raw\celeba_spoof\SpoofingData\006204.jpg,006204,bona_fide,0,0.12177594751119614,0,1
C:\Users\Zander Truong\Documents\coding\ekyc-face-pad\data\raw\celeba_spoof\SpoofingData\012756.jpg,012756,photo,1,0.9847365021705627,1,1
C:\Users\Zander Truong\Documents\coding\ekyc-face-pad\data\raw\celeba_spoof\SpoofingData\000586.jpg,000586,photo,1,0.99254310131073,1,1
C:\Users\Zander Truong\Documents\coding\ekyc-face-pad\data\raw\celeba_spoof\SpoofingData\005445.jpg,005445,bona_fide,0,0.002298809355124831,0,1
C:\Users\Zander Truong\Documents\coding\ekyc-face-pad\data\raw\celeba_spoof\SpoofingData\002145.jpg,002145,photo,1,0.9290186166763306,1,1
C:\Users\Zander Truong\Documents\coding\ekyc-face-pad\data\raw\celeba_spoof\SpoofingData\007484.jpg,007484,photo,1,0.9807941913604736,1,1
C:\Users\Zander Truong\Documents\coding\ekyc-face-pad\data\raw\celeba_spoof\SpoofingData\001712.jpg,001712,bona_fide,0,0.0030167056247591972,0,1
C:\Users\Zander Truong\Documents\coding\ekyc-face-pad\data\raw\celeba_spoof\SpoofingData\001780.jpg,001780,bona_fide,0,1.9886550944647752e-05,0,1
C:\Users\Zander Truong\Documents\coding\ekyc-face-pad\data\raw\celeba_spoof\SpoofingData\017184.jpg,017184,photo,1,0.9996845722198486,1,1
C:\Users\Zander Truong\Documents\coding\ekyc-face-pad\data\raw\celeba_spoof\SpoofingData\013434.jpg,013434,bona_fide,0,0.045032668858766556,0,1
C:\Users\Zander Truong\Documents\coding\ekyc-face-pad\data\raw\celeba_spoof\SpoofingData\014388.jpg,014388,photo,1,0.9977960586547852,1,1
C:\Users\Zander Truong\Documents\coding\ekyc-face-pad\data\raw\celeba_spoof\SpoofingData\005056.jpg,005056,photo,1,0.9975929856300354,1,1
C:\Users\Zander Truong\Documents\coding\ekyc-face-pad\data\raw\celeba_spoof\SpoofingData\011491.jpg,011491,bona_fide,0,0.00032894941978156567,0,1
C:\Users\Zander Truong\Documents\coding\ekyc-face-pad\data\raw\celeba_spoof\SpoofingData\002903.jpg,002903,bona_fide,0,0.00018147310765925795,0,1
C:\Users\Zander Truong\Documents\coding\ekyc-face-pad\data\raw\celeba_spoof\SpoofingData\000580.jpg,000580,photo,1,0.8220834136009216,1,1
C:\Users\Zander Truong\Documents\coding\ekyc-face-pad\data\raw\celeba_spoof\SpoofingData\002197.jpg,002197,photo,1,0.49451521039009094,0,0
C:\Users\Zander Truong\Documents\coding\ekyc-face-pad\data\raw\celeba_spoof\SpoofingData\002125.jpg,002125,photo,1,0.9897851347923279,1,1
C:\Users\Zander Truong\Documents\coding\ekyc-face-pad\data\raw\celeba_spoof\SpoofingData\008934.jpg,008934,bona_fide,0,0.6068946719169617,1,0
C:\Users\Zander Truong\Documents\coding\ekyc-face-pad\data\raw\celeba_spoof\SpoofingData\004052.jpg,004052,photo,1,0.9995492100715637,1,1
C:\Users\Zander Truong\Documents\coding\ekyc-face-pad\data\raw\celeba_spoof\SpoofingData\007758.jpg,007758,photo,1,0.369476318359375,0,0
C:\Users\Zander Truong\Documents\coding\ekyc-face-pad\data\raw\celeba_spoof\SpoofingData\014061.jpg,014061,bona_fide,0,0.9170461297035217,1,0
C:\Users\Zander Truong\Documents\coding\ekyc-face-pad\data\raw\celeba_spoof\SpoofingData\004574.jpg,004574,photo,1,0.9998536109924316,1,1
C:\Users\Zander Truong\Documents\coding\ekyc-face-pad\data\raw\celeba_spoof\SpoofingData\001561.jpg,001561,photo,1,0.9296191334724426,1,1
C:\Users\Zander Truong\Documents\coding\ekyc-face-pad\data\raw\celeba_spoof\SpoofingData\010545.jpg,010545,bona_fide,0,0.980635404586792,1,0
C:\Users\Zander Truong\Documents\coding\ekyc-face-pad\data\raw\celeba_spoof\SpoofingData\006032.jpg,006032,photo,1,0.03226710110902786,0,0
C:\Users\Zander Truong\Documents\coding\ekyc-face-pad\data\raw\celeba_spoof\SpoofingData\011303.jpg,011303,photo,1,0.9992783665657043,1,1
C:\Users\Zander Truong\Documents\coding\ekyc-face-pad\data\raw\celeba_spoof\SpoofingData\012489.jpg,012489,photo,1,0.05942079797387123,0,0
C:\Users\Zander Truong\Documents\coding\ekyc-face-pad\data\raw\celeba_spoof\SpoofingData\015669.jpg,015669,bona_fide,0,0.0010778880678117275,0,1
C:\Users\Zander Truong\Documents\coding\ekyc-face-pad\data\raw\celeba_spoof\SpoofingData\007706.jpg,007706,photo,1,0.9852514266967773,1,1
C:\Users\Zander Truong\Documents\coding\ekyc-face-pad\data\raw\celeba_spoof\SpoofingData\001184.jpg,001184,photo,1,0.10622097551822662,0,0
C:\Users\Zander Truong\Documents\coding\ekyc-face-pad\data\raw\celeba_spoof\SpoofingData\017470.jpg,017470,bona_fide,0,0.0005739997723139822,0,1
C:\Users\Zander Truong\Documents\coding\ekyc-face-pad\data\raw\celeba_spoof\SpoofingData\008049.jpg,008049,photo,1,0.9997348189353943,1,1
C:\Users\Zander Truong\Documents\coding\ekyc-face-pad\data\raw\celeba_spoof\SpoofingData\003895.jpg,003895,photo,1,0.9852744340896606,1,1
C:\Users\Zander Truong\Documents\coding\ekyc-face-pad\data\raw\celeba_spoof\SpoofingData\005164.jpg,005164,photo,1,0.9866433143615723,1,1
C:\Users\Zander Truong\Documents\coding\ekyc-face-pad\data\raw\celeba_spoof\SpoofingData\000138.jpg,000138,photo,1,0.9938380122184753,1,1
C:\Users\Zander Truong\Documents\coding\ekyc-face-pad\data\raw\celeba_spoof\SpoofingData\001517.jpg,001517,photo,1,0.9993413090705872,1,1
C:\Users\Zander Truong\Documents\coding\ekyc-face-pad\data\raw\celeba_spoof\SpoofingData\005883.jpg,005883,photo,1,0.9866256713867188,1,1
C:\Users\Zander Truong\Documents\coding\ekyc-face-pad\data\raw\celeba_spoof\SpoofingData\005240.jpg,005240,photo,1,0.8948459625244141,1,1
C:\Users\Zander Truong\Documents\coding\ekyc-face-pad\data\raw\celeba_spoof\SpoofingData\007004.jpg,007004,photo,1,0.999427318572998,1,1
C:\Users\Zander Truong\Documents\coding\ekyc-face-pad\data\raw\celeba_spoof\SpoofingData\001966.jpg,001966,photo,1,0.9750295281410217,1,1
C:\Users\Zander Truong\Documents\coding\ekyc-face-pad\data\raw\celeba_spoof\SpoofingData\007827.jpg,007827,photo,1,0.9996398687362671,1,1
C:\Users\Zander Truong\Documents\coding\ekyc-face-pad\data\raw\celeba_spoof\SpoofingData\005705.jpg,005705,photo,1,0.9251576662063599,1,1
C:\Users\Zander Truong\Documents\coding\ekyc-face-pad\data\raw\celeba_spoof\SpoofingData\014415.jpg,014415,bona_fide,0,0.007334617897868156,0,1
C:\Users\Zander Truong\Documents\coding\ekyc-face-pad\data\raw\celeba_spoof\SpoofingData\001791.jpg,001791,photo,1,0.9987362027168274,1,1
C:\Users\Zander Truong\Documents\coding\ekyc-face-pad\data\raw\celeba_spoof\SpoofingData\014144.jpg,014144,bona_fide,0,0.00782811176031828,0,1
C:\Users\Zander Truong\Documents\coding\ekyc-face-pad\data\raw\celeba_spoof\SpoofingData\003628.jpg,003628,bona_fide,0,0.4727623462677002,0,1
C:\Users\Zander Truong\Documents\coding\ekyc-face-pad\data\raw\celeba_spoof\SpoofingData\014330.jpg,014330,bona_fide,0,0.7517199516296387,1,0
C:\Users\Zander Truong\Documents\coding\ekyc-face-pad\data\raw\celeba_spoof\SpoofingData\002531.jpg,002531,bona_fide,0,0.004879752639681101,0,1
C:\Users\Zander Truong\Documents\coding\ekyc-face-pad\data\raw\celeba_spoof\SpoofingData\011673.jpg,011673,photo,1,0.9983081817626953,1,1
C:\Users\Zander Truong\Documents\coding\ekyc-face-pad\data\raw\celeba_spoof\SpoofingData\007037.jpg,007037,bona_fide,0,7.029305834294064e-06,0,1
C:\Users\Zander Truong\Documents\coding\ekyc-face-pad\data\raw\celeba_spoof\SpoofingData\002240.jpg,002240,photo,1,0.9670613408088684,1,1
C:\Users\Zander Truong\Documents\coding\ekyc-face-pad\data\raw\celeba_spoof\SpoofingData\011837.jpg,011837,photo,1,0.5657949447631836,1,1
C:\Users\Zander Truong\Documents\coding\ekyc-face-pad\data\raw\celeba_spoof\SpoofingData\004733.jpg,004733,photo,1,0.9698227643966675,1,1
C:\Users\Zander Truong\Documents\coding\ekyc-face-pad\data\raw\celeba_spoof\SpoofingData\011707.jpg,011707,bona_fide,0,0.016700569540262222,0,1
C:\Users\Zander Truong\Documents\coding\ekyc-face-pad\data\raw\celeba_spoof\SpoofingData\016181.jpg,016181,photo,1,0.9994469285011292,1,1
C:\Users\Zander Truong\Documents\coding\ekyc-face-pad\data\raw\celeba_spoof\SpoofingData\005816.jpg,005816,bona_fide,0,0.017502987757325172,0,1
C:\Users\Zander Truong\Documents\coding\ekyc-face-pad\data\raw\celeba_spoof\SpoofingData\004069.jpg,004069,photo,1,0.9987921118736267,1,1
C:\Users\Zander Truong\Documents\coding\ekyc-face-pad\data\raw\celeba_spoof\SpoofingData\003860.jpg,003860,photo,1,0.7686029076576233,1,1
C:\Users\Zander Truong\Documents\coding\ekyc-face-pad\data\raw\celeba_spoof\SpoofingData\017244.jpg,017244,photo,1,0.9944909811019897,1,1
C:\Users\Zander Truong\Documents\coding\ekyc-face-pad\data\raw\celeba_spoof\SpoofingData\008979.jpg,008979,bona_fide,0,0.009015800431370735,0,1
C:\Users\Zander Truong\Documents\coding\ekyc-face-pad\data\raw\celeba_spoof\SpoofingData\002249.jpg,002249,bona_fide,0,0.03221408277750015,0,1
C:\Users\Zander Truong\Documents\coding\ekyc-face-pad\data\raw\celeba_spoof\SpoofingData\016175.jpg,016175,photo,1,0.9948180317878723,1,1
C:\Users\Zander Truong\Documents\coding\ekyc-face-pad\data\raw\celeba_spoof\SpoofingData\009545.jpg,009545,bona_fide,0,0.7972061634063721,1,0
C:\Users\Zander Truong\Documents\coding\ekyc-face-pad\data\raw\celeba_spoof\SpoofingData\004592.jpg,004592,bona_fide,0,0.003279590979218483,0,1
C:\Users\Zander Truong\Documents\coding\ekyc-face-pad\data\raw\celeba_spoof\SpoofingData\012420.jpg,012420,bona_fide,0,0.0034709677565842867,0,1
C:\Users\Zander Truong\Documents\coding\ekyc-face-pad\data\raw\celeba_spoof\SpoofingData\003318.jpg,003318,bona_fide,0,0.0008732699207030237,0,1
C:\Users\Zander Truong\Documents\coding\ekyc-face-pad\data\raw\celeba_spoof\SpoofingData\001846.jpg,001846,photo,1,0.9764203429222107,1,1
C:\Users\Zander Truong\Documents\coding\ekyc-face-pad\data\raw\celeba_spoof\SpoofingData\016011.jpg,016011,photo,1,0.99577796459198,1,1
C:\Users\Zander Truong\Documents\coding\ekyc-face-pad\data\raw\celeba_spoof\SpoofingData\016185.jpg,016185,photo,1,0.15294569730758667,0,0
C:\Users\Zander Truong\Documents\coding\ekyc-face-pad\data\raw\celeba_spoof\SpoofingData\011652.jpg,011652,photo,1,0.6085132360458374,1,1
C:\Users\Zander Truong\Documents\coding\ekyc-face-pad\data\raw\celeba_spoof\SpoofingData\013906.jpg,013906,photo,1,0.999969482421875,1,1
C:\Users\Zander Truong\Documents\coding\ekyc-face-pad\data\raw\celeba_spoof\SpoofingData\011396.jpg,011396,photo,1,0.9999985694885254,1,1
C:\Users\Zander Truong\Documents\coding\ekyc-face-pad\data\raw\celeba_spoof\SpoofingData\016158.jpg,016158,photo,1,0.9080252647399902,1,1
C:\Users\Zander Truong\Documents\coding\ekyc-face-pad\data\raw\celeba_spoof\SpoofingData\010600.jpg,010600,photo,1,0.9217531085014343,1,1
C:\Users\Zander Truong\Documents\coding\ekyc-face-pad\data\raw\celeba_spoof\SpoofingData\007364.jpg,007364,photo,1,0.988836407661438,1,1
C:\Users\Zander Truong\Documents\coding\ekyc-face-pad\data\raw\celeba_spoof\SpoofingData\009358.jpg,009358,photo,1,0.9997360110282898,1,1
C:\Users\Zander Truong\Documents\coding\ekyc-face-pad\data\raw\celeba_spoof\SpoofingData\017434.jpg,017434,photo,1,0.9999405145645142,1,1
C:\Users\Zander Truong\Documents\coding\ekyc-face-pad\data\raw\celeba_spoof\SpoofingData\008190.jpg,008190,bona_fide,0,1.9609091239658483e-08,0,1
C:\Users\Zander Truong\Documents\coding\ekyc-face-pad\data\raw\celeba_spoof\SpoofingData\017880.jpg,017880,bona_fide,0,0.36206328868865967,0,1
C:\Users\Zander Truong\Documents\coding\ekyc-face-pad\data\raw\celeba_spoof\SpoofingData\006242.jpg,006242,photo,1,0.26375237107276917,0,0
C:\Users\Zander Truong\Documents\coding\ekyc-face-pad\data\raw\celeba_spoof\SpoofingData\008335.jpg,008335,photo,1,0.9542780518531799,1,1
C:\Users\Zander Truong\Documents\coding\ekyc-face-pad\data\raw\celeba_spoof\SpoofingData\010688.jpg,010688,photo,1,0.9990878105163574,1,1
C:\Users\Zander Truong\Documents\coding\ekyc-face-pad\data\raw\celeba_spoof\SpoofingData\005840.jpg,005840,photo,1,0.9864009022712708,1,1
C:\Users\Zander Truong\Documents\coding\ekyc-face-pad\data\raw\celeba_spoof\SpoofingData\003796.jpg,003796,photo,1,0.8513163924217224,1,1
C:\Users\Zander Truong\Documents\coding\ekyc-face-pad\data\raw\celeba_spoof\SpoofingData\001534.jpg,001534,bona_fide,0,0.0010710034985095263,0,1
C:\Users\Zander Truong\Documents\coding\ekyc-face-pad\data\raw\celeba_spoof\SpoofingData\011931.jpg,011931,bona_fide,0,0.12494348734617233,0,1
C:\Users\Zander Truong\Documents\coding\ekyc-face-pad\data\raw\celeba_spoof\SpoofingData\010593.jpg,010593,bona_fide,0,0.021917853504419327,0,1
C:\Users\Zander Truong\Documents\coding\ekyc-face-pad\data\raw\celeba_spoof\SpoofingData\012159.jpg,012159,photo,1,0.995940089225769,1,1
C:\Users\Zander Truong\Documents\coding\ekyc-face-pad\data\raw\celeba_spoof\SpoofingData\011663.jpg,011663,photo,1,0.7721238136291504,1,1
C:\Users\Zander Truong\Documents\coding\ekyc-face-pad\data\raw\celeba_spoof\SpoofingData\011980.jpg,011980,bona_fide,0,0.1681862771511078,0,1
C:\Users\Zander Truong\Documents\coding\ekyc-face-pad\data\raw\celeba_spoof\SpoofingData\004404.jpg,004404,bona_fide,0,0.002988681197166443,0,1
C:\Users\Zander Truong\Documents\coding\ekyc-face-pad\data\raw\celeba_spoof\SpoofingData\017371.jpg,017371,photo,1,0.7070891261100769,1,1
C:\Users\Zander Truong\Documents\coding\ekyc-face-pad\data\raw\celeba_spoof\SpoofingData\017131.jpg,017131,bona_fide,0,0.0016192140756174922,0,1
C:\Users\Zander Truong\Documents\coding\ekyc-face-pad\data\raw\celeba_spoof\SpoofingData\001032.jpg,001032,photo,1,0.9982085227966309,1,1
C:\Users\Zander Truong\Documents\coding\ekyc-face-pad\data\raw\celeba_spoof\SpoofingData\009328.jpg,009328,photo,1,0.996141254901886,1,1
C:\Users\Zander Truong\Documents\coding\ekyc-face-pad\data\raw\celeba_spoof\SpoofingData\011079.jpg,011079,photo,1,0.9999898672103882,1,1
C:\Users\Zander Truong\Documents\coding\ekyc-face-pad\data\raw\celeba_spoof\SpoofingData\017999.jpg,017999,photo,1,0.9999920129776001,1,1
C:\Users\Zander Truong\Documents\coding\ekyc-face-pad\data\raw\celeba_spoof\SpoofingData\016364.jpg,016364,photo,1,0.8410359025001526,1,1
C:\Users\Zander Truong\Documents\coding\ekyc-face-pad\data\raw\celeba_spoof\SpoofingData\013613.jpg,013613,photo,1,0.9791203737258911,1,1
C:\Users\Zander Truong\Documents\coding\ekyc-face-pad\data\raw\celeba_spoof\SpoofingData\008858.jpg,008858,photo,1,0.18727782368659973,0,0
C:\Users\Zander Truong\Documents\coding\ekyc-face-pad\data\raw\celeba_spoof\SpoofingData\005536.jpg,005536,photo,1,0.9994434714317322,1,1
C:\Users\Zander Truong\Documents\coding\ekyc-face-pad\data\raw\celeba_spoof\SpoofingData\000633.jpg,000633,photo,1,0.997191846370697,1,1
C:\Users\Zander Truong\Documents\coding\ekyc-face-pad\data\raw\celeba_spoof\SpoofingData\008057.jpg,008057,bona_fide,0,0.0009258364443667233,0,1
C:\Users\Zander Truong\Documents\coding\ekyc-face-pad\data\raw\celeba_spoof\SpoofingData\013442.jpg,013442,photo,1,0.8143060803413391,1,1
C:\Users\Zander Truong\Documents\coding\ekyc-face-pad\data\raw\celeba_spoof\SpoofingData\015027.jpg,015027,photo,1,0.9552258253097534,1,1
C:\Users\Zander Truong\Documents\coding\ekyc-face-pad\data\raw\celeba_spoof\SpoofingData\007044.jpg,007044,photo,1,0.3348769247531891,0,0
C:\Users\Zander Truong\Documents\coding\ekyc-face-pad\data\raw\celeba_spoof\SpoofingData\006239.jpg,006239,bona_fide,0,6.936779755051248e-06,0,1
C:\Users\Zander Truong\Documents\coding\ekyc-face-pad\data\raw\celeba_spoof\SpoofingData\005910.jpg,005910,bona_fide,0,0.009220937266945839,0,1
C:\Users\Zander Truong\Documents\coding\ekyc-face-pad\data\raw\celeba_spoof\SpoofingData\008926.jpg,008926,bona_fide,0,0.000682688900269568,0,1
C:\Users\Zander Truong\Documents\coding\ekyc-face-pad\data\raw\celeba_spoof\SpoofingData\013612.jpg,013612,photo,1,0.9925106763839722,1,1
C:\Users\Zander Truong\Documents\coding\ekyc-face-pad\data\raw\celeba_spoof\SpoofingData\011005.jpg,011005,photo,1,0.9999696016311646,1,1
C:\Users\Zander Truong\Documents\coding\ekyc-face-pad\data\raw\celeba_spoof\SpoofingData\008690.jpg,008690,photo,1,0.9958871006965637,1,1
C:\Users\Zander Truong\Documents\coding\ekyc-face-pad\data\raw\celeba_spoof\SpoofingData\009304.jpg,009304,bona_fide,0,0.1817883849143982,0,1
C:\Users\Zander Truong\Documents\coding\ekyc-face-pad\data\raw\celeba_spoof\SpoofingData\004173.jpg,004173,bona_fide,0,0.008031101897358894,0,1
C:\Users\Zander Truong\Documents\coding\ekyc-face-pad\data\raw\celeba_spoof\SpoofingData\001464.jpg,001464,bona_fide,0,0.0026302761398255825,0,1
C:\Users\Zander Truong\Documents\coding\ekyc-face-pad\data\raw\celeba_spoof\SpoofingData\015061.jpg,015061,photo,1,0.9854246973991394,1,1
C:\Users\Zander Truong\Documents\coding\ekyc-face-pad\data\raw\celeba_spoof\SpoofingData\017714.jpg,017714,bona_fide,0,0.0032744575291872025,0,1
C:\Users\Zander Truong\Documents\coding\ekyc-face-pad\data\raw\celeba_spoof\SpoofingData\007123.jpg,007123,photo,1,0.9994458556175232,1,1
C:\Users\Zander Truong\Documents\coding\ekyc-face-pad\data\raw\celeba_spoof\SpoofingData\002367.jpg,002367,bona_fide,0,0.007117016706615686,0,1
C:\Users\Zander Truong\Documents\coding\ekyc-face-pad\data\raw\celeba_spoof\SpoofingData\008510.jpg,008510,photo,1,0.8289990425109863,1,1
C:\Users\Zander Truong\Documents\coding\ekyc-face-pad\data\raw\celeba_spoof\SpoofingData\002793.jpg,002793,bona_fide,0,0.35960790514945984,0,1
C:\Users\Zander Truong\Documents\coding\ekyc-face-pad\data\raw\celeba_spoof\SpoofingData\011712.jpg,011712,photo,1,0.9978088736534119,1,1
C:\Users\Zander Truong\Documents\coding\ekyc-face-pad\data\raw\celeba_spoof\SpoofingData\001961.jpg,001961,photo,1,0.9997690320014954,1,1
C:\Users\Zander Truong\Documents\coding\ekyc-face-pad\data\raw\celeba_spoof\SpoofingData\002099.jpg,002099,photo,1,0.8977196216583252,1,1
C:\Users\Zander Truong\Documents\coding\ekyc-face-pad\data\raw\celeba_spoof\SpoofingData\000975.jpg,000975,photo,1,0.9976168870925903,1,1
C:\Users\Zander Truong\Documents\coding\ekyc-face-pad\data\raw\celeba_spoof\SpoofingData\012753.jpg,012753,bona_fide,0,0.0013666421873494983,0,1
C:\Users\Zander Truong\Documents\coding\ekyc-face-pad\data\raw\celeba_spoof\SpoofingData\009311.jpg,009311,photo,1,0.998472273349762,1,1
C:\Users\Zander Truong\Documents\coding\ekyc-face-pad\data\raw\celeba_spoof\SpoofingData\009414.jpg,009414,bona_fide,0,1.1837312740681227e-05,0,1
C:\Users\Zander Truong\Documents\coding\ekyc-face-pad\data\raw\celeba_spoof\SpoofingData\009871.jpg,009871,bona_fide,0,0.36257243156433105,0,1
C:\Users\Zander Truong\Documents\coding\ekyc-face-pad\data\raw\celeba_spoof\SpoofingData\001292.jpg,001292,photo,1,0.23626111447811127,0,0
C:\Users\Zander Truong\Documents\coding\ekyc-face-pad\data\raw\celeba_spoof\SpoofingData\015626.jpg,015626,photo,1,0.8808386921882629,1,1
C:\Users\Zander Truong\Documents\coding\ekyc-face-pad\data\raw\celeba_spoof\SpoofingData\005527.jpg,005527,bona_fide,0,6.211516847542953e-07,0,1
C:\Users\Zander Truong\Documents\coding\ekyc-face-pad\data\raw\celeba_spoof\SpoofingData\010103.jpg,010103,bona_fide,0,0.000949208508245647,0,1
C:\Users\Zander Truong\Documents\coding\ekyc-face-pad\data\raw\celeba_spoof\SpoofingData\005315.jpg,005315,photo,1,0.999716579914093,1,1
C:\Users\Zander Truong\Documents\coding\ekyc-face-pad\data\raw\celeba_spoof\SpoofingData\008711.jpg,008711,photo,1,0.8444385528564453,1,1
C:\Users\Zander Truong\Documents\coding\ekyc-face-pad\data\raw\celeba_spoof\SpoofingData\011994.jpg,011994,photo,1,0.45138978958129883,0,0
C:\Users\Zander Truong\Documents\coding\ekyc-face-pad\data\raw\celeba_spoof\SpoofingData\010159.jpg,010159,photo,1,0.9994814991950989,1,1
C:\Users\Zander Truong\Documents\coding\ekyc-face-pad\data\raw\celeba_spoof\SpoofingData\007265.jpg,007265,photo,1,0.9986668825149536,1,1
C:\Users\Zander Truong\Documents\coding\ekyc-face-pad\data\raw\celeba_spoof\SpoofingData\003306.jpg,003306,photo,1,0.9948663711547852,1,1
C:\Users\Zander Truong\Documents\coding\ekyc-face-pad\data\raw\celeba_spoof\SpoofingData\005691.jpg,005691,photo,1,0.999972939491272,1,1
C:\Users\Zander Truong\Documents\coding\ekyc-face-pad\data\raw\celeba_spoof\SpoofingData\013323.jpg,013323,bona_fide,0,0.00015150438412092626,0,1
C:\Users\Zander Truong\Documents\coding\ekyc-face-pad\data\raw\celeba_spoof\SpoofingData\000173.jpg,000173,bona_fide,0,0.36914345622062683,0,1
C:\Users\Zander Truong\Documents\coding\ekyc-face-pad\data\raw\celeba_spoof\SpoofingData\001762.jpg,001762,photo,1,0.890387237071991,1,1
C:\Users\Zander Truong\Documents\coding\ekyc-face-pad\data\raw\celeba_spoof\SpoofingData\006780.jpg,006780,photo,1,0.9596490263938904,1,1
C:\Users\Zander Truong\Documents\coding\ekyc-face-pad\data\raw\celeba_spoof\SpoofingData\011895.jpg,011895,photo,1,0.939558744430542,1,1
C:\Users\Zander Truong\Documents\coding\ekyc-face-pad\data\raw\celeba_spoof\SpoofingData\002863.jpg,002863,photo,1,0.9966872334480286,1,1
C:\Users\Zander Truong\Documents\coding\ekyc-face-pad\data\raw\celeba_spoof\SpoofingData\014157.jpg,014157,photo,1,0.7274792194366455,1,1
C:\Users\Zander Truong\Documents\coding\ekyc-face-pad\data\raw\celeba_spoof\SpoofingData\003032.jpg,003032,bona_fide,0,0.018607404083013535,0,1
C:\Users\Zander Truong\Documents\coding\ekyc-face-pad\data\raw\celeba_spoof\SpoofingData\005932.jpg,005932,bona_fide,0,0.050956107676029205,0,1
C:\Users\Zander Truong\Documents\coding\ekyc-face-pad\data\raw\celeba_spoof\SpoofingData\004998.jpg,004998,photo,1,0.6384887099266052,1,1
C:\Users\Zander Truong\Documents\coding\ekyc-face-pad\data\raw\celeba_spoof\SpoofingData\012710.jpg,012710,photo,1,0.8745166063308716,1,1
C:\Users\Zander Truong\Documents\coding\ekyc-face-pad\data\raw\celeba_spoof\SpoofingData\016201.jpg,016201,photo,1,0.9988547563552856,1,1
C:\Users\Zander Truong\Documents\coding\ekyc-face-pad\data\raw\celeba_spoof\SpoofingData\015321.jpg,015321,photo,1,0.9342371821403503,1,1
C:\Users\Zander Truong\Documents\coding\ekyc-face-pad\data\raw\celeba_spoof\SpoofingData\010172.jpg,010172,photo,1,0.9707366228103638,1,1
C:\Users\Zander Truong\Documents\coding\ekyc-face-pad\data\raw\celeba_spoof\SpoofingData\011394.jpg,011394,photo,1,0.9541098475456238,1,1
C:\Users\Zander Truong\Documents\coding\ekyc-face-pad\data\raw\celeba_spoof\SpoofingData\013332.jpg,013332,photo,1,0.9921390414237976,1,1
C:\Users\Zander Truong\Documents\coding\ekyc-face-pad\data\raw\celeba_spoof\SpoofingData\012844.jpg,012844,photo,1,0.917231023311615,1,1
C:\Users\Zander Truong\Documents\coding\ekyc-face-pad\data\raw\celeba_spoof\SpoofingData\010691.jpg,010691,photo,1,0.9574968814849854,1,1
C:\Users\Zander Truong\Documents\coding\ekyc-face-pad\data\raw\celeba_spoof\SpoofingData\017315.jpg,017315,photo,1,0.9999768733978271,1,1
C:\Users\Zander Truong\Documents\coding\ekyc-face-pad\data\raw\celeba_spoof\SpoofingData\002682.jpg,002682,photo,1,0.9983213543891907,1,1
C:\Users\Zander Truong\Documents\coding\ekyc-face-pad\data\raw\celeba_spoof\SpoofingData\014256.jpg,014256,bona_fide,0,0.00570637546479702,0,1
C:\Users\Zander Truong\Documents\coding\ekyc-face-pad\data\raw\celeba_spoof\SpoofingData\008538.jpg,008538,photo,1,0.6988872289657593,1,1
C:\Users\Zander Truong\Documents\coding\ekyc-face-pad\data\raw\celeba_spoof\SpoofingData\010223.jpg,010223,bona_fide,0,0.014506245031952858,0,1
C:\Users\Zander Truong\Documents\coding\ekyc-face-pad\data\raw\celeba_spoof\SpoofingData\000167.jpg,000167,photo,1,0.9975681900978088,1,1
C:\Users\Zander Truong\Documents\coding\ekyc-face-pad\data\raw\celeba_spoof\SpoofingData\003376.jpg,003376,bona_fide,0,0.004733396228402853,0,1
C:\Users\Zander Truong\Documents\coding\ekyc-face-pad\data\raw\celeba_spoof\SpoofingData\006131.jpg,006131,bona_fide,0,0.508366048336029,1,0
C:\Users\Zander Truong\Documents\coding\ekyc-face-pad\data\raw\celeba_spoof\SpoofingData\009376.jpg,009376,photo,1,0.8911188840866089,1,1
C:\Users\Zander Truong\Documents\coding\ekyc-face-pad\data\raw\celeba_spoof\SpoofingData\013513.jpg,013513,photo,1,0.9989562034606934,1,1
C:\Users\Zander Truong\Documents\coding\ekyc-face-pad\data\raw\celeba_spoof\SpoofingData\008450.jpg,008450,photo,1,0.9990342855453491,1,1
C:\Users\Zander Truong\Documents\coding\ekyc-face-pad\data\raw\celeba_spoof\SpoofingData\005682.jpg,005682,photo,1,0.9638808965682983,1,1
C:\Users\Zander Truong\Documents\coding\ekyc-face-pad\data\raw\celeba_spoof\SpoofingData\006595.jpg,006595,photo,1,0.9998180270195007,1,1
C:\Users\Zander Truong\Documents\coding\ekyc-face-pad\data\raw\celeba_spoof\SpoofingData\007190.jpg,007190,photo,1,0.9976142644882202,1,1
C:\Users\Zander Truong\Documents\coding\ekyc-face-pad\data\raw\celeba_spoof\SpoofingData\001443.jpg,001443,photo,1,0.7726923227310181,1,1
C:\Users\Zander Truong\Documents\coding\ekyc-face-pad\data\raw\celeba_spoof\SpoofingData\006476.jpg,006476,photo,1,0.9999659061431885,1,1
C:\Users\Zander Truong\Documents\coding\ekyc-face-pad\data\raw\celeba_spoof\SpoofingData\006233.jpg,006233,photo,1,0.9948387742042542,1,1
C:\Users\Zander Truong\Documents\coding\ekyc-face-pad\data\raw\celeba_spoof\SpoofingData\003400.jpg,003400,bona_fide,0,0.14585494995117188,0,1
C:\Users\Zander Truong\Documents\coding\ekyc-face-pad\data\raw\celeba_spoof\SpoofingData\011332.jpg,011332,bona_fide,0,0.4637681543827057,0,1
C:\Users\Zander Truong\Documents\coding\ekyc-face-pad\data\raw\celeba_spoof\SpoofingData\012339.jpg,012339,photo,1,0.6001264452934265,1,1
C:\Users\Zander Truong\Documents\coding\ekyc-face-pad\data\raw\celeba_spoof\SpoofingData\003946.jpg,003946,photo,1,0.8158122301101685,1,1
C:\Users\Zander Truong\Documents\coding\ekyc-face-pad\data\raw\celeba_spoof\SpoofingData\012501.jpg,012501,bona_fide,0,0.9536322355270386,1,0
C:\Users\Zander Truong\Documents\coding\ekyc-face-pad\data\raw\celeba_spoof\SpoofingData\006769.jpg,006769,bona_fide,0,0.0016471900744363666,0,1
C:\Users\Zander Truong\Documents\coding\ekyc-face-pad\data\raw\celeba_spoof\SpoofingData\007267.jpg,007267,photo,1,0.9959130883216858,1,1
C:\Users\Zander Truong\Documents\coding\ekyc-face-pad\data\raw\celeba_spoof\SpoofingData\017408.jpg,017408,photo,1,0.999900221824646,1,1
C:\Users\Zander Truong\Documents\coding\ekyc-face-pad\data\raw\celeba_spoof\SpoofingData\015659.jpg,015659,photo,1,0.9988935589790344,1,1
C:\Users\Zander Truong\Documents\coding\ekyc-face-pad\data\raw\celeba_spoof\SpoofingData\001164.jpg,001164,photo,1,0.9999831914901733,1,1
C:\Users\Zander Truong\Documents\coding\ekyc-face-pad\data\raw\celeba_spoof\SpoofingData\013389.jpg,013389,photo,1,0.9948822259902954,1,1
C:\Users\Zander Truong\Documents\coding\ekyc-face-pad\data\raw\celeba_spoof\SpoofingData\016382.jpg,016382,photo,1,0.5841777324676514,1,1
C:\Users\Zander Truong\Documents\coding\ekyc-face-pad\data\raw\celeba_spoof\SpoofingData\009740.jpg,009740,bona_fide,0,0.04016181826591492,0,1
C:\Users\Zander Truong\Documents\coding\ekyc-face-pad\data\raw\celeba_spoof\SpoofingData\006658.jpg,006658,bona_fide,0,0.02340313419699669,0,1
C:\Users\Zander Truong\Documents\coding\ekyc-face-pad\data\raw\celeba_spoof\SpoofingData\000753.jpg,000753,photo,1,0.9999450445175171,1,1
C:\Users\Zander Truong\Documents\coding\ekyc-face-pad\data\raw\celeba_spoof\SpoofingData\012160.jpg,012160,photo,1,0.9973146319389343,1,1
C:\Users\Zander Truong\Documents\coding\ekyc-face-pad\data\raw\celeba_spoof\SpoofingData\006707.jpg,006707,bona_fide,0,2.9105805879225954e-05,0,1
C:\Users\Zander Truong\Documents\coding\ekyc-face-pad\data\raw\celeba_spoof\SpoofingData\002479.jpg,002479,photo,1,0.9999240636825562,1,1
C:\Users\Zander Truong\Documents\coding\ekyc-face-pad\data\raw\celeba_spoof\SpoofingData\010659.jpg,010659,photo,1,0.5827203392982483,1,1
C:\Users\Zander Truong\Documents\coding\ekyc-face-pad\data\raw\celeba_spoof\SpoofingData\015459.jpg,015459,photo,1,0.9992914199829102,1,1
C:\Users\Zander Truong\Documents\coding\ekyc-face-pad\data\raw\celeba_spoof\SpoofingData\007396.jpg,007396,bona_fide,0,0.012734494172036648,0,1
C:\Users\Zander Truong\Documents\coding\ekyc-face-pad\data\raw\celeba_spoof\SpoofingData\003673.jpg,003673,bona_fide,0,0.09038396924734116,0,1
C:\Users\Zander Truong\Documents\coding\ekyc-face-pad\data\raw\celeba_spoof\SpoofingData\004648.jpg,004648,photo,1,0.9970719814300537,1,1
C:\Users\Zander Truong\Documents\coding\ekyc-face-pad\data\raw\celeba_spoof\SpoofingData\009266.jpg,009266,bona_fide,0,0.025260575115680695,0,1
C:\Users\Zander Truong\Documents\coding\ekyc-face-pad\data\raw\celeba_spoof\SpoofingData\015070.jpg,015070,photo,1,0.9987348914146423,1,1
C:\Users\Zander Truong\Documents\coding\ekyc-face-pad\data\raw\celeba_spoof\SpoofingData\016928.jpg,016928,photo,1,0.9996389150619507,1,1
C:\Users\Zander Truong\Documents\coding\ekyc-face-pad\data\raw\celeba_spoof\SpoofingData\016717.jpg,016717,bona_fide,0,0.006216621957719326,0,1
C:\Users\Zander Truong\Documents\coding\ekyc-face-pad\data\raw\celeba_spoof\SpoofingData\017638.jpg,017638,photo,1,0.9988487958908081,1,1
C:\Users\Zander Truong\Documents\coding\ekyc-face-pad\data\raw\celeba_spoof\SpoofingData\013186.jpg,013186,bona_fide,0,0.10531043261289597,0,1
C:\Users\Zander Truong\Documents\coding\ekyc-face-pad\data\raw\celeba_spoof\SpoofingData\000619.jpg,000619,photo,1,0.8015452027320862,1,1
C:\Users\Zander Truong\Documents\coding\ekyc-face-pad\data\raw\celeba_spoof\SpoofingData\016368.jpg,016368,photo,1,0.9653496146202087,1,1
C:\Users\Zander Truong\Documents\coding\ekyc-face-pad\data\raw\celeba_spoof\SpoofingData\005832.jpg,005832,bona_fide,0,0.2026744931936264,0,1
C:\Users\Zander Truong\Documents\coding\ekyc-face-pad\data\raw\celeba_spoof\SpoofingData\009576.jpg,009576,photo,1,0.9998992681503296,1,1
C:\Users\Zander Truong\Documents\coding\ekyc-face-pad\data\raw\celeba_spoof\SpoofingData\006555.jpg,006555,bona_fide,0,0.004793833941221237,0,1
C:\Users\Zander Truong\Documents\coding\ekyc-face-pad\data\raw\celeba_spoof\SpoofingData\005679.jpg,005679,bona_fide,0,0.2328743189573288,0,1
C:\Users\Zander Truong\Documents\coding\ekyc-face-pad\data\raw\celeba_spoof\SpoofingData\005955.jpg,005955,bona_fide,0,0.000569153344258666,0,1
C:\Users\Zander Truong\Documents\coding\ekyc-face-pad\data\raw\celeba_spoof\SpoofingData\000620.jpg,000620,bona_fide,0,0.9577720165252686,1,0
C:\Users\Zander Truong\Documents\coding\ekyc-face-pad\data\raw\celeba_spoof\SpoofingData\016514.jpg,016514,photo,1,0.9996838569641113,1,1
C:\Users\Zander Truong\Documents\coding\ekyc-face-pad\data\raw\celeba_spoof\SpoofingData\011243.jpg,011243,bona_fide,0,0.19969967007637024,0,1
C:\Users\Zander Truong\Documents\coding\ekyc-face-pad\data\raw\celeba_spoof\SpoofingData\012573.jpg,012573,photo,1,0.9283740520477295,1,1
C:\Users\Zander Truong\Documents\coding\ekyc-face-pad\data\raw\celeba_spoof\SpoofingData\006963.jpg,006963,bona_fide,0,0.0007386966608464718,0,1
C:\Users\Zander Truong\Documents\coding\ekyc-face-pad\data\raw\celeba_spoof\SpoofingData\008446.jpg,008446,bona_fide,0,0.44391027092933655,0,1
C:\Users\Zander Truong\Documents\coding\ekyc-face-pad\data\raw\celeba_spoof\SpoofingData\000811.jpg,000811,photo,1,0.998969554901123,1,1
C:\Users\Zander Truong\Documents\coding\ekyc-face-pad\data\raw\celeba_spoof\SpoofingData\003079.jpg,003079,bona_fide,0,0.22886112332344055,0,1
C:\Users\Zander Truong\Documents\coding\ekyc-face-pad\data\raw\celeba_spoof\SpoofingData\015950.jpg,015950,photo,1,0.997665286064148,1,1
C:\Users\Zander Truong\Documents\coding\ekyc-face-pad\data\raw\celeba_spoof\SpoofingData\013817.jpg,013817,photo,1,0.9374364614486694,1,1
C:\Users\Zander Truong\Documents\coding\ekyc-face-pad\data\raw\celeba_spoof\SpoofingData\005959.jpg,005959,photo,1,0.960819661617279,1,1
C:\Users\Zander Truong\Documents\coding\ekyc-face-pad\data\raw\celeba_spoof\SpoofingData\011753.jpg,011753,photo,1,0.9707859754562378,1,1
C:\Users\Zander Truong\Documents\coding\ekyc-face-pad\data\raw\celeba_spoof\SpoofingData\015700.jpg,015700,photo,1,0.9734292030334473,1,1
C:\Users\Zander Truong\Documents\coding\ekyc-face-pad\data\raw\celeba_spoof\SpoofingData\015233.jpg,015233,bona_fide,0,0.0010620028479024768,0,1
C:\Users\Zander Truong\Documents\coding\ekyc-face-pad\data\raw\celeba_spoof\SpoofingData\007936.jpg,007936,photo,1,0.9999345541000366,1,1
C:\Users\Zander Truong\Documents\coding\ekyc-face-pad\data\raw\celeba_spoof\SpoofingData\002948.jpg,002948,photo,1,0.999895453453064,1,1
C:\Users\Zander Truong\Documents\coding\ekyc-face-pad\data\raw\celeba_spoof\SpoofingData\001940.jpg,001940,photo,1,0.23733367025852203,0,0
C:\Users\Zander Truong\Documents\coding\ekyc-face-pad\data\raw\celeba_spoof\SpoofingData\000210.jpg,000210,bona_fide,0,0.02583254873752594,0,1
C:\Users\Zander Truong\Documents\coding\ekyc-face-pad\data\raw\celeba_spoof\SpoofingData\005835.jpg,005835,bona_fide,0,0.007825445383787155,0,1
C:\Users\Zander Truong\Documents\coding\ekyc-face-pad\data\raw\celeba_spoof\SpoofingData\004759.jpg,004759,photo,1,0.9991025924682617,1,1
C:\Users\Zander Truong\Documents\coding\ekyc-face-pad\data\raw\celeba_spoof\SpoofingData\004028.jpg,004028,bona_fide,0,0.004440852906554937,0,1
C:\Users\Zander Truong\Documents\coding\ekyc-face-pad\data\raw\celeba_spoof\SpoofingData\004841.jpg,004841,bona_fide,0,0.0015444387681782246,0,1
C:\Users\Zander Truong\Documents\coding\ekyc-face-pad\data\raw\celeba_spoof\SpoofingData\000725.jpg,000725,bona_fide,0,0.047414541244506836,0,1
C:\Users\Zander Truong\Documents\coding\ekyc-face-pad\data\raw\celeba_spoof\SpoofingData\005516.jpg,005516,photo,1,0.9983375072479248,1,1
C:\Users\Zander Truong\Documents\coding\ekyc-face-pad\data\raw\celeba_spoof\SpoofingData\015064.jpg,015064,photo,1,0.993429958820343,1,1
C:\Users\Zander Truong\Documents\coding\ekyc-face-pad\data\raw\celeba_spoof\SpoofingData\006337.jpg,006337,photo,1,0.9907264709472656,1,1
C:\Users\Zander Truong\Documents\coding\ekyc-face-pad\data\raw\celeba_spoof\SpoofingData\017874.jpg,017874,photo,1,0.9999450445175171,1,1
C:\Users\Zander Truong\Documents\coding\ekyc-face-pad\data\raw\celeba_spoof\SpoofingData\013870.jpg,013870,photo,1,0.9574809074401855,1,1
C:\Users\Zander Truong\Documents\coding\ekyc-face-pad\data\raw\celeba_spoof\SpoofingData\004666.jpg,004666,photo,1,0.9775007963180542,1,1
C:\Users\Zander Truong\Documents\coding\ekyc-face-pad\data\raw\celeba_spoof\SpoofingData\009608.jpg,009608,photo,1,0.9999443292617798,1,1
C:\Users\Zander Truong\Documents\coding\ekyc-face-pad\data\raw\celeba_spoof\SpoofingData\011936.jpg,011936,bona_fide,0,3.1686726288171485e-05,0,1
C:\Users\Zander Truong\Documents\coding\ekyc-face-pad\data\raw\celeba_spoof\SpoofingData\001305.jpg,001305,photo,1,0.8953345417976379,1,1
C:\Users\Zander Truong\Documents\coding\ekyc-face-pad\data\raw\celeba_spoof\SpoofingData\000003.jpg,000003,photo,1,0.9964684247970581,1,1
C:\Users\Zander Truong\Documents\coding\ekyc-face-pad\data\raw\celeba_spoof\SpoofingData\007393.jpg,007393,bona_fide,0,0.0018054429674521089,0,1
C:\Users\Zander Truong\Documents\coding\ekyc-face-pad\data\raw\celeba_spoof\SpoofingData\014487.jpg,014487,photo,1,0.9993520379066467,1,1
C:\Users\Zander Truong\Documents\coding\ekyc-face-pad\data\raw\celeba_spoof\SpoofingData\017111.jpg,017111,photo,1,0.9986978769302368,1,1
C:\Users\Zander Truong\Documents\coding\ekyc-face-pad\data\raw\celeba_spoof\SpoofingData\001831.jpg,001831,bona_fide,0,0.013528972864151001,0,1
C:\Users\Zander Truong\Documents\coding\ekyc-face-pad\data\raw\celeba_spoof\SpoofingData\009811.jpg,009811,photo,1,0.8765807747840881,1,1
C:\Users\Zander Truong\Documents\coding\ekyc-face-pad\data\raw\celeba_spoof\SpoofingData\010230.jpg,010230,bona_fide,0,0.0347907580435276,0,1
C:\Users\Zander Truong\Documents\coding\ekyc-face-pad\data\raw\celeba_spoof\SpoofingData\009705.jpg,009705,photo,1,0.8393418192863464,1,1
C:\Users\Zander Truong\Documents\coding\ekyc-face-pad\data\raw\celeba_spoof\SpoofingData\005604.jpg,005604,photo,1,0.9999226331710815,1,1
C:\Users\Zander Truong\Documents\coding\ekyc-face-pad\data\raw\celeba_spoof\SpoofingData\014281.jpg,014281,bona_fide,0,0.333382785320282,0,1
C:\Users\Zander Truong\Documents\coding\ekyc-face-pad\data\raw\celeba_spoof\SpoofingData\014354.jpg,014354,bona_fide,0,0.0008853299077600241,0,1
C:\Users\Zander Truong\Documents\coding\ekyc-face-pad\data\raw\celeba_spoof\SpoofingData\007272.jpg,007272,bona_fide,0,0.0006380922277458012,0,1
C:\Users\Zander Truong\Documents\coding\ekyc-face-pad\data\raw\celeba_spoof\SpoofingData\000252.jpg,000252,photo,1,0.796661913394928,1,1
C:\Users\Zander Truong\Documents\coding\ekyc-face-pad\data\raw\celeba_spoof\SpoofingData\016507.jpg,016507,bona_fide,0,0.0497417114675045,0,1
C:\Users\Zander Truong\Documents\coding\ekyc-face-pad\data\raw\celeba_spoof\SpoofingData\009501.jpg,009501,photo,1,0.9940616488456726,1,1
C:\Users\Zander Truong\Documents\coding\ekyc-face-pad\data\raw\celeba_spoof\SpoofingData\000255.jpg,000255,bona_fide,0,0.005327462684363127,0,1
C:\Users\Zander Truong\Documents\coding\ekyc-face-pad\data\raw\celeba_spoof\SpoofingData\005203.jpg,005203,photo,1,0.5189608335494995,1,1
C:\Users\Zander Truong\Documents\coding\ekyc-face-pad\data\raw\celeba_spoof\SpoofingData\014709.jpg,014709,photo,1,0.9999722242355347,1,1
C:\Users\Zander Truong\Documents\coding\ekyc-face-pad\data\raw\celeba_spoof\SpoofingData\013697.jpg,013697,bona_fide,0,0.0003583302313927561,0,1
C:\Users\Zander Truong\Documents\coding\ekyc-face-pad\data\raw\celeba_spoof\SpoofingData\007713.jpg,007713,photo,1,0.9944815635681152,1,1
C:\Users\Zander Truong\Documents\coding\ekyc-face-pad\data\raw\celeba_spoof\SpoofingData\011681.jpg,011681,photo,1,0.9430745840072632,1,1
C:\Users\Zander Truong\Documents\coding\ekyc-face-pad\data\raw\celeba_spoof\SpoofingData\013228.jpg,013228,photo,1,0.0036508834455162287,0,0
C:\Users\Zander Truong\Documents\coding\ekyc-face-pad\data\raw\celeba_spoof\SpoofingData\002651.jpg,002651,photo,1,0.875665545463562,1,1
C:\Users\Zander Truong\Documents\coding\ekyc-face-pad\data\raw\celeba_spoof\SpoofingData\009282.jpg,009282,photo,1,0.9999868869781494,1,1
C:\Users\Zander Truong\Documents\coding\ekyc-face-pad\data\raw\celeba_spoof\SpoofingData\006045.jpg,006045,photo,1,0.9300403594970703,1,1
C:\Users\Zander Truong\Documents\coding\ekyc-face-pad\data\raw\celeba_spoof\SpoofingData\010275.jpg,010275,photo,1,0.9998236298561096,1,1
C:\Users\Zander Truong\Documents\coding\ekyc-face-pad\data\raw\celeba_spoof\SpoofingData\004306.jpg,004306,bona_fide,0,0.05818897858262062,0,1
C:\Users\Zander Truong\Documents\coding\ekyc-face-pad\data\raw\celeba_spoof\SpoofingData\009849.jpg,009849,photo,1,0.8959604501724243,1,1
C:\Users\Zander Truong\Documents\coding\ekyc-face-pad\data\raw\celeba_spoof\SpoofingData\005520.jpg,005520,photo,1,0.9998027682304382,1,1
C:\Users\Zander Truong\Documents\coding\ekyc-face-pad\data\raw\celeba_spoof\SpoofingData\007139.jpg,007139,bona_fide,0,0.606674075126648,1,0
C:\Users\Zander Truong\Documents\coding\ekyc-face-pad\data\raw\celeba_spoof\SpoofingData\006879.jpg,006879,photo,1,0.9657055735588074,1,1
C:\Users\Zander Truong\Documents\coding\ekyc-face-pad\data\raw\celeba_spoof\SpoofingData\002335.jpg,002335,photo,1,0.9569332599639893,1,1
C:\Users\Zander Truong\Documents\coding\ekyc-face-pad\data\raw\celeba_spoof\SpoofingData\014975.jpg,014975,photo,1,0.22797246277332306,0,0
C:\Users\Zander Truong\Documents\coding\ekyc-face-pad\data\raw\celeba_spoof\SpoofingData\007055.jpg,007055,photo,1,0.9995787739753723,1,1
C:\Users\Zander Truong\Documents\coding\ekyc-face-pad\data\raw\celeba_spoof\SpoofingData\015129.jpg,015129,photo,1,0.9818750023841858,1,1
C:\Users\Zander Truong\Documents\coding\ekyc-face-pad\data\raw\celeba_spoof\SpoofingData\009632.jpg,009632,photo,1,0.9998648166656494,1,1
C:\Users\Zander Truong\Documents\coding\ekyc-face-pad\data\raw\celeba_spoof\SpoofingData\007320.jpg,007320,bona_fide,0,1.218471311403846e-06,0,1
C:\Users\Zander Truong\Documents\coding\ekyc-face-pad\data\raw\celeba_spoof\SpoofingData\008582.jpg,008582,bona_fide,0,0.1502155065536499,0,1
C:\Users\Zander Truong\Documents\coding\ekyc-face-pad\data\raw\celeba_spoof\SpoofingData\016972.jpg,016972,photo,1,0.9978440999984741,1,1
C:\Users\Zander Truong\Documents\coding\ekyc-face-pad\data\raw\celeba_spoof\SpoofingData\013936.jpg,013936,photo,1,0.9563189744949341,1,1
C:\Users\Zander Truong\Documents\coding\ekyc-face-pad\data\raw\celeba_spoof\SpoofingData\012155.jpg,012155,bona_fide,0,0.02113143913447857,0,1
C:\Users\Zander Truong\Documents\coding\ekyc-face-pad\data\raw\celeba_spoof\SpoofingData\012888.jpg,012888,photo,1,0.9971938133239746,1,1
C:\Users\Zander Truong\Documents\coding\ekyc-face-pad\data\raw\celeba_spoof\SpoofingData\001769.jpg,001769,photo,1,0.999854564666748,1,1
C:\Users\Zander Truong\Documents\coding\ekyc-face-pad\data\raw\celeba_spoof\SpoofingData\008092.jpg,008092,bona_fide,0,0.0021496417466551065,0,1
C:\Users\Zander Truong\Documents\coding\ekyc-face-pad\data\raw\celeba_spoof\SpoofingData\002588.jpg,002588,photo,1,0.8093177080154419,1,1
C:\Users\Zander Truong\Documents\coding\ekyc-face-pad\data\raw\celeba_spoof\SpoofingData\009688.jpg,009688,photo,1,0.8858485817909241,1,1
C:\Users\Zander Truong\Documents\coding\ekyc-face-pad\data\raw\celeba_spoof\SpoofingData\014320.jpg,014320,bona_fide,0,0.045098450034856796,0,1
C:\Users\Zander Truong\Documents\coding\ekyc-face-pad\data\raw\celeba_spoof\SpoofingData\010350.jpg,010350,bona_fide,0,0.7974783778190613,1,0
C:\Users\Zander Truong\Documents\coding\ekyc-face-pad\data\raw\celeba_spoof\SpoofingData\004485.jpg,004485,bona_fide,0,0.061479467898607254,0,1
C:\Users\Zander Truong\Documents\coding\ekyc-face-pad\data\raw\celeba_spoof\SpoofingData\011071.jpg,011071,photo,1,0.9777039289474487,1,1
C:\Users\Zander Truong\Documents\coding\ekyc-face-pad\data\raw\celeba_spoof\SpoofingData\009225.jpg,009225,bona_fide,0,0.06725413352251053,0,1
C:\Users\Zander Truong\Documents\coding\ekyc-face-pad\data\raw\celeba_spoof\SpoofingData\003248.jpg,003248,photo,1,0.7784686088562012,1,1
C:\Users\Zander Truong\Documents\coding\ekyc-face-pad\data\raw\celeba_spoof\SpoofingData\016833.jpg,016833,bona_fide,0,0.30068376660346985,0,1
C:\Users\Zander Truong\Documents\coding\ekyc-face-pad\data\raw\celeba_spoof\SpoofingData\008122.jpg,008122,bona_fide,0,0.9982153177261353,1,0
C:\Users\Zander Truong\Documents\coding\ekyc-face-pad\data\raw\celeba_spoof\SpoofingData\004590.jpg,004590,photo,1,0.9892538785934448,1,1
C:\Users\Zander Truong\Documents\coding\ekyc-face-pad\data\raw\celeba_spoof\SpoofingData\008983.jpg,008983,photo,1,0.9956058859825134,1,1
C:\Users\Zander Truong\Documents\coding\ekyc-face-pad\data\raw\celeba_spoof\SpoofingData\003977.jpg,003977,photo,1,0.1728777438402176,0,0
C:\Users\Zander Truong\Documents\coding\ekyc-face-pad\data\raw\celeba_spoof\SpoofingData\015108.jpg,015108,photo,1,0.939982533454895,1,1
C:\Users\Zander Truong\Documents\coding\ekyc-face-pad\data\raw\celeba_spoof\SpoofingData\004546.jpg,004546,photo,1,0.43185609579086304,0,0
C:\Users\Zander Truong\Documents\coding\ekyc-face-pad\data\raw\celeba_spoof\SpoofingData\014046.jpg,014046,photo,1,0.9993447661399841,1,1
C:\Users\Zander Truong\Documents\coding\ekyc-face-pad\data\raw\celeba_spoof\SpoofingData\015743.jpg,015743,photo,1,0.9864756464958191,1,1
C:\Users\Zander Truong\Documents\coding\ekyc-face-pad\data\raw\celeba_spoof\SpoofingData\004548.jpg,004548,photo,1,0.593582034111023,1,1
C:\Users\Zander Truong\Documents\coding\ekyc-face-pad\data\raw\celeba_spoof\SpoofingData\004174.jpg,004174,photo,1,0.27590981125831604,0,0
C:\Users\Zander Truong\Documents\coding\ekyc-face-pad\data\raw\celeba_spoof\SpoofingData\014393.jpg,014393,photo,1,0.32405203580856323,0,0
C:\Users\Zander Truong\Documents\coding\ekyc-face-pad\data\raw\celeba_spoof\SpoofingData\003523.jpg,003523,photo,1,0.6369423270225525,1,1
C:\Users\Zander Truong\Documents\coding\ekyc-face-pad\data\raw\celeba_spoof\SpoofingData\000637.jpg,000637,photo,1,0.8719666600227356,1,1
C:\Users\Zander Truong\Documents\coding\ekyc-face-pad\data\raw\celeba_spoof\SpoofingData\009210.jpg,009210,photo,1,0.8767160177230835,1,1
C:\Users\Zander Truong\Documents\coding\ekyc-face-pad\data\raw\celeba_spoof\SpoofingData\010562.jpg,010562,photo,1,0.9999804496765137,1,1
C:\Users\Zander Truong\Documents\coding\ekyc-face-pad\data\raw\celeba_spoof\SpoofingData\010140.jpg,010140,photo,1,0.9839141368865967,1,1
C:\Users\Zander Truong\Documents\coding\ekyc-face-pad\data\raw\celeba_spoof\SpoofingData\017862.jpg,017862,bona_fide,0,0.4152280390262604,0,1
C:\Users\Zander Truong\Documents\coding\ekyc-face-pad\data\raw\celeba_spoof\SpoofingData\007688.jpg,007688,photo,1,0.9991742968559265,1,1
C:\Users\Zander Truong\Documents\coding\ekyc-face-pad\data\raw\celeba_spoof\SpoofingData\012947.jpg,012947,photo,1,0.6107024550437927,1,1
C:\Users\Zander Truong\Documents\coding\ekyc-face-pad\data\raw\celeba_spoof\SpoofingData\014598.jpg,014598,photo,1,0.9491923451423645,1,1
C:\Users\Zander Truong\Documents\coding\ekyc-face-pad\data\raw\celeba_spoof\SpoofingData\008128.jpg,008128,photo,1,0.9998276233673096,1,1
C:\Users\Zander Truong\Documents\coding\ekyc-face-pad\data\raw\celeba_spoof\SpoofingData\015440.jpg,015440,photo,1,0.9994413256645203,1,1
C:\Users\Zander Truong\Documents\coding\ekyc-face-pad\data\raw\celeba_spoof\SpoofingData\003065.jpg,003065,photo,1,0.9836124777793884,1,1
C:\Users\Zander Truong\Documents\coding\ekyc-face-pad\data\raw\celeba_spoof\SpoofingData\002357.jpg,002357,photo,1,0.4811922311782837,0,0
C:\Users\Zander Truong\Documents\coding\ekyc-face-pad\data\raw\celeba_spoof\SpoofingData\010308.jpg,010308,photo,1,0.9012802243232727,1,1
C:\Users\Zander Truong\Documents\coding\ekyc-face-pad\data\raw\celeba_spoof\SpoofingData\014901.jpg,014901,bona_fide,0,0.9921923279762268,1,0
C:\Users\Zander Truong\Documents\coding\ekyc-face-pad\data\raw\celeba_spoof\SpoofingData\007347.jpg,007347,photo,1,0.9999556541442871,1,1
C:\Users\Zander Truong\Documents\coding\ekyc-face-pad\data\raw\celeba_spoof\SpoofingData\006502.jpg,006502,bona_fide,0,0.0028949729166924953,0,1
C:\Users\Zander Truong\Documents\coding\ekyc-face-pad\data\raw\celeba_spoof\SpoofingData\005545.jpg,005545,photo,1,0.9736193418502808,1,1
C:\Users\Zander Truong\Documents\coding\ekyc-face-pad\data\raw\celeba_spoof\SpoofingData\009464.jpg,009464,photo,1,0.9831492304801941,1,1
C:\Users\Zander Truong\Documents\coding\ekyc-face-pad\data\raw\celeba_spoof\SpoofingData\016319.jpg,016319,bona_fide,0,6.932098767720163e-05,0,1
C:\Users\Zander Truong\Documents\coding\ekyc-face-pad\data\raw\celeba_spoof\SpoofingData\010657.jpg,010657,bona_fide,0,0.0012256159679964185,0,1
C:\Users\Zander Truong\Documents\coding\ekyc-face-pad\data\raw\celeba_spoof\SpoofingData\010137.jpg,010137,bona_fide,0,0.28458520770072937,0,1
C:\Users\Zander Truong\Documents\coding\ekyc-face-pad\data\raw\celeba_spoof\SpoofingData\004517.jpg,004517,photo,1,0.5403215885162354,1,1
C:\Users\Zander Truong\Documents\coding\ekyc-face-pad\data\raw\celeba_spoof\SpoofingData\015223.jpg,015223,bona_fide,0,7.075983376125805e-06,0,1
C:\Users\Zander Truong\Documents\coding\ekyc-face-pad\data\raw\celeba_spoof\SpoofingData\004139.jpg,004139,photo,1,0.982679009437561,1,1
C:\Users\Zander Truong\Documents\coding\ekyc-face-pad\data\raw\celeba_spoof\SpoofingData\004024.jpg,004024,photo,1,0.5623010396957397,1,1
C:\Users\Zander Truong\Documents\coding\ekyc-face-pad\data\raw\celeba_spoof\SpoofingData\011095.jpg,011095,photo,1,0.9989653825759888,1,1
C:\Users\Zander Truong\Documents\coding\ekyc-face-pad\data\raw\celeba_spoof\SpoofingData\015175.jpg,015175,photo,1,0.8797991871833801,1,1
C:\Users\Zander Truong\Documents\coding\ekyc-face-pad\data\raw\celeba_spoof\SpoofingData\013467.jpg,013467,bona_fide,0,0.04044245555996895,0,1
C:\Users\Zander Truong\Documents\coding\ekyc-face-pad\data\raw\celeba_spoof\SpoofingData\008579.jpg,008579,photo,1,0.11382730305194855,0,0
C:\Users\Zander Truong\Documents\coding\ekyc-face-pad\data\raw\celeba_spoof\SpoofingData\002530.jpg,002530,bona_fide,0,0.0009409004123881459,0,1
C:\Users\Zander Truong\Documents\coding\ekyc-face-pad\data\raw\celeba_spoof\SpoofingData\016429.jpg,016429,photo,1,0.9996204376220703,1,1
C:\Users\Zander Truong\Documents\coding\ekyc-face-pad\data\raw\celeba_spoof\SpoofingData\008994.jpg,008994,bona_fide,0,0.00014598056441172957,0,1
C:\Users\Zander Truong\Documents\coding\ekyc-face-pad\data\raw\celeba_spoof\SpoofingData\002947.jpg,002947,photo,1,0.07456304877996445,0,0
C:\Users\Zander Truong\Documents\coding\ekyc-face-pad\data\raw\celeba_spoof\SpoofingData\000597.jpg,000597,photo,1,0.19851826131343842,0,0
C:\Users\Zander Truong\Documents\coding\ekyc-face-pad\data\raw\celeba_spoof\SpoofingData\014643.jpg,014643,photo,1,0.9999996423721313,1,1
C:\Users\Zander Truong\Documents\coding\ekyc-face-pad\data\raw\celeba_spoof\SpoofingData\002063.jpg,002063,photo,1,0.9168549180030823,1,1
C:\Users\Zander Truong\Documents\coding\ekyc-face-pad\data\raw\celeba_spoof\SpoofingData\008511.jpg,008511,bona_fide,0,0.6949186325073242,1,0
C:\Users\Zander Truong\Documents\coding\ekyc-face-pad\data\raw\celeba_spoof\SpoofingData\009915.jpg,009915,photo,1,0.8428562879562378,1,1
C:\Users\Zander Truong\Documents\coding\ekyc-face-pad\data\raw\celeba_spoof\SpoofingData\017876.jpg,017876,photo,1,0.896287739276886,1,1
C:\Users\Zander Truong\Documents\coding\ekyc-face-pad\data\raw\celeba_spoof\SpoofingData\004235.jpg,004235,photo,1,0.9968337416648865,1,1
C:\Users\Zander Truong\Documents\coding\ekyc-face-pad\data\raw\celeba_spoof\SpoofingData\005002.jpg,005002,photo,1,0.9997357726097107,1,1
C:\Users\Zander Truong\Documents\coding\ekyc-face-pad\data\raw\celeba_spoof\SpoofingData\011369.jpg,011369,photo,1,0.9998929500579834,1,1
C:\Users\Zander Truong\Documents\coding\ekyc-face-pad\data\raw\celeba_spoof\SpoofingData\006673.jpg,006673,bona_fide,0,0.001521716476418078,0,1
C:\Users\Zander Truong\Documents\coding\ekyc-face-pad\data\raw\celeba_spoof\SpoofingData\000343.jpg,000343,bona_fide,0,0.04126904532313347,0,1
C:\Users\Zander Truong\Documents\coding\ekyc-face-pad\data\raw\celeba_spoof\SpoofingData\006453.jpg,006453,photo,1,0.8326689004898071,1,1
C:\Users\Zander Truong\Documents\coding\ekyc-face-pad\data\raw\celeba_spoof\SpoofingData\012804.jpg,012804,photo,1,0.9705063104629517,1,1
C:\Users\Zander Truong\Documents\coding\ekyc-face-pad\data\raw\celeba_spoof\SpoofingData\015519.jpg,015519,photo,1,0.9226834774017334,1,1
C:\Users\Zander Truong\Documents\coding\ekyc-face-pad\data\raw\celeba_spoof\SpoofingData\017526.jpg,017526,photo,1,0.9998995065689087,1,1
C:\Users\Zander Truong\Documents\coding\ekyc-face-pad\data\raw\celeba_spoof\SpoofingData\003537.jpg,003537,photo,1,0.6903092265129089,1,1
C:\Users\Zander Truong\Documents\coding\ekyc-face-pad\data\raw\celeba_spoof\SpoofingData\001807.jpg,001807,photo,1,0.7062356472015381,1,1
C:\Users\Zander Truong\Documents\coding\ekyc-face-pad\data\raw\celeba_spoof\SpoofingData\002419.jpg,002419,bona_fide,0,0.0009395225788466632,0,1
C:\Users\Zander Truong\Documents\coding\ekyc-face-pad\data\raw\celeba_spoof\SpoofingData\001268.jpg,001268,bona_fide,0,0.9530214071273804,1,0
C:\Users\Zander Truong\Documents\coding\ekyc-face-pad\data\raw\celeba_spoof\SpoofingData\015908.jpg,015908,photo,1,0.9978177547454834,1,1
C:\Users\Zander Truong\Documents\coding\ekyc-face-pad\data\raw\celeba_spoof\SpoofingData\014315.jpg,014315,photo,1,0.9372555017471313,1,1
C:\Users\Zander Truong\Documents\coding\ekyc-face-pad\data\raw\celeba_spoof\SpoofingData\006859.jpg,006859,bona_fide,0,0.008456802926957607,0,1
C:\Users\Zander Truong\Documents\coding\ekyc-face-pad\data\raw\celeba_spoof\SpoofingData\015271.jpg,015271,photo,1,0.9996218681335449,1,1
C:\Users\Zander Truong\Documents\coding\ekyc-face-pad\data\raw\celeba_spoof\SpoofingData\010957.jpg,010957,photo,1,0.9930233955383301,1,1
C:\Users\Zander Truong\Documents\coding\ekyc-face-pad\data\raw\celeba_spoof\SpoofingData\017564.jpg,017564,photo,1,0.9051041007041931,1,1
C:\Users\Zander Truong\Documents\coding\ekyc-face-pad\data\raw\celeba_spoof\SpoofingData\008035.jpg,008035,photo,1,0.9999618530273438,1,1
C:\Users\Zander Truong\Documents\coding\ekyc-face-pad\data\raw\celeba_spoof\SpoofingData\012989.jpg,012989,bona_fide,0,0.1560685932636261,0,1
C:\Users\Zander Truong\Documents\coding\ekyc-face-pad\data\raw\celeba_spoof\SpoofingData\002584.jpg,002584,bona_fide,0,0.06245976313948631,0,1
C:\Users\Zander Truong\Documents\coding\ekyc-face-pad\data\raw\celeba_spoof\SpoofingData\016968.jpg,016968,bona_fide,0,0.0006951201357878745,0,1
C:\Users\Zander Truong\Documents\coding\ekyc-face-pad\data\raw\celeba_spoof\SpoofingData\002079.jpg,002079,photo,1,0.40201881527900696,0,0
C:\Users\Zander Truong\Documents\coding\ekyc-face-pad\data\raw\celeba_spoof\SpoofingData\000462.jpg,000462,bona_fide,0,0.9939034581184387,1,0
C:\Users\Zander Truong\Documents\coding\ekyc-face-pad\data\raw\celeba_spoof\SpoofingData\010217.jpg,010217,bona_fide,0,0.5647040605545044,1,0
C:\Users\Zander Truong\Documents\coding\ekyc-face-pad\data\raw\celeba_spoof\SpoofingData\007833.jpg,007833,bona_fide,0,0.7515677213668823,1,0
C:\Users\Zander Truong\Documents\coding\ekyc-face-pad\data\raw\celeba_spoof\SpoofingData\003784.jpg,003784,photo,1,0.6015429496765137,1,1
C:\Users\Zander Truong\Documents\coding\ekyc-face-pad\data\raw\celeba_spoof\SpoofingData\011888.jpg,011888,bona_fide,0,0.07093660533428192,0,1
C:\Users\Zander Truong\Documents\coding\ekyc-face-pad\data\raw\celeba_spoof\SpoofingData\012211.jpg,012211,photo,1,0.9997758269309998,1,1
C:\Users\Zander Truong\Documents\coding\ekyc-face-pad\data\raw\celeba_spoof\SpoofingData\008425.jpg,008425,bona_fide,0,0.00020100608526263386,0,1
C:\Users\Zander Truong\Documents\coding\ekyc-face-pad\data\raw\celeba_spoof\SpoofingData\000135.jpg,000135,bona_fide,0,0.03291119635105133,0,1
C:\Users\Zander Truong\Documents\coding\ekyc-face-pad\data\raw\celeba_spoof\SpoofingData\007700.jpg,007700,photo,1,0.9995675683021545,1,1
C:\Users\Zander Truong\Documents\coding\ekyc-face-pad\data\raw\celeba_spoof\SpoofingData\007935.jpg,007935,bona_fide,0,0.0894588977098465,0,1
C:\Users\Zander Truong\Documents\coding\ekyc-face-pad\data\raw\celeba_spoof\SpoofingData\003112.jpg,003112,photo,1,0.9911318421363831,1,1
C:\Users\Zander Truong\Documents\coding\ekyc-face-pad\data\raw\celeba_spoof\SpoofingData\010041.jpg,010041,photo,1,0.9998112320899963,1,1
C:\Users\Zander Truong\Documents\coding\ekyc-face-pad\data\raw\celeba_spoof\SpoofingData\008708.jpg,008708,photo,1,0.9947836995124817,1,1
C:\Users\Zander Truong\Documents\coding\ekyc-face-pad\data\raw\celeba_spoof\SpoofingData\002789.jpg,002789,photo,1,0.9941551089286804,1,1
C:\Users\Zander Truong\Documents\coding\ekyc-face-pad\data\raw\celeba_spoof\SpoofingData\005376.jpg,005376,photo,1,0.9995858073234558,1,1
C:\Users\Zander Truong\Documents\coding\ekyc-face-pad\data\raw\celeba_spoof\SpoofingData\008036.jpg,008036,bona_fide,0,0.0005961103597655892,0,1
C:\Users\Zander Truong\Documents\coding\ekyc-face-pad\data\raw\celeba_spoof\SpoofingData\007306.jpg,007306,bona_fide,0,0.03397304564714432,0,1
C:\Users\Zander Truong\Documents\coding\ekyc-face-pad\data\raw\celeba_spoof\SpoofingData\008161.jpg,008161,photo,1,0.9965416789054871,1,1
C:\Users\Zander Truong\Documents\coding\ekyc-face-pad\data\raw\celeba_spoof\SpoofingData\004584.jpg,004584,photo,1,0.056528713554143906,0,0
C:\Users\Zander Truong\Documents\coding\ekyc-face-pad\data\raw\celeba_spoof\SpoofingData\017047.jpg,017047,bona_fide,0,1.7900209059007466e-05,0,1
C:\Users\Zander Truong\Documents\coding\ekyc-face-pad\data\raw\celeba_spoof\SpoofingData\014781.jpg,014781,bona_fide,0,0.004842979833483696,0,1
C:\Users\Zander Truong\Documents\coding\ekyc-face-pad\data\raw\celeba_spoof\SpoofingData\004675.jpg,004675,bona_fide,0,2.1443102014018223e-06,0,1
C:\Users\Zander Truong\Documents\coding\ekyc-face-pad\data\raw\celeba_spoof\SpoofingData\002368.jpg,002368,photo,1,0.997873067855835,1,1
C:\Users\Zander Truong\Documents\coding\ekyc-face-pad\data\raw\celeba_spoof\SpoofingData\011502.jpg,011502,bona_fide,0,0.13801458477973938,0,1
C:\Users\Zander Truong\Documents\coding\ekyc-face-pad\data\raw\celeba_spoof\SpoofingData\002082.jpg,002082,photo,1,0.7339820265769958,1,1
C:\Users\Zander Truong\Documents\coding\ekyc-face-pad\data\raw\celeba_spoof\SpoofingData\015118.jpg,015118,photo,1,0.998306393623352,1,1
C:\Users\Zander Truong\Documents\coding\ekyc-face-pad\data\raw\celeba_spoof\SpoofingData\003569.jpg,003569,photo,1,0.9867808222770691,1,1
C:\Users\Zander Truong\Documents\coding\ekyc-face-pad\data\raw\celeba_spoof\SpoofingData\013855.jpg,013855,photo,1,0.9999967813491821,1,1
C:\Users\Zander Truong\Documents\coding\ekyc-face-pad\data\raw\celeba_spoof\SpoofingData\003767.jpg,003767,bona_fide,0,3.8109374145278707e-07,0,1
C:\Users\Zander Truong\Documents\coding\ekyc-face-pad\data\raw\celeba_spoof\SpoofingData\007794.jpg,007794,photo,1,0.9988197684288025,1,1
C:\Users\Zander Truong\Documents\coding\ekyc-face-pad\data\raw\celeba_spoof\SpoofingData\015688.jpg,015688,bona_fide,0,0.006567729637026787,0,1
C:\Users\Zander Truong\Documents\coding\ekyc-face-pad\data\raw\celeba_spoof\SpoofingData\016311.jpg,016311,photo,1,0.9681431651115417,1,1
C:\Users\Zander Truong\Documents\coding\ekyc-face-pad\data\raw\celeba_spoof\SpoofingData\017711.jpg,017711,photo,1,0.8585308790206909,1,1
C:\Users\Zander Truong\Documents\coding\ekyc-face-pad\data\raw\celeba_spoof\SpoofingData\004518.jpg,004518,photo,1,0.9990754127502441,1,1
C:\Users\Zander Truong\Documents\coding\ekyc-face-pad\data\raw\celeba_spoof\SpoofingData\010799.jpg,010799,photo,1,0.9976116418838501,1,1
C:\Users\Zander Truong\Documents\coding\ekyc-face-pad\data\raw\celeba_spoof\SpoofingData\015630.jpg,015630,photo,1,0.9461857080459595,1,1
C:\Users\Zander Truong\Documents\coding\ekyc-face-pad\data\raw\celeba_spoof\SpoofingData\007122.jpg,007122,bona_fide,0,0.032505057752132416,0,1
C:\Users\Zander Truong\Documents\coding\ekyc-face-pad\data\raw\celeba_spoof\SpoofingData\016609.jpg,016609,photo,1,0.9950147271156311,1,1
C:\Users\Zander Truong\Documents\coding\ekyc-face-pad\data\raw\celeba_spoof\SpoofingData\002294.jpg,002294,photo,1,0.9778875708580017,1,1
C:\Users\Zander Truong\Documents\coding\ekyc-face-pad\data\raw\celeba_spoof\SpoofingData\001187.jpg,001187,photo,1,0.885779857635498,1,1
C:\Users\Zander Truong\Documents\coding\ekyc-face-pad\data\raw\celeba_spoof\SpoofingData\000754.jpg,000754,bona_fide,0,0.004562565125524998,0,1
C:\Users\Zander Truong\Documents\coding\ekyc-face-pad\data\raw\celeba_spoof\SpoofingData\014495.jpg,014495,photo,1,0.8261655569076538,1,1
C:\Users\Zander Truong\Documents\coding\ekyc-face-pad\data\raw\celeba_spoof\SpoofingData\017705.jpg,017705,photo,1,0.9673880934715271,1,1
C:\Users\Zander Truong\Documents\coding\ekyc-face-pad\data\raw\celeba_spoof\SpoofingData\006217.jpg,006217,bona_fide,0,0.03886308893561363,0,1
C:\Users\Zander Truong\Documents\coding\ekyc-face-pad\data\raw\celeba_spoof\SpoofingData\007931.jpg,007931,photo,1,0.9933559894561768,1,1
C:\Users\Zander Truong\Documents\coding\ekyc-face-pad\data\raw\celeba_spoof\SpoofingData\008372.jpg,008372,photo,1,0.8995488882064819,1,1
C:\Users\Zander Truong\Documents\coding\ekyc-face-pad\data\raw\celeba_spoof\SpoofingData\016904.jpg,016904,bona_fide,0,0.002413318259641528,0,1
C:\Users\Zander Truong\Documents\coding\ekyc-face-pad\data\raw\celeba_spoof\SpoofingData\011003.jpg,011003,photo,1,0.7853124737739563,1,1
C:\Users\Zander Truong\Documents\coding\ekyc-face-pad\data\raw\celeba_spoof\SpoofingData\004336.jpg,004336,photo,1,0.9552364945411682,1,1
C:\Users\Zander Truong\Documents\coding\ekyc-face-pad\data\raw\celeba_spoof\SpoofingData\003126.jpg,003126,bona_fide,0,0.2881971597671509,0,1
C:\Users\Zander Truong\Documents\coding\ekyc-face-pad\data\raw\celeba_spoof\SpoofingData\005364.jpg,005364,photo,1,0.9975232481956482,1,1
C:\Users\Zander Truong\Documents\coding\ekyc-face-pad\data\raw\celeba_spoof\SpoofingData\002054.jpg,002054,photo,1,0.6791151165962219,1,1
C:\Users\Zander Truong\Documents\coding\ekyc-face-pad\data\raw\celeba_spoof\SpoofingData\013153.jpg,013153,photo,1,0.9998717308044434,1,1
C:\Users\Zander Truong\Documents\coding\ekyc-face-pad\data\raw\celeba_spoof\SpoofingData\001868.jpg,001868,bona_fide,0,0.04319291189312935,0,1
C:\Users\Zander Truong\Documents\coding\ekyc-face-pad\data\raw\celeba_spoof\SpoofingData\000603.jpg,000603,photo,1,0.17542211711406708,0,0
C:\Users\Zander Truong\Documents\coding\ekyc-face-pad\data\raw\celeba_spoof\SpoofingData\016308.jpg,016308,photo,1,0.9998413324356079,1,1
C:\Users\Zander Truong\Documents\coding\ekyc-face-pad\data\raw\celeba_spoof\SpoofingData\000604.jpg,000604,photo,1,0.6155339479446411,1,1
C:\Users\Zander Truong\Documents\coding\ekyc-face-pad\data\raw\celeba_spoof\SpoofingData\003599.jpg,003599,photo,1,0.9987226128578186,1,1
C:\Users\Zander Truong\Documents\coding\ekyc-face-pad\data\raw\celeba_spoof\SpoofingData\015010.jpg,015010,photo,1,0.6911077499389648,1,1
C:\Users\Zander Truong\Documents\coding\ekyc-face-pad\data\raw\celeba_spoof\SpoofingData\011195.jpg,011195,photo,1,0.999586284160614,1,1
C:\Users\Zander Truong\Documents\coding\ekyc-face-pad\data\raw\celeba_spoof\SpoofingData\014333.jpg,014333,bona_fide,0,0.0001172880656667985,0,1
C:\Users\Zander Truong\Documents\coding\ekyc-face-pad\data\raw\celeba_spoof\SpoofingData\006065.jpg,006065,photo,1,0.9838603734970093,1,1
C:\Users\Zander Truong\Documents\coding\ekyc-face-pad\data\raw\celeba_spoof\SpoofingData\001225.jpg,001225,photo,1,0.9998542070388794,1,1
C:\Users\Zander Truong\Documents\coding\ekyc-face-pad\data\raw\celeba_spoof\SpoofingData\011723.jpg,011723,photo,1,0.9997126460075378,1,1
C:\Users\Zander Truong\Documents\coding\ekyc-face-pad\data\raw\celeba_spoof\SpoofingData\017045.jpg,017045,photo,1,0.9907292723655701,1,1
C:\Users\Zander Truong\Documents\coding\ekyc-face-pad\data\raw\celeba_spoof\SpoofingData\010724.jpg,010724,photo,1,0.9999232292175293,1,1
C:\Users\Zander Truong\Documents\coding\ekyc-face-pad\data\raw\celeba_spoof\SpoofingData\017161.jpg,017161,bona_fide,0,8.818792025522271e-07,0,1
C:\Users\Zander Truong\Documents\coding\ekyc-face-pad\data\raw\celeba_spoof\SpoofingData\013874.jpg,013874,bona_fide,0,0.0016001628246158361,0,1
C:\Users\Zander Truong\Documents\coding\ekyc-face-pad\data\raw\celeba_spoof\SpoofingData\005935.jpg,005935,photo,1,0.999923825263977,1,1
C:\Users\Zander Truong\Documents\coding\ekyc-face-pad\data\raw\celeba_spoof\SpoofingData\012460.jpg,012460,bona_fide,0,0.969843864440918,1,0
C:\Users\Zander Truong\Documents\coding\ekyc-face-pad\data\raw\celeba_spoof\SpoofingData\010190.jpg,010190,photo,1,0.999349057674408,1,1
C:\Users\Zander Truong\Documents\coding\ekyc-face-pad\data\raw\celeba_spoof\SpoofingData\002113.jpg,002113,photo,1,0.9982523322105408,1,1
C:\Users\Zander Truong\Documents\coding\ekyc-face-pad\data\raw\celeba_spoof\SpoofingData\013019.jpg,013019,photo,1,0.99073326587677,1,1
C:\Users\Zander Truong\Documents\coding\ekyc-face-pad\data\raw\celeba_spoof\SpoofingData\012833.jpg,012833,photo,1,0.9997645020484924,1,1
C:\Users\Zander Truong\Documents\coding\ekyc-face-pad\data\raw\celeba_spoof\SpoofingData\006677.jpg,006677,bona_fide,0,0.3278268873691559,0,1
C:\Users\Zander Truong\Documents\coding\ekyc-face-pad\data\raw\celeba_spoof\SpoofingData\011058.jpg,011058,photo,1,0.9367865920066833,1,1
C:\Users\Zander Truong\Documents\coding\ekyc-face-pad\data\raw\celeba_spoof\SpoofingData\011184.jpg,011184,photo,1,0.9999262094497681,1,1
C:\Users\Zander Truong\Documents\coding\ekyc-face-pad\data\raw\celeba_spoof\SpoofingData\016332.jpg,016332,bona_fide,0,0.8687471747398376,1,0
C:\Users\Zander Truong\Documents\coding\ekyc-face-pad\data\raw\celeba_spoof\SpoofingData\001760.jpg,001760,photo,1,0.9755404591560364,1,1
C:\Users\Zander Truong\Documents\coding\ekyc-face-pad\data\raw\celeba_spoof\SpoofingData\008089.jpg,008089,photo,1,0.9885128736495972,1,1
C:\Users\Zander Truong\Documents\coding\ekyc-face-pad\data\raw\celeba_spoof\SpoofingData\005243.jpg,005243,photo,1,0.999548614025116,1,1
C:\Users\Zander Truong\Documents\coding\ekyc-face-pad\data\raw\celeba_spoof\SpoofingData\007438.jpg,007438,photo,1,0.9999403953552246,1,1
C:\Users\Zander Truong\Documents\coding\ekyc-face-pad\data\raw\celeba_spoof\SpoofingData\002092.jpg,002092,photo,1,0.9990467429161072,1,1
C:\Users\Zander Truong\Documents\coding\ekyc-face-pad\data\raw\celeba_spoof\SpoofingData\000179.jpg,000179,photo,1,0.8982588052749634,1,1
C:\Users\Zander Truong\Documents\coding\ekyc-face-pad\data\raw\celeba_spoof\SpoofingData\006238.jpg,006238,bona_fide,0,2.584427420515567e-06,0,1
C:\Users\Zander Truong\Documents\coding\ekyc-face-pad\data\raw\celeba_spoof\SpoofingData\017550.jpg,017550,photo,1,0.9887908697128296,1,1
C:\Users\Zander Truong\Documents\coding\ekyc-face-pad\data\raw\celeba_spoof\SpoofingData\012533.jpg,012533,photo,1,0.9840870499610901,1,1
C:\Users\Zander Truong\Documents\coding\ekyc-face-pad\data\raw\celeba_spoof\SpoofingData\016834.jpg,016834,bona_fide,0,0.03679294139146805,0,1
C:\Users\Zander Truong\Documents\coding\ekyc-face-pad\data\raw\celeba_spoof\SpoofingData\004482.jpg,004482,photo,1,0.9975643157958984,1,1
C:\Users\Zander Truong\Documents\coding\ekyc-face-pad\data\raw\celeba_spoof\SpoofingData\014267.jpg,014267,photo,1,0.9756461977958679,1,1
C:\Users\Zander Truong\Documents\coding\ekyc-face-pad\data\raw\celeba_spoof\SpoofingData\008110.jpg,008110,photo,1,0.7390555739402771,1,1
C:\Users\Zander Truong\Documents\coding\ekyc-face-pad\data\raw\celeba_spoof\SpoofingData\008588.jpg,008588,photo,1,0.999321460723877,1,1
C:\Users\Zander Truong\Documents\coding\ekyc-face-pad\data\raw\celeba_spoof\SpoofingData\004160.jpg,004160,photo,1,0.9960026144981384,1,1
C:\Users\Zander Truong\Documents\coding\ekyc-face-pad\data\raw\celeba_spoof\SpoofingData\005608.jpg,005608,photo,1,0.9997057318687439,1,1
C:\Users\Zander Truong\Documents\coding\ekyc-face-pad\data\raw\celeba_spoof\SpoofingData\007480.jpg,007480,bona_fide,0,0.5528040528297424,1,0
C:\Users\Zander Truong\Documents\coding\ekyc-face-pad\data\raw\celeba_spoof\SpoofingData\006865.jpg,006865,photo,1,0.999915361404419,1,1
C:\Users\Zander Truong\Documents\coding\ekyc-face-pad\data\raw\celeba_spoof\SpoofingData\000824.jpg,000824,photo,1,0.9986026883125305,1,1
C:\Users\Zander Truong\Documents\coding\ekyc-face-pad\data\raw\celeba_spoof\SpoofingData\010765.jpg,010765,bona_fide,0,0.9422529935836792,1,0
C:\Users\Zander Truong\Documents\coding\ekyc-face-pad\data\raw\celeba_spoof\SpoofingData\006854.jpg,006854,photo,1,0.9999877214431763,1,1
C:\Users\Zander Truong\Documents\coding\ekyc-face-pad\data\raw\celeba_spoof\SpoofingData\006912.jpg,006912,photo,1,0.9961268305778503,1,1
C:\Users\Zander Truong\Documents\coding\ekyc-face-pad\data\raw\celeba_spoof\SpoofingData\016155.jpg,016155,photo,1,0.9985564351081848,1,1
C:\Users\Zander Truong\Documents\coding\ekyc-face-pad\data\raw\celeba_spoof\SpoofingData\012890.jpg,012890,photo,1,0.998619556427002,1,1
C:\Users\Zander Truong\Documents\coding\ekyc-face-pad\data\raw\celeba_spoof\SpoofingData\011816.jpg,011816,photo,1,0.9999520778656006,1,1
C:\Users\Zander Truong\Documents\coding\ekyc-face-pad\data\raw\celeba_spoof\SpoofingData\001621.jpg,001621,photo,1,0.9948927164077759,1,1
C:\Users\Zander Truong\Documents\coding\ekyc-face-pad\data\raw\celeba_spoof\SpoofingData\014250.jpg,014250,photo,1,0.9973039627075195,1,1
C:\Users\Zander Truong\Documents\coding\ekyc-face-pad\data\raw\celeba_spoof\SpoofingData\004727.jpg,004727,photo,1,0.999369204044342,1,1
C:\Users\Zander Truong\Documents\coding\ekyc-face-pad\data\raw\celeba_spoof\SpoofingData\004354.jpg,004354,photo,1,0.9348201751708984,1,1
C:\Users\Zander Truong\Documents\coding\ekyc-face-pad\data\raw\celeba_spoof\SpoofingData\017479.jpg,017479,photo,1,0.9999648332595825,1,1
C:\Users\Zander Truong\Documents\coding\ekyc-face-pad\data\raw\celeba_spoof\SpoofingData\016287.jpg,016287,photo,1,0.9601958394050598,1,1
C:\Users\Zander Truong\Documents\coding\ekyc-face-pad\data\raw\celeba_spoof\SpoofingData\014983.jpg,014983,bona_fide,0,0.0018332370091229677,0,1
C:\Users\Zander Truong\Documents\coding\ekyc-face-pad\data\raw\celeba_spoof\SpoofingData\005184.jpg,005184,photo,1,0.9767284393310547,1,1
C:\Users\Zander Truong\Documents\coding\ekyc-face-pad\data\raw\celeba_spoof\SpoofingData\012030.jpg,012030,photo,1,0.9172732830047607,1,1
C:\Users\Zander Truong\Documents\coding\ekyc-face-pad\data\raw\celeba_spoof\SpoofingData\016690.jpg,016690,bona_fide,0,0.0019417132716625929,0,1
C:\Users\Zander Truong\Documents\coding\ekyc-face-pad\data\raw\celeba_spoof\SpoofingData\012094.jpg,012094,photo,1,0.9999297857284546,1,1
C:\Users\Zander Truong\Documents\coding\ekyc-face-pad\data\raw\celeba_spoof\SpoofingData\015910.jpg,015910,photo,1,0.9795821905136108,1,1
C:\Users\Zander Truong\Documents\coding\ekyc-face-pad\data\raw\celeba_spoof\SpoofingData\008337.jpg,008337,photo,1,0.9994128942489624,1,1
C:\Users\Zander Truong\Documents\coding\ekyc-face-pad\data\raw\celeba_spoof\SpoofingData\015773.jpg,015773,bona_fide,0,2.4237058823928237e-05,0,1
C:\Users\Zander Truong\Documents\coding\ekyc-face-pad\data\raw\celeba_spoof\SpoofingData\009230.jpg,009230,photo,1,0.9999399185180664,1,1
C:\Users\Zander Truong\Documents\coding\ekyc-face-pad\data\raw\celeba_spoof\SpoofingData\010832.jpg,010832,bona_fide,0,0.006879840511828661,0,1
C:\Users\Zander Truong\Documents\coding\ekyc-face-pad\data\raw\celeba_spoof\SpoofingData\006641.jpg,006641,photo,1,0.7892276644706726,1,1
C:\Users\Zander Truong\Documents\coding\ekyc-face-pad\data\raw\celeba_spoof\SpoofingData\010166.jpg,010166,bona_fide,0,0.00015027279732748866,0,1
C:\Users\Zander Truong\Documents\coding\ekyc-face-pad\data\raw\celeba_spoof\SpoofingData\014509.jpg,014509,photo,1,0.7673924565315247,1,1
C:\Users\Zander Truong\Documents\coding\ekyc-face-pad\data\raw\celeba_spoof\SpoofingData\008059.jpg,008059,photo,1,0.966494619846344,1,1
C:\Users\Zander Truong\Documents\coding\ekyc-face-pad\data\raw\celeba_spoof\SpoofingData\013498.jpg,013498,photo,1,0.996755063533783,1,1
C:\Users\Zander Truong\Documents\coding\ekyc-face-pad\data\raw\celeba_spoof\SpoofingData\009933.jpg,009933,photo,1,0.9339494705200195,1,1
C:\Users\Zander Truong\Documents\coding\ekyc-face-pad\data\raw\celeba_spoof\SpoofingData\006419.jpg,006419,bona_fide,0,0.0005164117901585996,0,1
C:\Users\Zander Truong\Documents\coding\ekyc-face-pad\data\raw\celeba_spoof\SpoofingData\005612.jpg,005612,photo,1,0.004539418499916792,0,0
C:\Users\Zander Truong\Documents\coding\ekyc-face-pad\data\raw\celeba_spoof\SpoofingData\003482.jpg,003482,photo,1,0.9522044658660889,1,1
C:\Users\Zander Truong\Documents\coding\ekyc-face-pad\data\raw\celeba_spoof\SpoofingData\011110.jpg,011110,photo,1,0.9996138215065002,1,1
C:\Users\Zander Truong\Documents\coding\ekyc-face-pad\data\raw\celeba_spoof\SpoofingData\012803.jpg,012803,photo,1,0.9704523086547852,1,1
C:\Users\Zander Truong\Documents\coding\ekyc-face-pad\data\raw\celeba_spoof\SpoofingData\001373.jpg,001373,photo,1,0.1735139787197113,0,0
C:\Users\Zander Truong\Documents\coding\ekyc-face-pad\data\raw\celeba_spoof\SpoofingData\012122.jpg,012122,photo,1,0.9103931188583374,1,1
C:\Users\Zander Truong\Documents\coding\ekyc-face-pad\data\raw\celeba_spoof\SpoofingData\000677.jpg,000677,photo,1,0.7894870638847351,1,1
C:\Users\Zander Truong\Documents\coding\ekyc-face-pad\data\raw\celeba_spoof\SpoofingData\001840.jpg,001840,photo,1,0.9912992119789124,1,1
C:\Users\Zander Truong\Documents\coding\ekyc-face-pad\data\raw\celeba_spoof\SpoofingData\014353.jpg,014353,bona_fide,0,0.15911716222763062,0,1
C:\Users\Zander Truong\Documents\coding\ekyc-face-pad\data\raw\celeba_spoof\SpoofingData\003485.jpg,003485,photo,1,0.00017783635121304542,0,0
C:\Users\Zander Truong\Documents\coding\ekyc-face-pad\data\raw\celeba_spoof\SpoofingData\011952.jpg,011952,photo,1,0.9998838901519775,1,1
C:\Users\Zander Truong\Documents\coding\ekyc-face-pad\data\raw\celeba_spoof\SpoofingData\007622.jpg,007622,photo,1,0.9998810291290283,1,1
C:\Users\Zander Truong\Documents\coding\ekyc-face-pad\data\raw\celeba_spoof\SpoofingData\017872.jpg,017872,photo,1,0.028612742200493813,0,0
C:\Users\Zander Truong\Documents\coding\ekyc-face-pad\data\raw\celeba_spoof\SpoofingData\002522.jpg,002522,photo,1,0.797305703163147,1,1
C:\Users\Zander Truong\Documents\coding\ekyc-face-pad\data\raw\celeba_spoof\SpoofingData\005001.jpg,005001,photo,1,0.9259700179100037,1,1
C:\Users\Zander Truong\Documents\coding\ekyc-face-pad\data\raw\celeba_spoof\SpoofingData\008102.jpg,008102,photo,1,0.8018667101860046,1,1
C:\Users\Zander Truong\Documents\coding\ekyc-face-pad\data\raw\celeba_spoof\SpoofingData\004141.jpg,004141,bona_fide,0,0.015736505389213562,0,1
C:\Users\Zander Truong\Documents\coding\ekyc-face-pad\data\raw\celeba_spoof\SpoofingData\010510.jpg,010510,bona_fide,0,0.9900583624839783,1,0
C:\Users\Zander Truong\Documents\coding\ekyc-face-pad\data\raw\celeba_spoof\SpoofingData\012815.jpg,012815,bona_fide,0,0.0008602458401583135,0,1
C:\Users\Zander Truong\Documents\coding\ekyc-face-pad\data\raw\celeba_spoof\SpoofingData\004488.jpg,004488,bona_fide,0,0.0001544841070426628,0,1
C:\Users\Zander Truong\Documents\coding\ekyc-face-pad\data\raw\celeba_spoof\SpoofingData\009402.jpg,009402,bona_fide,0,0.020995818078517914,0,1
C:\Users\Zander Truong\Documents\coding\ekyc-face-pad\data\raw\celeba_spoof\SpoofingData\015415.jpg,015415,photo,1,0.9673321843147278,1,1
C:\Users\Zander Truong\Documents\coding\ekyc-face-pad\data\raw\celeba_spoof\SpoofingData\009163.jpg,009163,bona_fide,0,0.15779438614845276,0,1
C:\Users\Zander Truong\Documents\coding\ekyc-face-pad\data\raw\celeba_spoof\SpoofingData\009807.jpg,009807,photo,1,0.8570679426193237,1,1
C:\Users\Zander Truong\Documents\coding\ekyc-face-pad\data\raw\celeba_spoof\SpoofingData\006355.jpg,006355,bona_fide,0,0.00021765189012512565,0,1
C:\Users\Zander Truong\Documents\coding\ekyc-face-pad\data\raw\celeba_spoof\SpoofingData\016932.jpg,016932,bona_fide,0,0.0018738153157755733,0,1
C:\Users\Zander Truong\Documents\coding\ekyc-face-pad\data\raw\celeba_spoof\SpoofingData\001143.jpg,001143,photo,1,0.9979821443557739,1,1
C:\Users\Zander Truong\Documents\coding\ekyc-face-pad\data\raw\celeba_spoof\SpoofingData\017779.jpg,017779,photo,1,0.9993826150894165,1,1
C:\Users\Zander Truong\Documents\coding\ekyc-face-pad\data\raw\celeba_spoof\SpoofingData\006997.jpg,006997,bona_fide,0,0.0026141912676393986,0,1
C:\Users\Zander Truong\Documents\coding\ekyc-face-pad\data\raw\celeba_spoof\SpoofingData\016920.jpg,016920,bona_fide,0,0.00015454216918442398,0,1
C:\Users\Zander Truong\Documents\coding\ekyc-face-pad\data\raw\celeba_spoof\SpoofingData\006514.jpg,006514,photo,1,0.9991637468338013,1,1
C:\Users\Zander Truong\Documents\coding\ekyc-face-pad\data\raw\celeba_spoof\SpoofingData\012854.jpg,012854,photo,1,0.998206615447998,1,1
C:\Users\Zander Truong\Documents\coding\ekyc-face-pad\data\raw\celeba_spoof\SpoofingData\010626.jpg,010626,bona_fide,0,0.012617919594049454,0,1
C:\Users\Zander Truong\Documents\coding\ekyc-face-pad\data\raw\celeba_spoof\SpoofingData\006282.jpg,006282,photo,1,0.9950207471847534,1,1
C:\Users\Zander Truong\Documents\coding\ekyc-face-pad\data\raw\celeba_spoof\SpoofingData\009537.jpg,009537,bona_fide,0,0.2698524296283722,0,1
C:\Users\Zander Truong\Documents\coding\ekyc-face-pad\data\raw\celeba_spoof\SpoofingData\016270.jpg,016270,photo,1,0.8404338955879211,1,1
C:\Users\Zander Truong\Documents\coding\ekyc-face-pad\data\raw\celeba_spoof\SpoofingData\015737.jpg,015737,photo,1,0.9993307590484619,1,1
C:\Users\Zander Truong\Documents\coding\ekyc-face-pad\data\raw\celeba_spoof\SpoofingData\016519.jpg,016519,bona_fide,0,0.831998884677887,1,0
C:\Users\Zander Truong\Documents\coding\ekyc-face-pad\data\raw\celeba_spoof\SpoofingData\016728.jpg,016728,photo,1,0.9987471103668213,1,1
C:\Users\Zander Truong\Documents\coding\ekyc-face-pad\data\raw\celeba_spoof\SpoofingData\002372.jpg,002372,bona_fide,0,0.9992882609367371,1,0
C:\Users\Zander Truong\Documents\coding\ekyc-face-pad\data\raw\celeba_spoof\SpoofingData\002160.jpg,002160,photo,1,0.9399518966674805,1,1
C:\Users\Zander Truong\Documents\coding\ekyc-face-pad\data\raw\celeba_spoof\SpoofingData\000651.jpg,000651,photo,1,0.5296367406845093,1,1
C:\Users\Zander Truong\Documents\coding\ekyc-face-pad\data\raw\celeba_spoof\SpoofingData\007278.jpg,007278,photo,1,0.9469836950302124,1,1
C:\Users\Zander Truong\Documents\coding\ekyc-face-pad\data\raw\celeba_spoof\SpoofingData\006324.jpg,006324,photo,1,0.308541476726532,0,0
C:\Users\Zander Truong\Documents\coding\ekyc-face-pad\data\raw\celeba_spoof\SpoofingData\004301.jpg,004301,photo,1,0.994418740272522,1,1
C:\Users\Zander Truong\Documents\coding\ekyc-face-pad\data\raw\celeba_spoof\SpoofingData\012237.jpg,012237,bona_fide,0,0.017505094408988953,0,1
C:\Users\Zander Truong\Documents\coding\ekyc-face-pad\data\raw\celeba_spoof\SpoofingData\001334.jpg,001334,bona_fide,0,0.41330236196517944,0,1
C:\Users\Zander Truong\Documents\coding\ekyc-face-pad\data\raw\celeba_spoof\SpoofingData\016198.jpg,016198,photo,1,0.9994812607765198,1,1
C:\Users\Zander Truong\Documents\coding\ekyc-face-pad\data\raw\celeba_spoof\SpoofingData\016960.jpg,016960,bona_fide,0,0.9963791966438293,1,0
C:\Users\Zander Truong\Documents\coding\ekyc-face-pad\data\raw\celeba_spoof\SpoofingData\003373.jpg,003373,photo,1,0.8981730937957764,1,1
C:\Users\Zander Truong\Documents\coding\ekyc-face-pad\data\raw\celeba_spoof\SpoofingData\007506.jpg,007506,bona_fide,0,0.2786669433116913,0,1
C:\Users\Zander Truong\Documents\coding\ekyc-face-pad\data\raw\celeba_spoof\SpoofingData\014025.jpg,014025,bona_fide,0,0.0015425898600369692,0,1
C:\Users\Zander Truong\Documents\coding\ekyc-face-pad\data\raw\celeba_spoof\SpoofingData\015214.jpg,015214,bona_fide,0,0.0009616200695745647,0,1
C:\Users\Zander Truong\Documents\coding\ekyc-face-pad\data\raw\celeba_spoof\SpoofingData\004857.jpg,004857,photo,1,0.9999690055847168,1,1
C:\Users\Zander Truong\Documents\coding\ekyc-face-pad\data\raw\celeba_spoof\SpoofingData\007837.jpg,007837,bona_fide,0,0.0003272961766924709,0,1
C:\Users\Zander Truong\Documents\coding\ekyc-face-pad\data\raw\celeba_spoof\SpoofingData\001814.jpg,001814,photo,1,0.9580512046813965,1,1
C:\Users\Zander Truong\Documents\coding\ekyc-face-pad\data\raw\celeba_spoof\SpoofingData\001319.jpg,001319,photo,1,0.9859417080879211,1,1
C:\Users\Zander Truong\Documents\coding\ekyc-face-pad\data\raw\celeba_spoof\SpoofingData\015772.jpg,015772,photo,1,0.9995636343955994,1,1
C:\Users\Zander Truong\Documents\coding\ekyc-face-pad\data\raw\celeba_spoof\SpoofingData\014984.jpg,014984,photo,1,0.9921516180038452,1,1
C:\Users\Zander Truong\Documents\coding\ekyc-face-pad\data\raw\celeba_spoof\SpoofingData\009101.jpg,009101,photo,1,0.9997395873069763,1,1
C:\Users\Zander Truong\Documents\coding\ekyc-face-pad\data\raw\celeba_spoof\SpoofingData\013678.jpg,013678,photo,1,0.9980995059013367,1,1
C:\Users\Zander Truong\Documents\coding\ekyc-face-pad\data\raw\celeba_spoof\SpoofingData\005503.jpg,005503,photo,1,0.9996616840362549,1,1
C:\Users\Zander Truong\Documents\coding\ekyc-face-pad\data\raw\celeba_spoof\SpoofingData\012007.jpg,012007,photo,1,0.9344469904899597,1,1
C:\Users\Zander Truong\Documents\coding\ekyc-face-pad\data\raw\celeba_spoof\SpoofingData\017073.jpg,017073,photo,1,0.9905231595039368,1,1
C:\Users\Zander Truong\Documents\coding\ekyc-face-pad\data\raw\celeba_spoof\SpoofingData\009901.jpg,009901,photo,1,0.9847986102104187,1,1
C:\Users\Zander Truong\Documents\coding\ekyc-face-pad\data\raw\celeba_spoof\SpoofingData\014357.jpg,014357,photo,1,0.9996071457862854,1,1
C:\Users\Zander Truong\Documents\coding\ekyc-face-pad\data\raw\celeba_spoof\SpoofingData\007608.jpg,007608,bona_fide,0,0.0011328236432746053,0,1
C:\Users\Zander Truong\Documents\coding\ekyc-face-pad\data\raw\celeba_spoof\SpoofingData\002459.jpg,002459,bona_fide,0,1.3897818007535534e-06,0,1
C:\Users\Zander Truong\Documents\coding\ekyc-face-pad\data\raw\celeba_spoof\SpoofingData\004427.jpg,004427,photo,1,0.996780276298523,1,1
C:\Users\Zander Truong\Documents\coding\ekyc-face-pad\data\raw\celeba_spoof\SpoofingData\010651.jpg,010651,photo,1,0.9996383190155029,1,1
C:\Users\Zander Truong\Documents\coding\ekyc-face-pad\data\raw\celeba_spoof\SpoofingData\008508.jpg,008508,photo,1,0.996678352355957,1,1
C:\Users\Zander Truong\Documents\coding\ekyc-face-pad\data\raw\celeba_spoof\SpoofingData\013742.jpg,013742,bona_fide,0,0.9904242157936096,1,0
C:\Users\Zander Truong\Documents\coding\ekyc-face-pad\data\raw\celeba_spoof\SpoofingData\012506.jpg,012506,photo,1,0.9993693232536316,1,1
C:\Users\Zander Truong\Documents\coding\ekyc-face-pad\data\raw\celeba_spoof\SpoofingData\001844.jpg,001844,photo,1,0.9793307185173035,1,1
C:\Users\Zander Truong\Documents\coding\ekyc-face-pad\data\raw\celeba_spoof\SpoofingData\015545.jpg,015545,photo,1,0.9150147438049316,1,1
C:\Users\Zander Truong\Documents\coding\ekyc-face-pad\data\raw\celeba_spoof\SpoofingData\013150.jpg,013150,bona_fide,0,0.09000123292207718,0,1
C:\Users\Zander Truong\Documents\coding\ekyc-face-pad\data\raw\celeba_spoof\SpoofingData\009060.jpg,009060,photo,1,0.9999237060546875,1,1
C:\Users\Zander Truong\Documents\coding\ekyc-face-pad\data\raw\celeba_spoof\SpoofingData\005671.jpg,005671,bona_fide,0,0.835107684135437,1,0
C:\Users\Zander Truong\Documents\coding\ekyc-face-pad\data\raw\celeba_spoof\SpoofingData\004105.jpg,004105,photo,1,0.9997009038925171,1,1
C:\Users\Zander Truong\Documents\coding\ekyc-face-pad\data\raw\celeba_spoof\SpoofingData\007928.jpg,007928,bona_fide,0,0.25499120354652405,0,1
C:\Users\Zander Truong\Documents\coding\ekyc-face-pad\data\raw\celeba_spoof\SpoofingData\005216.jpg,005216,bona_fide,0,0.0006409629713743925,0,1
C:\Users\Zander Truong\Documents\coding\ekyc-face-pad\data\raw\celeba_spoof\SpoofingData\005973.jpg,005973,photo,1,0.9127012491226196,1,1
C:\Users\Zander Truong\Documents\coding\ekyc-face-pad\data\raw\celeba_spoof\SpoofingData\016106.jpg,016106,bona_fide,0,2.607456008263398e-05,0,1
C:\Users\Zander Truong\Documents\coding\ekyc-face-pad\data\raw\celeba_spoof\SpoofingData\005974.jpg,005974,photo,1,0.08222124725580215,0,0
C:\Users\Zander Truong\Documents\coding\ekyc-face-pad\data\raw\celeba_spoof\SpoofingData\008875.jpg,008875,bona_fide,0,0.1531975418329239,0,1
C:\Users\Zander Truong\Documents\coding\ekyc-face-pad\data\raw\celeba_spoof\SpoofingData\004367.jpg,004367,photo,1,0.982113778591156,1,1
C:\Users\Zander Truong\Documents\coding\ekyc-face-pad\data\raw\celeba_spoof\SpoofingData\008503.jpg,008503,bona_fide,0,0.0038108446169644594,0,1
C:\Users\Zander Truong\Documents\coding\ekyc-face-pad\data\raw\celeba_spoof\SpoofingData\000748.jpg,000748,photo,1,0.9362825751304626,1,1
C:\Users\Zander Truong\Documents\coding\ekyc-face-pad\data\raw\celeba_spoof\SpoofingData\017200.jpg,017200,bona_fide,0,0.004878212697803974,0,1
C:\Users\Zander Truong\Documents\coding\ekyc-face-pad\data\raw\celeba_spoof\SpoofingData\001774.jpg,001774,photo,1,0.9984952211380005,1,1
C:\Users\Zander Truong\Documents\coding\ekyc-face-pad\data\raw\celeba_spoof\SpoofingData\014881.jpg,014881,photo,1,0.9958475232124329,1,1
C:\Users\Zander Truong\Documents\coding\ekyc-face-pad\data\raw\celeba_spoof\SpoofingData\011035.jpg,011035,photo,1,0.9947546720504761,1,1
C:\Users\Zander Truong\Documents\coding\ekyc-face-pad\data\raw\celeba_spoof\SpoofingData\015278.jpg,015278,bona_fide,0,3.3492317470518174e-06,0,1
C:\Users\Zander Truong\Documents\coding\ekyc-face-pad\data\raw\celeba_spoof\SpoofingData\000122.jpg,000122,photo,1,0.9793258905410767,1,1
C:\Users\Zander Truong\Documents\coding\ekyc-face-pad\data\raw\celeba_spoof\SpoofingData\017327.jpg,017327,photo,1,0.0753452256321907,0,0
C:\Users\Zander Truong\Documents\coding\ekyc-face-pad\data\raw\celeba_spoof\SpoofingData\014575.jpg,014575,photo,1,0.03290923684835434,0,0
C:\Users\Zander Truong\Documents\coding\ekyc-face-pad\data\raw\celeba_spoof\SpoofingData\011268.jpg,011268,bona_fide,0,0.17496366798877716,0,1
C:\Users\Zander Truong\Documents\coding\ekyc-face-pad\data\raw\celeba_spoof\SpoofingData\005071.jpg,005071,bona_fide,0,0.012998087331652641,0,1
C:\Users\Zander Truong\Documents\coding\ekyc-face-pad\data\raw\celeba_spoof\SpoofingData\007522.jpg,007522,photo,1,0.9956596493721008,1,1
C:\Users\Zander Truong\Documents\coding\ekyc-face-pad\data\raw\celeba_spoof\SpoofingData\007387.jpg,007387,photo,1,0.9983372688293457,1,1
C:\Users\Zander Truong\Documents\coding\ekyc-face-pad\data\raw\celeba_spoof\SpoofingData\015557.jpg,015557,bona_fide,0,0.09549658745527267,0,1
C:\Users\Zander Truong\Documents\coding\ekyc-face-pad\data\raw\celeba_spoof\SpoofingData\007568.jpg,007568,photo,1,0.8999879956245422,1,1
C:\Users\Zander Truong\Documents\coding\ekyc-face-pad\data\raw\celeba_spoof\SpoofingData\000185.jpg,000185,photo,1,0.9929688572883606,1,1
C:\Users\Zander Truong\Documents\coding\ekyc-face-pad\data\raw\celeba_spoof\SpoofingData\014182.jpg,014182,photo,1,0.9809203147888184,1,1
C:\Users\Zander Truong\Documents\coding\ekyc-face-pad\data\raw\celeba_spoof\SpoofingData\012959.jpg,012959,photo,1,0.9965950846672058,1,1
C:\Users\Zander Truong\Documents\coding\ekyc-face-pad\data\raw\celeba_spoof\SpoofingData\012000.jpg,012000,photo,1,0.5847809314727783,1,1
C:\Users\Zander Truong\Documents\coding\ekyc-face-pad\data\raw\celeba_spoof\SpoofingData\008466.jpg,008466,photo,1,0.9307103753089905,1,1
C:\Users\Zander Truong\Documents\coding\ekyc-face-pad\data\raw\celeba_spoof\SpoofingData\005275.jpg,005275,bona_fide,0,0.028639789670705795,0,1
C:\Users\Zander Truong\Documents\coding\ekyc-face-pad\data\raw\celeba_spoof\SpoofingData\017978.jpg,017978,bona_fide,0,0.07362891733646393,0,1
C:\Users\Zander Truong\Documents\coding\ekyc-face-pad\data\raw\celeba_spoof\SpoofingData\012186.jpg,012186,bona_fide,0,0.2874203324317932,0,1
C:\Users\Zander Truong\Documents\coding\ekyc-face-pad\data\raw\celeba_spoof\SpoofingData\014034.jpg,014034,photo,1,0.9739577174186707,1,1
C:\Users\Zander Truong\Documents\coding\ekyc-face-pad\data\raw\celeba_spoof\SpoofingData\007990.jpg,007990,bona_fide,0,7.442244623234728e-06,0,1
C:\Users\Zander Truong\Documents\coding\ekyc-face-pad\data\raw\celeba_spoof\SpoofingData\004706.jpg,004706,photo,1,0.9999295473098755,1,1
C:\Users\Zander Truong\Documents\coding\ekyc-face-pad\data\raw\celeba_spoof\SpoofingData\014847.jpg,014847,photo,1,0.9992793202400208,1,1
C:\Users\Zander Truong\Documents\coding\ekyc-face-pad\data\raw\celeba_spoof\SpoofingData\006782.jpg,006782,photo,1,0.9895426034927368,1,1
C:\Users\Zander Truong\Documents\coding\ekyc-face-pad\data\raw\celeba_spoof\SpoofingData\010890.jpg,010890,photo,1,0.9996495246887207,1,1
C:\Users\Zander Truong\Documents\coding\ekyc-face-pad\data\raw\celeba_spoof\SpoofingData\005879.jpg,005879,photo,1,0.9969573020935059,1,1
C:\Users\Zander Truong\Documents\coding\ekyc-face-pad\data\raw\celeba_spoof\SpoofingData\007873.jpg,007873,bona_fide,0,0.00030146879726089537,0,1
C:\Users\Zander Truong\Documents\coding\ekyc-face-pad\data\raw\celeba_spoof\SpoofingData\005845.jpg,005845,photo,1,0.9998132586479187,1,1
C:\Users\Zander Truong\Documents\coding\ekyc-face-pad\data\raw\celeba_spoof\SpoofingData\004934.jpg,004934,photo,1,0.9756431579589844,1,1
C:\Users\Zander Truong\Documents\coding\ekyc-face-pad\data\raw\celeba_spoof\SpoofingData\017494.jpg,017494,photo,1,0.8158212900161743,1,1
C:\Users\Zander Truong\Documents\coding\ekyc-face-pad\data\raw\celeba_spoof\SpoofingData\014661.jpg,014661,bona_fide,0,0.9939860105514526,1,0
C:\Users\Zander Truong\Documents\coding\ekyc-face-pad\data\raw\celeba_spoof\SpoofingData\014752.jpg,014752,bona_fide,0,0.8125712871551514,1,0
C:\Users\Zander Truong\Documents\coding\ekyc-face-pad\data\raw\celeba_spoof\SpoofingData\012261.jpg,012261,photo,1,0.9192952513694763,1,1
C:\Users\Zander Truong\Documents\coding\ekyc-face-pad\data\raw\celeba_spoof\SpoofingData\011362.jpg,011362,bona_fide,0,1.5089510270627216e-05,0,1
C:\Users\Zander Truong\Documents\coding\ekyc-face-pad\data\raw\celeba_spoof\SpoofingData\000301.jpg,000301,photo,1,0.9907750487327576,1,1
C:\Users\Zander Truong\Documents\coding\ekyc-face-pad\data\raw\celeba_spoof\SpoofingData\003391.jpg,003391,photo,1,0.4192589521408081,0,0
C:\Users\Zander Truong\Documents\coding\ekyc-face-pad\data\raw\celeba_spoof\SpoofingData\003023.jpg,003023,photo,1,0.9989778995513916,1,1
C:\Users\Zander Truong\Documents\coding\ekyc-face-pad\data\raw\celeba_spoof\SpoofingData\017373.jpg,017373,photo,1,0.9593467116355896,1,1
C:\Users\Zander Truong\Documents\coding\ekyc-face-pad\data\raw\celeba_spoof\SpoofingData\008339.jpg,008339,photo,1,0.9356112480163574,1,1
C:\Users\Zander Truong\Documents\coding\ekyc-face-pad\data\raw\celeba_spoof\SpoofingData\011744.jpg,011744,photo,1,0.9995707869529724,1,1
C:\Users\Zander Truong\Documents\coding\ekyc-face-pad\data\raw\celeba_spoof\SpoofingData\007562.jpg,007562,photo,1,0.998138427734375,1,1
C:\Users\Zander Truong\Documents\coding\ekyc-face-pad\data\raw\celeba_spoof\SpoofingData\004077.jpg,004077,bona_fide,0,0.002355717122554779,0,1
C:\Users\Zander Truong\Documents\coding\ekyc-face-pad\data\raw\celeba_spoof\SpoofingData\012214.jpg,012214,photo,1,0.26532748341560364,0,0
C:\Users\Zander Truong\Documents\coding\ekyc-face-pad\data\raw\celeba_spoof\SpoofingData\011494.jpg,011494,bona_fide,0,0.15310883522033691,0,1
C:\Users\Zander Truong\Documents\coding\ekyc-face-pad\data\raw\celeba_spoof\SpoofingData\015723.jpg,015723,bona_fide,0,0.008415774442255497,0,1
C:\Users\Zander Truong\Documents\coding\ekyc-face-pad\data\raw\celeba_spoof\SpoofingData\016222.jpg,016222,photo,1,0.9989432692527771,1,1
C:\Users\Zander Truong\Documents\coding\ekyc-face-pad\data\raw\celeba_spoof\SpoofingData\003812.jpg,003812,bona_fide,0,0.9843066930770874,1,0
C:\Users\Zander Truong\Documents\coding\ekyc-face-pad\data\raw\celeba_spoof\SpoofingData\009909.jpg,009909,bona_fide,0,0.07487106323242188,0,1
C:\Users\Zander Truong\Documents\coding\ekyc-face-pad\data\raw\celeba_spoof\SpoofingData\015327.jpg,015327,photo,1,0.993701696395874,1,1
C:\Users\Zander Truong\Documents\coding\ekyc-face-pad\data\raw\celeba_spoof\SpoofingData\014452.jpg,014452,bona_fide,0,0.004001585301011801,0,1
C:\Users\Zander Truong\Documents\coding\ekyc-face-pad\data\raw\celeba_spoof\SpoofingData\004169.jpg,004169,bona_fide,0,0.07065021246671677,0,1
C:\Users\Zander Truong\Documents\coding\ekyc-face-pad\data\raw\celeba_spoof\SpoofingData\010949.jpg,010949,bona_fide,0,0.18103066086769104,0,1
C:\Users\Zander Truong\Documents\coding\ekyc-face-pad\data\raw\celeba_spoof\SpoofingData\008685.jpg,008685,bona_fide,0,0.0011683227494359016,0,1
C:\Users\Zander Truong\Documents\coding\ekyc-face-pad\data\raw\celeba_spoof\SpoofingData\004634.jpg,004634,photo,1,0.9915512800216675,1,1
C:\Users\Zander Truong\Documents\coding\ekyc-face-pad\data\raw\celeba_spoof\SpoofingData\000799.jpg,000799,bona_fide,0,0.20258691906929016,0,1
C:\Users\Zander Truong\Documents\coding\ekyc-face-pad\data\raw\celeba_spoof\SpoofingData\014774.jpg,014774,bona_fide,0,0.0013241046108305454,0,1
C:\Users\Zander Truong\Documents\coding\ekyc-face-pad\data\raw\celeba_spoof\SpoofingData\003140.jpg,003140,photo,1,0.9983246922492981,1,1
C:\Users\Zander Truong\Documents\coding\ekyc-face-pad\data\raw\celeba_spoof\SpoofingData\010162.jpg,010162,bona_fide,0,0.0008036764920689166,0,1
C:\Users\Zander Truong\Documents\coding\ekyc-face-pad\data\raw\celeba_spoof\SpoofingData\014288.jpg,014288,photo,1,0.9762123227119446,1,1
C:\Users\Zander Truong\Documents\coding\ekyc-face-pad\data\raw\celeba_spoof\SpoofingData\002360.jpg,002360,bona_fide,0,0.6380276679992676,1,0
C:\Users\Zander Truong\Documents\coding\ekyc-face-pad\data\raw\celeba_spoof\SpoofingData\016539.jpg,016539,photo,1,0.5379330515861511,1,1
C:\Users\Zander Truong\Documents\coding\ekyc-face-pad\data\raw\celeba_spoof\SpoofingData\010590.jpg,010590,photo,1,0.4454219341278076,0,0
C:\Users\Zander Truong\Documents\coding\ekyc-face-pad\data\raw\celeba_spoof\SpoofingData\015234.jpg,015234,photo,1,0.9994412064552307,1,1
C:\Users\Zander Truong\Documents\coding\ekyc-face-pad\data\raw\celeba_spoof\SpoofingData\006078.jpg,006078,bona_fide,0,0.004307297058403492,0,1
C:\Users\Zander Truong\Documents\coding\ekyc-face-pad\data\raw\celeba_spoof\SpoofingData\002326.jpg,002326,photo,1,0.6730280518531799,1,1
C:\Users\Zander Truong\Documents\coding\ekyc-face-pad\data\raw\celeba_spoof\SpoofingData\015999.jpg,015999,bona_fide,0,0.9299077987670898,1,0
C:\Users\Zander Truong\Documents\coding\ekyc-face-pad\data\raw\celeba_spoof\SpoofingData\009912.jpg,009912,bona_fide,0,0.3126039505004883,0,1
C:\Users\Zander Truong\Documents\coding\ekyc-face-pad\data\raw\celeba_spoof\SpoofingData\016807.jpg,016807,photo,1,0.9999246597290039,1,1
C:\Users\Zander Truong\Documents\coding\ekyc-face-pad\data\raw\celeba_spoof\SpoofingData\013436.jpg,013436,photo,1,0.9999887943267822,1,1
C:\Users\Zander Truong\Documents\coding\ekyc-face-pad\data\raw\celeba_spoof\SpoofingData\002966.jpg,002966,photo,1,0.9998086094856262,1,1
C:\Users\Zander Truong\Documents\coding\ekyc-face-pad\data\raw\celeba_spoof\SpoofingData\000290.jpg,000290,photo,1,0.9949244260787964,1,1
C:\Users\Zander Truong\Documents\coding\ekyc-face-pad\data\raw\celeba_spoof\SpoofingData\006230.jpg,006230,photo,1,0.9975591897964478,1,1
C:\Users\Zander Truong\Documents\coding\ekyc-face-pad\data\raw\celeba_spoof\SpoofingData\006694.jpg,006694,bona_fide,0,0.0024710160214453936,0,1
C:\Users\Zander Truong\Documents\coding\ekyc-face-pad\data\raw\celeba_spoof\SpoofingData\004963.jpg,004963,photo,1,0.9999442100524902,1,1
C:\Users\Zander Truong\Documents\coding\ekyc-face-pad\data\raw\celeba_spoof\SpoofingData\007735.jpg,007735,bona_fide,0,0.013911508023738861,0,1
C:\Users\Zander Truong\Documents\coding\ekyc-face-pad\data\raw\celeba_spoof\SpoofingData\008716.jpg,008716,bona_fide,0,0.0006997795426286757,0,1
C:\Users\Zander Truong\Documents\coding\ekyc-face-pad\data\raw\celeba_spoof\SpoofingData\009734.jpg,009734,photo,1,0.8887781500816345,1,1
C:\Users\Zander Truong\Documents\coding\ekyc-face-pad\data\raw\celeba_spoof\SpoofingData\008241.jpg,008241,photo,1,0.923316478729248,1,1
C:\Users\Zander Truong\Documents\coding\ekyc-face-pad\data\raw\celeba_spoof\SpoofingData\017814.jpg,017814,photo,1,0.9971146583557129,1,1
C:\Users\Zander Truong\Documents\coding\ekyc-face-pad\data\raw\celeba_spoof\SpoofingData\002555.jpg,002555,bona_fide,0,0.8416357636451721,1,0
C:\Users\Zander Truong\Documents\coding\ekyc-face-pad\data\raw\celeba_spoof\SpoofingData\014149.jpg,014149,photo,1,0.9979122281074524,1,1
C:\Users\Zander Truong\Documents\coding\ekyc-face-pad\data\raw\celeba_spoof\SpoofingData\017379.jpg,017379,photo,1,0.999782145023346,1,1
C:\Users\Zander Truong\Documents\coding\ekyc-face-pad\data\raw\celeba_spoof\SpoofingData\007579.jpg,007579,photo,1,0.9996045231819153,1,1
C:\Users\Zander Truong\Documents\coding\ekyc-face-pad\data\raw\celeba_spoof\SpoofingData\013276.jpg,013276,photo,1,0.9967561364173889,1,1
C:\Users\Zander Truong\Documents\coding\ekyc-face-pad\data\raw\celeba_spoof\SpoofingData\016346.jpg,016346,bona_fide,0,0.007006222847849131,0,1
C:\Users\Zander Truong\Documents\coding\ekyc-face-pad\data\raw\celeba_spoof\SpoofingData\017931.jpg,017931,photo,1,0.9999862909317017,1,1
C:\Users\Zander Truong\Documents\coding\ekyc-face-pad\data\raw\celeba_spoof\SpoofingData\005807.jpg,005807,photo,1,0.9997050166130066,1,1
C:\Users\Zander Truong\Documents\coding\ekyc-face-pad\data\raw\celeba_spoof\SpoofingData\009917.jpg,009917,bona_fide,0,0.9426631927490234,1,0
C:\Users\Zander Truong\Documents\coding\ekyc-face-pad\data\raw\celeba_spoof\SpoofingData\003094.jpg,003094,photo,1,0.9765916466712952,1,1
C:\Users\Zander Truong\Documents\coding\ekyc-face-pad\data\raw\celeba_spoof\SpoofingData\003889.jpg,003889,photo,1,0.6969642639160156,1,1
C:\Users\Zander Truong\Documents\coding\ekyc-face-pad\data\raw\celeba_spoof\SpoofingData\016338.jpg,016338,photo,1,0.9995444416999817,1,1
C:\Users\Zander Truong\Documents\coding\ekyc-face-pad\data\raw\celeba_spoof\SpoofingData\007615.jpg,007615,photo,1,0.998583197593689,1,1
C:\Users\Zander Truong\Documents\coding\ekyc-face-pad\data\raw\celeba_spoof\SpoofingData\005526.jpg,005526,photo,1,0.9657326936721802,1,1
C:\Users\Zander Truong\Documents\coding\ekyc-face-pad\data\raw\celeba_spoof\SpoofingData\005205.jpg,005205,photo,1,0.9991719722747803,1,1
C:\Users\Zander Truong\Documents\coding\ekyc-face-pad\data\raw\celeba_spoof\SpoofingData\006466.jpg,006466,photo,1,0.9997091889381409,1,1
C:\Users\Zander Truong\Documents\coding\ekyc-face-pad\data\raw\celeba_spoof\SpoofingData\004792.jpg,004792,photo,1,0.9735980033874512,1,1
C:\Users\Zander Truong\Documents\coding\ekyc-face-pad\data\raw\celeba_spoof\SpoofingData\016573.jpg,016573,photo,1,0.9941415190696716,1,1
C:\Users\Zander Truong\Documents\coding\ekyc-face-pad\data\raw\celeba_spoof\SpoofingData\014451.jpg,014451,bona_fide,0,0.029335690662264824,0,1
C:\Users\Zander Truong\Documents\coding\ekyc-face-pad\data\raw\celeba_spoof\SpoofingData\009809.jpg,009809,photo,1,0.9900528788566589,1,1
C:\Users\Zander Truong\Documents\coding\ekyc-face-pad\data\raw\celeba_spoof\SpoofingData\007498.jpg,007498,bona_fide,0,2.8198555810377002e-05,0,1
C:\Users\Zander Truong\Documents\coding\ekyc-face-pad\data\raw\celeba_spoof\SpoofingData\006305.jpg,006305,bona_fide,0,0.06852052360773087,0,1
C:\Users\Zander Truong\Documents\coding\ekyc-face-pad\data\raw\celeba_spoof\SpoofingData\017365.jpg,017365,photo,1,0.9967689514160156,1,1
C:\Users\Zander Truong\Documents\coding\ekyc-face-pad\data\raw\celeba_spoof\SpoofingData\005233.jpg,005233,photo,1,0.8099846839904785,1,1
C:\Users\Zander Truong\Documents\coding\ekyc-face-pad\data\raw\celeba_spoof\SpoofingData\014151.jpg,014151,photo,1,0.9999631643295288,1,1
C:\Users\Zander Truong\Documents\coding\ekyc-face-pad\data\raw\celeba_spoof\SpoofingData\017891.jpg,017891,photo,1,0.9108829498291016,1,1
C:\Users\Zander Truong\Documents\coding\ekyc-face-pad\data\raw\celeba_spoof\SpoofingData\010188.jpg,010188,photo,1,0.9805615544319153,1,1
C:\Users\Zander Truong\Documents\coding\ekyc-face-pad\data\raw\celeba_spoof\SpoofingData\015974.jpg,015974,photo,1,0.7589799165725708,1,1
C:\Users\Zander Truong\Documents\coding\ekyc-face-pad\data\raw\celeba_spoof\SpoofingData\000738.jpg,000738,photo,1,0.9931314587593079,1,1
C:\Users\Zander Truong\Documents\coding\ekyc-face-pad\data\raw\celeba_spoof\SpoofingData\013101.jpg,013101,bona_fide,0,0.0001355052663711831,0,1
C:\Users\Zander Truong\Documents\coding\ekyc-face-pad\data\raw\celeba_spoof\SpoofingData\012084.jpg,012084,bona_fide,0,0.014865996316075325,0,1
C:\Users\Zander Truong\Documents\coding\ekyc-face-pad\data\raw\celeba_spoof\SpoofingData\004189.jpg,004189,photo,1,0.9975627660751343,1,1
C:\Users\Zander Truong\Documents\coding\ekyc-face-pad\data\raw\celeba_spoof\SpoofingData\014764.jpg,014764,bona_fide,0,0.02121877297759056,0,1
C:\Users\Zander Truong\Documents\coding\ekyc-face-pad\data\raw\celeba_spoof\SpoofingData\005597.jpg,005597,bona_fide,0,0.1627611666917801,0,1
C:\Users\Zander Truong\Documents\coding\ekyc-face-pad\data\raw\celeba_spoof\SpoofingData\010055.jpg,010055,photo,1,0.9577766060829163,1,1
C:\Users\Zander Truong\Documents\coding\ekyc-face-pad\data\raw\celeba_spoof\SpoofingData\007782.jpg,007782,photo,1,0.9954138398170471,1,1
C:\Users\Zander Truong\Documents\coding\ekyc-face-pad\data\raw\celeba_spoof\SpoofingData\017350.jpg,017350,bona_fide,0,0.00034541633795015514,0,1
C:\Users\Zander Truong\Documents\coding\ekyc-face-pad\data\raw\celeba_spoof\SpoofingData\013580.jpg,013580,photo,1,0.9210813045501709,1,1
C:\Users\Zander Truong\Documents\coding\ekyc-face-pad\data\raw\celeba_spoof\SpoofingData\017973.jpg,017973,photo,1,0.9931273460388184,1,1
C:\Users\Zander Truong\Documents\coding\ekyc-face-pad\data\raw\celeba_spoof\SpoofingData\007767.jpg,007767,photo,1,0.9999701976776123,1,1
C:\Users\Zander Truong\Documents\coding\ekyc-face-pad\data\raw\celeba_spoof\SpoofingData\001662.jpg,001662,bona_fide,0,0.6282939910888672,1,0
C:\Users\Zander Truong\Documents\coding\ekyc-face-pad\data\raw\celeba_spoof\SpoofingData\003096.jpg,003096,bona_fide,0,2.018246732404805e-06,0,1
C:\Users\Zander Truong\Documents\coding\ekyc-face-pad\data\raw\celeba_spoof\SpoofingData\005637.jpg,005637,photo,1,0.7375998497009277,1,1
C:\Users\Zander Truong\Documents\coding\ekyc-face-pad\data\raw\celeba_spoof\SpoofingData\014258.jpg,014258,photo,1,0.9766255617141724,1,1
C:\Users\Zander Truong\Documents\coding\ekyc-face-pad\data\raw\celeba_spoof\SpoofingData\015133.jpg,015133,photo,1,0.9999692440032959,1,1
C:\Users\Zander Truong\Documents\coding\ekyc-face-pad\data\raw\celeba_spoof\SpoofingData\005726.jpg,005726,photo,1,0.9971340894699097,1,1
C:\Users\Zander Truong\Documents\coding\ekyc-face-pad\data\raw\celeba_spoof\SpoofingData\002738.jpg,002738,photo,1,0.9903504252433777,1,1
C:\Users\Zander Truong\Documents\coding\ekyc-face-pad\data\raw\celeba_spoof\SpoofingData\007062.jpg,007062,photo,1,0.9989364743232727,1,1
C:\Users\Zander Truong\Documents\coding\ekyc-face-pad\data\raw\celeba_spoof\SpoofingData\011384.jpg,011384,photo,1,0.999783456325531,1,1
C:\Users\Zander Truong\Documents\coding\ekyc-face-pad\data\raw\celeba_spoof\SpoofingData\001352.jpg,001352,photo,1,0.7694942355155945,1,1
C:\Users\Zander Truong\Documents\coding\ekyc-face-pad\data\raw\celeba_spoof\SpoofingData\007974.jpg,007974,bona_fide,0,0.000386279309168458,0,1
C:\Users\Zander Truong\Documents\coding\ekyc-face-pad\data\raw\celeba_spoof\SpoofingData\003295.jpg,003295,photo,1,0.9969698786735535,1,1
C:\Users\Zander Truong\Documents\coding\ekyc-face-pad\data\raw\celeba_spoof\SpoofingData\001294.jpg,001294,photo,1,0.0002504277799744159,0,0
C:\Users\Zander Truong\Documents\coding\ekyc-face-pad\data\raw\celeba_spoof\SpoofingData\010675.jpg,010675,photo,1,0.9929741621017456,1,1
C:\Users\Zander Truong\Documents\coding\ekyc-face-pad\data\raw\celeba_spoof\SpoofingData\005284.jpg,005284,photo,1,0.9496310949325562,1,1
C:\Users\Zander Truong\Documents\coding\ekyc-face-pad\data\raw\celeba_spoof\SpoofingData\010913.jpg,010913,photo,1,0.9978854060173035,1,1
C:\Users\Zander Truong\Documents\coding\ekyc-face-pad\data\raw\celeba_spoof\SpoofingData\005192.jpg,005192,bona_fide,0,0.8274263739585876,1,0
C:\Users\Zander Truong\Documents\coding\ekyc-face-pad\data\raw\celeba_spoof\SpoofingData\005927.jpg,005927,photo,1,0.9986914992332458,1,1
C:\Users\Zander Truong\Documents\coding\ekyc-face-pad\data\raw\celeba_spoof\SpoofingData\000843.jpg,000843,photo,1,0.9996349811553955,1,1
C:\Users\Zander Truong\Documents\coding\ekyc-face-pad\data\raw\celeba_spoof\SpoofingData\014658.jpg,014658,photo,1,0.9999713897705078,1,1
C:\Users\Zander Truong\Documents\coding\ekyc-face-pad\data\raw\celeba_spoof\SpoofingData\006285.jpg,006285,photo,1,0.26094579696655273,0,0
C:\Users\Zander Truong\Documents\coding\ekyc-face-pad\data\raw\celeba_spoof\SpoofingData\010128.jpg,010128,photo,1,0.999998927116394,1,1
C:\Users\Zander Truong\Documents\coding\ekyc-face-pad\data\raw\celeba_spoof\SpoofingData\001611.jpg,001611,photo,1,0.999993085861206,1,1
C:\Users\Zander Truong\Documents\coding\ekyc-face-pad\data\raw\celeba_spoof\SpoofingData\006267.jpg,006267,photo,1,0.9994457364082336,1,1
C:\Users\Zander Truong\Documents\coding\ekyc-face-pad\data\raw\celeba_spoof\SpoofingData\009722.jpg,009722,photo,1,0.9997184872627258,1,1
C:\Users\Zander Truong\Documents\coding\ekyc-face-pad\data\raw\celeba_spoof\SpoofingData\006428.jpg,006428,photo,1,0.9990692734718323,1,1
C:\Users\Zander Truong\Documents\coding\ekyc-face-pad\data\raw\celeba_spoof\SpoofingData\007602.jpg,007602,photo,1,0.9935759902000427,1,1
C:\Users\Zander Truong\Documents\coding\ekyc-face-pad\data\raw\celeba_spoof\SpoofingData\008789.jpg,008789,photo,1,0.6073570847511292,1,1
C:\Users\Zander Truong\Documents\coding\ekyc-face-pad\data\raw\celeba_spoof\SpoofingData\014882.jpg,014882,photo,1,0.9984880685806274,1,1
C:\Users\Zander Truong\Documents\coding\ekyc-face-pad\data\raw\celeba_spoof\SpoofingData\005253.jpg,005253,bona_fide,0,0.02219688706099987,0,1
C:\Users\Zander Truong\Documents\coding\ekyc-face-pad\data\raw\celeba_spoof\SpoofingData\005062.jpg,005062,photo,1,0.3495835065841675,0,0
C:\Users\Zander Truong\Documents\coding\ekyc-face-pad\data\raw\celeba_spoof\SpoofingData\013629.jpg,013629,bona_fide,0,0.004543136805295944,0,1
C:\Users\Zander Truong\Documents\coding\ekyc-face-pad\data\raw\celeba_spoof\SpoofingData\009971.jpg,009971,photo,1,0.9998339414596558,1,1
C:\Users\Zander Truong\Documents\coding\ekyc-face-pad\data\raw\celeba_spoof\SpoofingData\004578.jpg,004578,bona_fide,0,0.9608874320983887,1,0
C:\Users\Zander Truong\Documents\coding\ekyc-face-pad\data\raw\celeba_spoof\SpoofingData\004205.jpg,004205,bona_fide,0,0.020438389852643013,0,1
C:\Users\Zander Truong\Documents\coding\ekyc-face-pad\data\raw\celeba_spoof\SpoofingData\011281.jpg,011281,photo,1,0.9948659539222717,1,1
C:\Users\Zander Truong\Documents\coding\ekyc-face-pad\data\raw\celeba_spoof\SpoofingData\005512.jpg,005512,bona_fide,0,0.7610858082771301,1,0
C:\Users\Zander Truong\Documents\coding\ekyc-face-pad\data\raw\celeba_spoof\SpoofingData\004419.jpg,004419,photo,1,0.999265730381012,1,1
C:\Users\Zander Truong\Documents\coding\ekyc-face-pad\data\raw\celeba_spoof\SpoofingData\015262.jpg,015262,photo,1,0.999953031539917,1,1
C:\Users\Zander Truong\Documents\coding\ekyc-face-pad\data\raw\celeba_spoof\SpoofingData\012066.jpg,012066,photo,1,0.4661047160625458,0,0
C:\Users\Zander Truong\Documents\coding\ekyc-face-pad\data\raw\celeba_spoof\SpoofingData\002070.jpg,002070,photo,1,0.9978221654891968,1,1
C:\Users\Zander Truong\Documents\coding\ekyc-face-pad\data\raw\celeba_spoof\SpoofingData\012634.jpg,012634,photo,1,0.9856482744216919,1,1
C:\Users\Zander Truong\Documents\coding\ekyc-face-pad\data\raw\celeba_spoof\SpoofingData\017892.jpg,017892,photo,1,0.3053090572357178,0,0
C:\Users\Zander Truong\Documents\coding\ekyc-face-pad\data\raw\celeba_spoof\SpoofingData\013672.jpg,013672,bona_fide,0,0.0028882527258247137,0,1
C:\Users\Zander Truong\Documents\coding\ekyc-face-pad\data\raw\celeba_spoof\SpoofingData\007780.jpg,007780,photo,1,0.9999957084655762,1,1
C:\Users\Zander Truong\Documents\coding\ekyc-face-pad\data\raw\celeba_spoof\SpoofingData\017048.jpg,017048,bona_fide,0,0.0009458285639993846,0,1
C:\Users\Zander Truong\Documents\coding\ekyc-face-pad\data\raw\celeba_spoof\SpoofingData\005733.jpg,005733,bona_fide,0,0.002080434001982212,0,1
C:\Users\Zander Truong\Documents\coding\ekyc-face-pad\data\raw\celeba_spoof\SpoofingData\009521.jpg,009521,photo,1,0.7840577363967896,1,1
C:\Users\Zander Truong\Documents\coding\ekyc-face-pad\data\raw\celeba_spoof\SpoofingData\007702.jpg,007702,photo,1,0.9380754828453064,1,1
C:\Users\Zander Truong\Documents\coding\ekyc-face-pad\data\raw\celeba_spoof\SpoofingData\008936.jpg,008936,bona_fide,0,0.2768387496471405,0,1
C:\Users\Zander Truong\Documents\coding\ekyc-face-pad\data\raw\celeba_spoof\SpoofingData\014553.jpg,014553,bona_fide,0,0.637998640537262,1,0
C:\Users\Zander Truong\Documents\coding\ekyc-face-pad\data\raw\celeba_spoof\SpoofingData\016686.jpg,016686,bona_fide,0,0.001564481994137168,0,1
C:\Users\Zander Truong\Documents\coding\ekyc-face-pad\data\raw\celeba_spoof\SpoofingData\017374.jpg,017374,photo,1,0.9710196852684021,1,1
C:\Users\Zander Truong\Documents\coding\ekyc-face-pad\data\raw\celeba_spoof\SpoofingData\005276.jpg,005276,photo,1,0.9871218800544739,1,1
C:\Users\Zander Truong\Documents\coding\ekyc-face-pad\data\raw\celeba_spoof\SpoofingData\001879.jpg,001879,photo,1,0.9974391460418701,1,1
C:\Users\Zander Truong\Documents\coding\ekyc-face-pad\data\raw\celeba_spoof\SpoofingData\007639.jpg,007639,photo,1,0.998994767665863,1,1
C:\Users\Zander Truong\Documents\coding\ekyc-face-pad\data\raw\celeba_spoof\SpoofingData\004237.jpg,004237,bona_fide,0,0.008974331431090832,0,1
C:\Users\Zander Truong\Documents\coding\ekyc-face-pad\data\raw\celeba_spoof\SpoofingData\012542.jpg,012542,bona_fide,0,0.0006217091577127576,0,1
C:\Users\Zander Truong\Documents\coding\ekyc-face-pad\data\raw\celeba_spoof\SpoofingData\010554.jpg,010554,photo,1,0.9935165643692017,1,1
C:\Users\Zander Truong\Documents\coding\ekyc-face-pad\data\raw\celeba_spoof\SpoofingData\003229.jpg,003229,photo,1,0.9969321489334106,1,1
C:\Users\Zander Truong\Documents\coding\ekyc-face-pad\data\raw\celeba_spoof\SpoofingData\015269.jpg,015269,photo,1,0.0005745103699155152,0,0
C:\Users\Zander Truong\Documents\coding\ekyc-face-pad\data\raw\celeba_spoof\SpoofingData\012899.jpg,012899,photo,1,0.9998544454574585,1,1
C:\Users\Zander Truong\Documents\coding\ekyc-face-pad\data\raw\celeba_spoof\SpoofingData\002599.jpg,002599,photo,1,0.9990146160125732,1,1
C:\Users\Zander Truong\Documents\coding\ekyc-face-pad\data\raw\celeba_spoof\SpoofingData\009615.jpg,009615,bona_fide,0,0.7190619707107544,1,0
C:\Users\Zander Truong\Documents\coding\ekyc-face-pad\data\raw\celeba_spoof\SpoofingData\014298.jpg,014298,bona_fide,0,0.08207294344902039,0,1
C:\Users\Zander Truong\Documents\coding\ekyc-face-pad\data\raw\celeba_spoof\SpoofingData\008836.jpg,008836,bona_fide,0,0.0020447876304388046,0,1
C:\Users\Zander Truong\Documents\coding\ekyc-face-pad\data\raw\celeba_spoof\SpoofingData\015179.jpg,015179,photo,1,0.689911425113678,1,1
C:\Users\Zander Truong\Documents\coding\ekyc-face-pad\data\raw\celeba_spoof\SpoofingData\014644.jpg,014644,bona_fide,0,0.12149103730916977,0,1
C:\Users\Zander Truong\Documents\coding\ekyc-face-pad\data\raw\celeba_spoof\SpoofingData\015598.jpg,015598,photo,1,0.8885837197303772,1,1
C:\Users\Zander Truong\Documents\coding\ekyc-face-pad\data\raw\celeba_spoof\SpoofingData\010840.jpg,010840,bona_fide,0,1.938366978038175e-08,0,1
C:\Users\Zander Truong\Documents\coding\ekyc-face-pad\data\raw\celeba_spoof\SpoofingData\015804.jpg,015804,photo,1,0.9605633020401001,1,1
C:\Users\Zander Truong\Documents\coding\ekyc-face-pad\data\raw\celeba_spoof\SpoofingData\015189.jpg,015189,bona_fide,0,0.19324824213981628,0,1
C:\Users\Zander Truong\Documents\coding\ekyc-face-pad\data\raw\celeba_spoof\SpoofingData\006451.jpg,006451,photo,1,0.6560495495796204,1,1
C:\Users\Zander Truong\Documents\coding\ekyc-face-pad\data\raw\celeba_spoof\SpoofingData\005330.jpg,005330,photo,1,0.998691737651825,1,1
C:\Users\Zander Truong\Documents\coding\ekyc-face-pad\data\raw\celeba_spoof\SpoofingData\010228.jpg,010228,photo,1,0.9999754428863525,1,1
C:\Users\Zander Truong\Documents\coding\ekyc-face-pad\data\raw\celeba_spoof\SpoofingData\007262.jpg,007262,photo,1,0.9998579025268555,1,1
C:\Users\Zander Truong\Documents\coding\ekyc-face-pad\data\raw\celeba_spoof\SpoofingData\015593.jpg,015593,photo,1,0.9901453852653503,1,1
C:\Users\Zander Truong\Documents\coding\ekyc-face-pad\data\raw\celeba_spoof\SpoofingData\007888.jpg,007888,bona_fide,0,0.015733543783426285,0,1
C:\Users\Zander Truong\Documents\coding\ekyc-face-pad\data\raw\celeba_spoof\SpoofingData\010819.jpg,010819,photo,1,0.6744576096534729,1,1
C:\Users\Zander Truong\Documents\coding\ekyc-face-pad\data\raw\celeba_spoof\SpoofingData\006815.jpg,006815,photo,1,0.9988611936569214,1,1
C:\Users\Zander Truong\Documents\coding\ekyc-face-pad\data\raw\celeba_spoof\SpoofingData\005102.jpg,005102,photo,1,0.8379492163658142,1,1
C:\Users\Zander Truong\Documents\coding\ekyc-face-pad\data\raw\celeba_spoof\SpoofingData\015430.jpg,015430,bona_fide,0,7.755259866826236e-05,0,1
C:\Users\Zander Truong\Documents\coding\ekyc-face-pad\data\raw\celeba_spoof\SpoofingData\001129.jpg,001129,photo,1,0.9140526652336121,1,1
C:\Users\Zander Truong\Documents\coding\ekyc-face-pad\data\raw\celeba_spoof\SpoofingData\007418.jpg,007418,bona_fide,0,0.0005097754183225334,0,1
C:\Users\Zander Truong\Documents\coding\ekyc-face-pad\data\raw\celeba_spoof\SpoofingData\011819.jpg,011819,photo,1,0.4307834506034851,0,0
C:\Users\Zander Truong\Documents\coding\ekyc-face-pad\data\raw\celeba_spoof\SpoofingData\015456.jpg,015456,photo,1,0.9999476671218872,1,1
C:\Users\Zander Truong\Documents\coding\ekyc-face-pad\data\raw\celeba_spoof\SpoofingData\010478.jpg,010478,bona_fide,0,0.031721822917461395,0,1
C:\Users\Zander Truong\Documents\coding\ekyc-face-pad\data\raw\celeba_spoof\SpoofingData\004971.jpg,004971,photo,1,0.9712603688240051,1,1
C:\Users\Zander Truong\Documents\coding\ekyc-face-pad\data\raw\celeba_spoof\SpoofingData\009406.jpg,009406,bona_fide,0,0.00111347995698452,0,1
C:\Users\Zander Truong\Documents\coding\ekyc-face-pad\data\raw\celeba_spoof\SpoofingData\010357.jpg,010357,bona_fide,0,7.389174425043166e-05,0,1
C:\Users\Zander Truong\Documents\coding\ekyc-face-pad\data\raw\celeba_spoof\SpoofingData\009404.jpg,009404,bona_fide,0,0.9713871479034424,1,0
C:\Users\Zander Truong\Documents\coding\ekyc-face-pad\data\raw\celeba_spoof\SpoofingData\006704.jpg,006704,photo,1,0.9966046810150146,1,1
C:\Users\Zander Truong\Documents\coding\ekyc-face-pad\data\raw\celeba_spoof\SpoofingData\001080.jpg,001080,photo,1,0.7650818228721619,1,1
C:\Users\Zander Truong\Documents\coding\ekyc-face-pad\data\raw\celeba_spoof\SpoofingData\010530.jpg,010530,photo,1,0.9933496117591858,1,1
C:\Users\Zander Truong\Documents\coding\ekyc-face-pad\data\raw\celeba_spoof\SpoofingData\016386.jpg,016386,photo,1,0.9995402097702026,1,1
C:\Users\Zander Truong\Documents\coding\ekyc-face-pad\data\raw\celeba_spoof\SpoofingData\012839.jpg,012839,photo,1,0.9998422861099243,1,1
C:\Users\Zander Truong\Documents\coding\ekyc-face-pad\data\raw\celeba_spoof\SpoofingData\014561.jpg,014561,photo,1,0.9256287813186646,1,1
C:\Users\Zander Truong\Documents\coding\ekyc-face-pad\data\raw\celeba_spoof\SpoofingData\000883.jpg,000883,photo,1,0.9998772144317627,1,1
C:\Users\Zander Truong\Documents\coding\ekyc-face-pad\data\raw\celeba_spoof\SpoofingData\003967.jpg,003967,bona_fide,0,0.01568550616502762,0,1
C:\Users\Zander Truong\Documents\coding\ekyc-face-pad\data\raw\celeba_spoof\SpoofingData\006076.jpg,006076,bona_fide,0,0.10554047673940659,0,1
C:\Users\Zander Truong\Documents\coding\ekyc-face-pad\data\raw\celeba_spoof\SpoofingData\010915.jpg,010915,bona_fide,0,0.0004229845944792032,0,1
C:\Users\Zander Truong\Documents\coding\ekyc-face-pad\data\raw\celeba_spoof\SpoofingData\002067.jpg,002067,photo,1,0.99566251039505,1,1
C:\Users\Zander Truong\Documents\coding\ekyc-face-pad\data\raw\celeba_spoof\SpoofingData\011441.jpg,011441,photo,1,0.999204695224762,1,1
C:\Users\Zander Truong\Documents\coding\ekyc-face-pad\data\raw\celeba_spoof\SpoofingData\012051.jpg,012051,bona_fide,0,0.9559807777404785,1,0
C:\Users\Zander Truong\Documents\coding\ekyc-face-pad\data\raw\celeba_spoof\SpoofingData\010889.jpg,010889,bona_fide,0,0.027181345969438553,0,1
C:\Users\Zander Truong\Documents\coding\ekyc-face-pad\data\raw\celeba_spoof\SpoofingData\017770.jpg,017770,photo,1,0.9189315438270569,1,1
C:\Users\Zander Truong\Documents\coding\ekyc-face-pad\data\raw\celeba_spoof\SpoofingData\012864.jpg,012864,bona_fide,0,0.024216819554567337,0,1
C:\Users\Zander Truong\Documents\coding\ekyc-face-pad\data\raw\celeba_spoof\SpoofingData\016629.jpg,016629,photo,1,0.9998020529747009,1,1
C:\Users\Zander Truong\Documents\coding\ekyc-face-pad\data\raw\celeba_spoof\SpoofingData\009801.jpg,009801,bona_fide,0,0.00011253952834522352,0,1
C:\Users\Zander Truong\Documents\coding\ekyc-face-pad\data\raw\celeba_spoof\SpoofingData\003077.jpg,003077,photo,1,0.9991890788078308,1,1
C:\Users\Zander Truong\Documents\coding\ekyc-face-pad\data\raw\celeba_spoof\SpoofingData\001689.jpg,001689,photo,1,0.6559258103370667,1,1
C:\Users\Zander Truong\Documents\coding\ekyc-face-pad\data\raw\celeba_spoof\SpoofingData\013586.jpg,013586,bona_fide,0,1.9356391931069084e-05,0,1
C:\Users\Zander Truong\Documents\coding\ekyc-face-pad\data\raw\celeba_spoof\SpoofingData\001323.jpg,001323,photo,1,0.999786913394928,1,1
C:\Users\Zander Truong\Documents\coding\ekyc-face-pad\data\raw\celeba_spoof\SpoofingData\014659.jpg,014659,bona_fide,0,0.00853665079921484,0,1
C:\Users\Zander Truong\Documents\coding\ekyc-face-pad\data\raw\celeba_spoof\SpoofingData\014312.jpg,014312,photo,1,0.9999853372573853,1,1
C:\Users\Zander Truong\Documents\coding\ekyc-face-pad\data\raw\celeba_spoof\SpoofingData\014696.jpg,014696,bona_fide,0,0.0004624435678124428,0,1
C:\Users\Zander Truong\Documents\coding\ekyc-face-pad\data\raw\celeba_spoof\SpoofingData\013836.jpg,013836,bona_fide,0,0.13169516623020172,0,1
C:\Users\Zander Truong\Documents\coding\ekyc-face-pad\data\raw\celeba_spoof\SpoofingData\002142.jpg,002142,photo,1,0.9934373497962952,1,1
C:\Users\Zander Truong\Documents\coding\ekyc-face-pad\data\raw\celeba_spoof\SpoofingData\002700.jpg,002700,photo,1,0.9723207950592041,1,1
C:\Users\Zander Truong\Documents\coding\ekyc-face-pad\data\raw\celeba_spoof\SpoofingData\006226.jpg,006226,photo,1,0.8795455694198608,1,1
C:\Users\Zander Truong\Documents\coding\ekyc-face-pad\data\raw\celeba_spoof\SpoofingData\005731.jpg,005731,photo,1,0.9996191263198853,1,1
C:\Users\Zander Truong\Documents\coding\ekyc-face-pad\data\raw\celeba_spoof\SpoofingData\012064.jpg,012064,photo,1,0.9962583780288696,1,1
C:\Users\Zander Truong\Documents\coding\ekyc-face-pad\data\raw\celeba_spoof\SpoofingData\003966.jpg,003966,photo,1,0.9958651065826416,1,1
C:\Users\Zander Truong\Documents\coding\ekyc-face-pad\data\raw\celeba_spoof\SpoofingData\002937.jpg,002937,bona_fide,0,0.18570576608181,0,1
C:\Users\Zander Truong\Documents\coding\ekyc-face-pad\data\raw\celeba_spoof\SpoofingData\008426.jpg,008426,bona_fide,0,0.1527174413204193,0,1
C:\Users\Zander Truong\Documents\coding\ekyc-face-pad\data\raw\celeba_spoof\SpoofingData\006421.jpg,006421,photo,1,0.9978006482124329,1,1
C:\Users\Zander Truong\Documents\coding\ekyc-face-pad\data\raw\celeba_spoof\SpoofingData\003359.jpg,003359,photo,1,0.7227945923805237,1,1
C:\Users\Zander Truong\Documents\coding\ekyc-face-pad\data\raw\celeba_spoof\SpoofingData\012306.jpg,012306,bona_fide,0,0.04304185137152672,0,1
C:\Users\Zander Truong\Documents\coding\ekyc-face-pad\data\raw\celeba_spoof\SpoofingData\016700.jpg,016700,photo,1,0.9960148334503174,1,1
C:\Users\Zander Truong\Documents\coding\ekyc-face-pad\data\raw\celeba_spoof\SpoofingData\011766.jpg,011766,photo,1,0.9999376535415649,1,1
C:\Users\Zander Truong\Documents\coding\ekyc-face-pad\data\raw\celeba_spoof\SpoofingData\002400.jpg,002400,photo,1,0.9933109283447266,1,1
C:\Users\Zander Truong\Documents\coding\ekyc-face-pad\data\raw\celeba_spoof\SpoofingData\012973.jpg,012973,photo,1,0.9997010827064514,1,1
C:\Users\Zander Truong\Documents\coding\ekyc-face-pad\data\raw\celeba_spoof\SpoofingData\003832.jpg,003832,photo,1,0.9931098222732544,1,1
C:\Users\Zander Truong\Documents\coding\ekyc-face-pad\data\raw\celeba_spoof\SpoofingData\016000.jpg,016000,photo,1,0.9338244795799255,1,1
C:\Users\Zander Truong\Documents\coding\ekyc-face-pad\data\raw\celeba_spoof\SpoofingData\013588.jpg,013588,bona_fide,0,1.8332715626456775e-05,0,1
C:\Users\Zander Truong\Documents\coding\ekyc-face-pad\data\raw\celeba_spoof\SpoofingData\010783.jpg,010783,photo,1,0.998701810836792,1,1
C:\Users\Zander Truong\Documents\coding\ekyc-face-pad\data\raw\celeba_spoof\SpoofingData\017913.jpg,017913,photo,1,0.9960688352584839,1,1
C:\Users\Zander Truong\Documents\coding\ekyc-face-pad\data\raw\celeba_spoof\SpoofingData\011438.jpg,011438,photo,1,0.8195098638534546,1,1
C:\Users\Zander Truong\Documents\coding\ekyc-face-pad\data\raw\celeba_spoof\SpoofingData\006011.jpg,006011,bona_fide,0,0.9296900033950806,1,0
C:\Users\Zander Truong\Documents\coding\ekyc-face-pad\data\raw\celeba_spoof\SpoofingData\006174.jpg,006174,bona_fide,0,0.015518181957304478,0,1
C:\Users\Zander Truong\Documents\coding\ekyc-face-pad\data\raw\celeba_spoof\SpoofingData\002100.jpg,002100,photo,1,0.9926666617393494,1,1
C:\Users\Zander Truong\Documents\coding\ekyc-face-pad\data\raw\celeba_spoof\SpoofingData\016369.jpg,016369,photo,1,0.8974401354789734,1,1
C:\Users\Zander Truong\Documents\coding\ekyc-face-pad\data\raw\celeba_spoof\SpoofingData\013097.jpg,013097,photo,1,0.9999955892562866,1,1
C:\Users\Zander Truong\Documents\coding\ekyc-face-pad\data\raw\celeba_spoof\SpoofingData\013776.jpg,013776,photo,1,0.9996664524078369,1,1
C:\Users\Zander Truong\Documents\coding\ekyc-face-pad\data\raw\celeba_spoof\SpoofingData\016889.jpg,016889,photo,1,0.9994049072265625,1,1
C:\Users\Zander Truong\Documents\coding\ekyc-face-pad\data\raw\celeba_spoof\SpoofingData\015927.jpg,015927,photo,1,0.9982085227966309,1,1
C:\Users\Zander Truong\Documents\coding\ekyc-face-pad\data\raw\celeba_spoof\SpoofingData\000329.jpg,000329,bona_fide,0,9.713839062897023e-06,0,1
C:\Users\Zander Truong\Documents\coding\ekyc-face-pad\data\raw\celeba_spoof\SpoofingData\017857.jpg,017857,photo,1,0.9980411529541016,1,1
C:\Users\Zander Truong\Documents\coding\ekyc-face-pad\data\raw\celeba_spoof\SpoofingData\004211.jpg,004211,photo,1,0.9955704808235168,1,1
C:\Users\Zander Truong\Documents\coding\ekyc-face-pad\data\raw\celeba_spoof\SpoofingData\003869.jpg,003869,photo,1,0.9999098777770996,1,1
C:\Users\Zander Truong\Documents\coding\ekyc-face-pad\data\raw\celeba_spoof\SpoofingData\001537.jpg,001537,photo,1,0.7952773571014404,1,1
C:\Users\Zander Truong\Documents\coding\ekyc-face-pad\data\raw\celeba_spoof\SpoofingData\006744.jpg,006744,bona_fide,0,0.002081627259030938,0,1
C:\Users\Zander Truong\Documents\coding\ekyc-face-pad\data\raw\celeba_spoof\SpoofingData\011337.jpg,011337,photo,1,0.9947121143341064,1,1
C:\Users\Zander Truong\Documents\coding\ekyc-face-pad\data\raw\celeba_spoof\SpoofingData\002342.jpg,002342,bona_fide,0,0.9980798959732056,1,0
C:\Users\Zander Truong\Documents\coding\ekyc-face-pad\data\raw\celeba_spoof\SpoofingData\010182.jpg,010182,bona_fide,0,0.00018015489331446588,0,1
C:\Users\Zander Truong\Documents\coding\ekyc-face-pad\data\raw\celeba_spoof\SpoofingData\017682.jpg,017682,photo,1,0.9999685287475586,1,1
C:\Users\Zander Truong\Documents\coding\ekyc-face-pad\data\raw\celeba_spoof\SpoofingData\008820.jpg,008820,photo,1,0.9211623072624207,1,1
C:\Users\Zander Truong\Documents\coding\ekyc-face-pad\data\raw\celeba_spoof\SpoofingData\004097.jpg,004097,bona_fide,0,0.04513196274638176,0,1
C:\Users\Zander Truong\Documents\coding\ekyc-face-pad\data\raw\celeba_spoof\SpoofingData\011409.jpg,011409,bona_fide,0,0.00016940476780291647,0,1
C:\Users\Zander Truong\Documents\coding\ekyc-face-pad\data\raw\celeba_spoof\SpoofingData\000466.jpg,000466,photo,1,0.9999445676803589,1,1
C:\Users\Zander Truong\Documents\coding\ekyc-face-pad\data\raw\celeba_spoof\SpoofingData\014043.jpg,014043,photo,1,0.9935263395309448,1,1
C:\Users\Zander Truong\Documents\coding\ekyc-face-pad\data\raw\celeba_spoof\SpoofingData\015364.jpg,015364,photo,1,0.9411147236824036,1,1
C:\Users\Zander Truong\Documents\coding\ekyc-face-pad\data\raw\celeba_spoof\SpoofingData\006630.jpg,006630,photo,1,0.9999185800552368,1,1
C:\Users\Zander Truong\Documents\coding\ekyc-face-pad\data\raw\celeba_spoof\SpoofingData\014705.jpg,014705,bona_fide,0,0.5231492519378662,1,0
C:\Users\Zander Truong\Documents\coding\ekyc-face-pad\data\raw\celeba_spoof\SpoofingData\004150.jpg,004150,bona_fide,0,0.005381008610129356,0,1
C:\Users\Zander Truong\Documents\coding\ekyc-face-pad\data\raw\celeba_spoof\SpoofingData\006050.jpg,006050,bona_fide,0,0.03622221201658249,0,1
C:\Users\Zander Truong\Documents\coding\ekyc-face-pad\data\raw\celeba_spoof\SpoofingData\001070.jpg,001070,photo,1,0.8619588613510132,1,1
C:\Users\Zander Truong\Documents\coding\ekyc-face-pad\data\raw\celeba_spoof\SpoofingData\007653.jpg,007653,photo,1,0.8837578296661377,1,1
C:\Users\Zander Truong\Documents\coding\ekyc-face-pad\data\raw\celeba_spoof\SpoofingData\017809.jpg,017809,photo,1,0.3510541617870331,0,0
C:\Users\Zander Truong\Documents\coding\ekyc-face-pad\data\raw\celeba_spoof\SpoofingData\015600.jpg,015600,photo,1,0.27046307921409607,0,0
C:\Users\Zander Truong\Documents\coding\ekyc-face-pad\data\raw\celeba_spoof\SpoofingData\007809.jpg,007809,photo,1,0.9644249677658081,1,1
C:\Users\Zander Truong\Documents\coding\ekyc-face-pad\data\raw\celeba_spoof\SpoofingData\010496.jpg,010496,photo,1,0.9987725615501404,1,1
C:\Users\Zander Truong\Documents\coding\ekyc-face-pad\data\raw\celeba_spoof\SpoofingData\017449.jpg,017449,photo,1,0.944589376449585,1,1
C:\Users\Zander Truong\Documents\coding\ekyc-face-pad\data\raw\celeba_spoof\SpoofingData\011556.jpg,011556,photo,1,0.999943733215332,1,1
C:\Users\Zander Truong\Documents\coding\ekyc-face-pad\data\raw\celeba_spoof\SpoofingData\001245.jpg,001245,photo,1,0.9985352754592896,1,1
C:\Users\Zander Truong\Documents\coding\ekyc-face-pad\data\raw\celeba_spoof\SpoofingData\003658.jpg,003658,photo,1,0.5676367282867432,1,1
C:\Users\Zander Truong\Documents\coding\ekyc-face-pad\data\raw\celeba_spoof\SpoofingData\000474.jpg,000474,bona_fide,0,0.01190747320652008,0,1
C:\Users\Zander Truong\Documents\coding\ekyc-face-pad\data\raw\celeba_spoof\SpoofingData\015199.jpg,015199,photo,1,0.9946282505989075,1,1
C:\Users\Zander Truong\Documents\coding\ekyc-face-pad\data\raw\celeba_spoof\SpoofingData\014529.jpg,014529,photo,1,0.9409055709838867,1,1
C:\Users\Zander Truong\Documents\coding\ekyc-face-pad\data\raw\celeba_spoof\SpoofingData\010725.jpg,010725,photo,1,0.9925261735916138,1,1
C:\Users\Zander Truong\Documents\coding\ekyc-face-pad\data\raw\celeba_spoof\SpoofingData\002891.jpg,002891,photo,1,0.15561847388744354,0,0
C:\Users\Zander Truong\Documents\coding\ekyc-face-pad\data\raw\celeba_spoof\SpoofingData\013645.jpg,013645,photo,1,0.9962648749351501,1,1
C:\Users\Zander Truong\Documents\coding\ekyc-face-pad\data\raw\celeba_spoof\SpoofingData\014069.jpg,014069,bona_fide,0,0.17994345724582672,0,1
C:\Users\Zander Truong\Documents\coding\ekyc-face-pad\data\raw\celeba_spoof\SpoofingData\001549.jpg,001549,photo,1,0.9973904490470886,1,1
C:\Users\Zander Truong\Documents\coding\ekyc-face-pad\data\raw\celeba_spoof\SpoofingData\010439.jpg,010439,photo,1,0.7523290514945984,1,1
C:\Users\Zander Truong\Documents\coding\ekyc-face-pad\data\raw\celeba_spoof\SpoofingData\012986.jpg,012986,photo,1,0.99702388048172,1,1
C:\Users\Zander Truong\Documents\coding\ekyc-face-pad\data\raw\celeba_spoof\SpoofingData\015478.jpg,015478,photo,1,0.999818742275238,1,1
C:\Users\Zander Truong\Documents\coding\ekyc-face-pad\data\raw\celeba_spoof\SpoofingData\013987.jpg,013987,photo,1,0.9997777342796326,1,1
C:\Users\Zander Truong\Documents\coding\ekyc-face-pad\data\raw\celeba_spoof\SpoofingData\002191.jpg,002191,photo,1,0.9095621705055237,1,1
C:\Users\Zander Truong\Documents\coding\ekyc-face-pad\data\raw\celeba_spoof\SpoofingData\007366.jpg,007366,bona_fide,0,0.16956403851509094,0,1
C:\Users\Zander Truong\Documents\coding\ekyc-face-pad\data\raw\celeba_spoof\SpoofingData\014377.jpg,014377,photo,1,0.997552216053009,1,1
C:\Users\Zander Truong\Documents\coding\ekyc-face-pad\data\raw\celeba_spoof\SpoofingData\016545.jpg,016545,photo,1,0.997246503829956,1,1
C:\Users\Zander Truong\Documents\coding\ekyc-face-pad\data\raw\celeba_spoof\SpoofingData\011474.jpg,011474,photo,1,0.9934316277503967,1,1
C:\Users\Zander Truong\Documents\coding\ekyc-face-pad\data\raw\celeba_spoof\SpoofingData\009066.jpg,009066,photo,1,0.9991390705108643,1,1
C:\Users\Zander Truong\Documents\coding\ekyc-face-pad\data\raw\celeba_spoof\SpoofingData\005104.jpg,005104,photo,1,0.9996820688247681,1,1
C:\Users\Zander Truong\Documents\coding\ekyc-face-pad\data\raw\celeba_spoof\SpoofingData\015420.jpg,015420,photo,1,0.929250180721283,1,1
C:\Users\Zander Truong\Documents\coding\ekyc-face-pad\data\raw\celeba_spoof\SpoofingData\000171.jpg,000171,photo,1,0.7110947370529175,1,1
C:\Users\Zander Truong\Documents\coding\ekyc-face-pad\data\raw\celeba_spoof\SpoofingData\017835.jpg,017835,photo,1,0.998988926410675,1,1
C:\Users\Zander Truong\Documents\coding\ekyc-face-pad\data\raw\celeba_spoof\SpoofingData\015922.jpg,015922,photo,1,0.9989283680915833,1,1
C:\Users\Zander Truong\Documents\coding\ekyc-face-pad\data\raw\celeba_spoof\SpoofingData\005984.jpg,005984,photo,1,0.8988681435585022,1,1
C:\Users\Zander Truong\Documents\coding\ekyc-face-pad\data\raw\celeba_spoof\SpoofingData\016666.jpg,016666,photo,1,0.9976589679718018,1,1
C:\Users\Zander Truong\Documents\coding\ekyc-face-pad\data\raw\celeba_spoof\SpoofingData\008160.jpg,008160,photo,1,0.9998974800109863,1,1
C:\Users\Zander Truong\Documents\coding\ekyc-face-pad\data\raw\celeba_spoof\SpoofingData\005859.jpg,005859,photo,1,0.9999470710754395,1,1
C:\Users\Zander Truong\Documents\coding\ekyc-face-pad\data\raw\celeba_spoof\SpoofingData\013087.jpg,013087,photo,1,0.9996758699417114,1,1
C:\Users\Zander Truong\Documents\coding\ekyc-face-pad\data\raw\celeba_spoof\SpoofingData\005480.jpg,005480,photo,1,0.9977333545684814,1,1
C:\Users\Zander Truong\Documents\coding\ekyc-face-pad\data\raw\celeba_spoof\SpoofingData\004822.jpg,004822,photo,1,0.9983204007148743,1,1
C:\Users\Zander Truong\Documents\coding\ekyc-face-pad\data\raw\celeba_spoof\SpoofingData\004597.jpg,004597,photo,1,0.995244562625885,1,1
C:\Users\Zander Truong\Documents\coding\ekyc-face-pad\data\raw\celeba_spoof\SpoofingData\001327.jpg,001327,bona_fide,0,0.7463414669036865,1,0
C:\Users\Zander Truong\Documents\coding\ekyc-face-pad\data\raw\celeba_spoof\SpoofingData\017833.jpg,017833,bona_fide,0,4.767111477121944e-06,0,1
C:\Users\Zander Truong\Documents\coding\ekyc-face-pad\data\raw\celeba_spoof\SpoofingData\004709.jpg,004709,photo,1,0.9574562907218933,1,1
C:\Users\Zander Truong\Documents\coding\ekyc-face-pad\data\raw\celeba_spoof\SpoofingData\016900.jpg,016900,bona_fide,0,0.00023447716375812888,0,1
C:\Users\Zander Truong\Documents\coding\ekyc-face-pad\data\raw\celeba_spoof\SpoofingData\001728.jpg,001728,bona_fide,0,0.014547442086040974,0,1
C:\Users\Zander Truong\Documents\coding\ekyc-face-pad\data\raw\celeba_spoof\SpoofingData\003346.jpg,003346,photo,1,0.9995124340057373,1,1
C:\Users\Zander Truong\Documents\coding\ekyc-face-pad\data\raw\celeba_spoof\SpoofingData\007709.jpg,007709,photo,1,0.9975767731666565,1,1
C:\Users\Zander Truong\Documents\coding\ekyc-face-pad\data\raw\celeba_spoof\SpoofingData\005782.jpg,005782,photo,1,0.9930145740509033,1,1
C:\Users\Zander Truong\Documents\coding\ekyc-face-pad\data\raw\celeba_spoof\SpoofingData\017537.jpg,017537,bona_fide,0,0.04535292088985443,0,1
C:\Users\Zander Truong\Documents\coding\ekyc-face-pad\data\raw\celeba_spoof\SpoofingData\011070.jpg,011070,photo,1,0.9672344923019409,1,1
C:\Users\Zander Truong\Documents\coding\ekyc-face-pad\data\raw\celeba_spoof\SpoofingData\008762.jpg,008762,photo,1,0.9418460130691528,1,1
C:\Users\Zander Truong\Documents\coding\ekyc-face-pad\data\raw\celeba_spoof\SpoofingData\013639.jpg,013639,bona_fide,0,0.00010684740846045315,0,1
C:\Users\Zander Truong\Documents\coding\ekyc-face-pad\data\raw\celeba_spoof\SpoofingData\010331.jpg,010331,bona_fide,0,0.0003365125157870352,0,1
C:\Users\Zander Truong\Documents\coding\ekyc-face-pad\data\raw\celeba_spoof\SpoofingData\010985.jpg,010985,photo,1,0.8675360083580017,1,1
C:\Users\Zander Truong\Documents\coding\ekyc-face-pad\data\raw\celeba_spoof\SpoofingData\016303.jpg,016303,photo,1,0.9741884469985962,1,1
C:\Users\Zander Truong\Documents\coding\ekyc-face-pad\data\raw\celeba_spoof\SpoofingData\017210.jpg,017210,photo,1,0.9424458742141724,1,1
C:\Users\Zander Truong\Documents\coding\ekyc-face-pad\data\raw\celeba_spoof\SpoofingData\007593.jpg,007593,photo,1,0.9818992614746094,1,1
C:\Users\Zander Truong\Documents\coding\ekyc-face-pad\data\raw\celeba_spoof\SpoofingData\017225.jpg,017225,photo,1,0.9866144061088562,1,1
C:\Users\Zander Truong\Documents\coding\ekyc-face-pad\data\raw\celeba_spoof\SpoofingData\015994.jpg,015994,photo,1,0.9995067119598389,1,1
C:\Users\Zander Truong\Documents\coding\ekyc-face-pad\data\raw\celeba_spoof\SpoofingData\003258.jpg,003258,photo,1,0.9970276951789856,1,1
C:\Users\Zander Truong\Documents\coding\ekyc-face-pad\data\raw\celeba_spoof\SpoofingData\016596.jpg,016596,photo,1,0.9994421601295471,1,1
C:\Users\Zander Truong\Documents\coding\ekyc-face-pad\data\raw\celeba_spoof\SpoofingData\004449.jpg,004449,photo,1,0.8521990776062012,1,1
C:\Users\Zander Truong\Documents\coding\ekyc-face-pad\data\raw\celeba_spoof\SpoofingData\012572.jpg,012572,photo,1,0.7518168091773987,1,1
C:\Users\Zander Truong\Documents\coding\ekyc-face-pad\data\raw\celeba_spoof\SpoofingData\007586.jpg,007586,photo,1,0.998713493347168,1,1
C:\Users\Zander Truong\Documents\coding\ekyc-face-pad\data\raw\celeba_spoof\SpoofingData\002386.jpg,002386,photo,1,0.9604203104972839,1,1
C:\Users\Zander Truong\Documents\coding\ekyc-face-pad\data\raw\celeba_spoof\SpoofingData\003431.jpg,003431,photo,1,0.9818224906921387,1,1
C:\Users\Zander Truong\Documents\coding\ekyc-face-pad\data\raw\celeba_spoof\SpoofingData\005806.jpg,005806,photo,1,0.998451828956604,1,1
C:\Users\Zander Truong\Documents\coding\ekyc-face-pad\data\raw\celeba_spoof\SpoofingData\013807.jpg,013807,photo,1,0.9999895095825195,1,1
C:\Users\Zander Truong\Documents\coding\ekyc-face-pad\data\raw\celeba_spoof\SpoofingData\012204.jpg,012204,bona_fide,0,6.4908645072137006e-06,0,1
C:\Users\Zander Truong\Documents\coding\ekyc-face-pad\data\raw\celeba_spoof\SpoofingData\016083.jpg,016083,photo,1,0.9133164286613464,1,1
C:\Users\Zander Truong\Documents\coding\ekyc-face-pad\data\raw\celeba_spoof\SpoofingData\003172.jpg,003172,photo,1,0.7487947940826416,1,1
C:\Users\Zander Truong\Documents\coding\ekyc-face-pad\data\raw\celeba_spoof\SpoofingData\001716.jpg,001716,bona_fide,0,0.9972254037857056,1,0
C:\Users\Zander Truong\Documents\coding\ekyc-face-pad\data\raw\celeba_spoof\SpoofingData\012284.jpg,012284,photo,1,0.9671630263328552,1,1
C:\Users\Zander Truong\Documents\coding\ekyc-face-pad\data\raw\celeba_spoof\SpoofingData\001300.jpg,001300,photo,1,0.9972370862960815,1,1
C:\Users\Zander Truong\Documents\coding\ekyc-face-pad\data\raw\celeba_spoof\SpoofingData\005543.jpg,005543,photo,1,0.9979179501533508,1,1
C:\Users\Zander Truong\Documents\coding\ekyc-face-pad\data\raw\celeba_spoof\SpoofingData\006510.jpg,006510,photo,1,0.99894779920578,1,1
C:\Users\Zander Truong\Documents\coding\ekyc-face-pad\data\raw\celeba_spoof\SpoofingData\011096.jpg,011096,bona_fide,0,0.0019797752611339092,0,1
C:\Users\Zander Truong\Documents\coding\ekyc-face-pad\data\raw\celeba_spoof\SpoofingData\009313.jpg,009313,photo,1,0.999213457107544,1,1
C:\Users\Zander Truong\Documents\coding\ekyc-face-pad\data\raw\celeba_spoof\SpoofingData\012238.jpg,012238,bona_fide,0,0.003076666733250022,0,1
C:\Users\Zander Truong\Documents\coding\ekyc-face-pad\data\raw\celeba_spoof\SpoofingData\015250.jpg,015250,photo,1,0.9906734824180603,1,1
C:\Users\Zander Truong\Documents\coding\ekyc-face-pad\data\raw\celeba_spoof\SpoofingData\009707.jpg,009707,photo,1,0.9980865716934204,1,1
C:\Users\Zander Truong\Documents\coding\ekyc-face-pad\data\raw\celeba_spoof\SpoofingData\012178.jpg,012178,bona_fide,0,0.0011911052279174328,0,1
C:\Users\Zander Truong\Documents\coding\ekyc-face-pad\data\raw\celeba_spoof\SpoofingData\000965.jpg,000965,photo,1,0.6842621564865112,1,1
C:\Users\Zander Truong\Documents\coding\ekyc-face-pad\data\raw\celeba_spoof\SpoofingData\015709.jpg,015709,bona_fide,0,7.23462289897725e-06,0,1
C:\Users\Zander Truong\Documents\coding\ekyc-face-pad\data\raw\celeba_spoof\SpoofingData\008070.jpg,008070,bona_fide,0,0.01607426628470421,0,1
C:\Users\Zander Truong\Documents\coding\ekyc-face-pad\data\raw\celeba_spoof\SpoofingData\014878.jpg,014878,photo,1,0.1155717596411705,0,0
C:\Users\Zander Truong\Documents\coding\ekyc-face-pad\data\raw\celeba_spoof\SpoofingData\003313.jpg,003313,photo,1,0.9938364624977112,1,1
C:\Users\Zander Truong\Documents\coding\ekyc-face-pad\data\raw\celeba_spoof\SpoofingData\017030.jpg,017030,photo,1,0.9994078874588013,1,1
C:\Users\Zander Truong\Documents\coding\ekyc-face-pad\data\raw\celeba_spoof\SpoofingData\004719.jpg,004719,bona_fide,0,0.0012990612303838134,0,1
C:\Users\Zander Truong\Documents\coding\ekyc-face-pad\data\raw\celeba_spoof\SpoofingData\000077.jpg,000077,photo,1,0.9999152421951294,1,1
C:\Users\Zander Truong\Documents\coding\ekyc-face-pad\data\raw\celeba_spoof\SpoofingData\003002.jpg,003002,photo,1,0.6153808236122131,1,1
C:\Users\Zander Truong\Documents\coding\ekyc-face-pad\data\raw\celeba_spoof\SpoofingData\017338.jpg,017338,photo,1,0.11251749843358994,0,0
C:\Users\Zander Truong\Documents\coding\ekyc-face-pad\data\raw\celeba_spoof\SpoofingData\006030.jpg,006030,photo,1,0.9943615198135376,1,1
C:\Users\Zander Truong\Documents\coding\ekyc-face-pad\data\raw\celeba_spoof\SpoofingData\013466.jpg,013466,photo,1,0.9612452983856201,1,1
C:\Users\Zander Truong\Documents\coding\ekyc-face-pad\data\raw\celeba_spoof\SpoofingData\009295.jpg,009295,photo,1,0.9997569918632507,1,1
C:\Users\Zander Truong\Documents\coding\ekyc-face-pad\data\raw\celeba_spoof\SpoofingData\008624.jpg,008624,bona_fide,0,0.9153872728347778,1,0
C:\Users\Zander Truong\Documents\coding\ekyc-face-pad\data\raw\celeba_spoof\SpoofingData\013788.jpg,013788,bona_fide,0,3.349369080751785e-06,0,1
C:\Users\Zander Truong\Documents\coding\ekyc-face-pad\data\raw\celeba_spoof\SpoofingData\016715.jpg,016715,photo,1,0.9999927282333374,1,1
C:\Users\Zander Truong\Documents\coding\ekyc-face-pad\data\raw\celeba_spoof\SpoofingData\011953.jpg,011953,bona_fide,0,0.9767440557479858,1,0
C:\Users\Zander Truong\Documents\coding\ekyc-face-pad\data\raw\celeba_spoof\SpoofingData\009894.jpg,009894,photo,1,0.9835984706878662,1,1
C:\Users\Zander Truong\Documents\coding\ekyc-face-pad\data\raw\celeba_spoof\SpoofingData\004454.jpg,004454,photo,1,0.995020866394043,1,1
C:\Users\Zander Truong\Documents\coding\ekyc-face-pad\data\raw\celeba_spoof\SpoofingData\004988.jpg,004988,photo,1,0.9981335997581482,1,1
C:\Users\Zander Truong\Documents\coding\ekyc-face-pad\data\raw\celeba_spoof\SpoofingData\007077.jpg,007077,photo,1,0.9669888615608215,1,1
C:\Users\Zander Truong\Documents\coding\ekyc-face-pad\data\raw\celeba_spoof\SpoofingData\001425.jpg,001425,photo,1,0.95737624168396,1,1
C:\Users\Zander Truong\Documents\coding\ekyc-face-pad\data\raw\celeba_spoof\SpoofingData\002860.jpg,002860,photo,1,0.9880423545837402,1,1
C:\Users\Zander Truong\Documents\coding\ekyc-face-pad\data\raw\celeba_spoof\SpoofingData\003405.jpg,003405,photo,1,0.9645805358886719,1,1
C:\Users\Zander Truong\Documents\coding\ekyc-face-pad\data\raw\celeba_spoof\SpoofingData\014045.jpg,014045,photo,1,0.9575796127319336,1,1
C:\Users\Zander Truong\Documents\coding\ekyc-face-pad\data\raw\celeba_spoof\SpoofingData\013261.jpg,013261,photo,1,0.9997498393058777,1,1
C:\Users\Zander Truong\Documents\coding\ekyc-face-pad\data\raw\celeba_spoof\SpoofingData\005978.jpg,005978,bona_fide,0,0.5478407740592957,1,0
C:\Users\Zander Truong\Documents\coding\ekyc-face-pad\data\raw\celeba_spoof\SpoofingData\010936.jpg,010936,photo,1,0.9997804760932922,1,1
C:\Users\Zander Truong\Documents\coding\ekyc-face-pad\data\raw\celeba_spoof\SpoofingData\012593.jpg,012593,photo,1,0.6312229633331299,1,1
C:\Users\Zander Truong\Documents\coding\ekyc-face-pad\data\raw\celeba_spoof\SpoofingData\015482.jpg,015482,photo,1,0.9862958788871765,1,1
C:\Users\Zander Truong\Documents\coding\ekyc-face-pad\data\raw\celeba_spoof\SpoofingData\013493.jpg,013493,photo,1,0.9951255917549133,1,1
C:\Users\Zander Truong\Documents\coding\ekyc-face-pad\data\raw\celeba_spoof\SpoofingData\001663.jpg,001663,photo,1,0.9939697980880737,1,1
C:\Users\Zander Truong\Documents\coding\ekyc-face-pad\data\raw\celeba_spoof\SpoofingData\003231.jpg,003231,photo,1,0.9999651908874512,1,1
C:\Users\Zander Truong\Documents\coding\ekyc-face-pad\data\raw\celeba_spoof\SpoofingData\017213.jpg,017213,photo,1,0.9769904613494873,1,1
C:\Users\Zander Truong\Documents\coding\ekyc-face-pad\data\raw\celeba_spoof\SpoofingData\005117.jpg,005117,bona_fide,0,2.3715820134384558e-05,0,1
C:\Users\Zander Truong\Documents\coding\ekyc-face-pad\data\raw\celeba_spoof\SpoofingData\001167.jpg,001167,photo,1,0.7736524939537048,1,1
C:\Users\Zander Truong\Documents\coding\ekyc-face-pad\data\raw\celeba_spoof\SpoofingData\006823.jpg,006823,bona_fide,0,6.866104376967996e-05,0,1
C:\Users\Zander Truong\Documents\coding\ekyc-face-pad\data\raw\celeba_spoof\SpoofingData\001023.jpg,001023,photo,1,0.9000767469406128,1,1
C:\Users\Zander Truong\Documents\coding\ekyc-face-pad\data\raw\celeba_spoof\SpoofingData\010205.jpg,010205,photo,1,0.9501270651817322,1,1
C:\Users\Zander Truong\Documents\coding\ekyc-face-pad\data\raw\celeba_spoof\SpoofingData\001400.jpg,001400,photo,1,0.42551544308662415,0,0
C:\Users\Zander Truong\Documents\coding\ekyc-face-pad\data\raw\celeba_spoof\SpoofingData\014395.jpg,014395,bona_fide,0,0.0014676466817036271,0,1
C:\Users\Zander Truong\Documents\coding\ekyc-face-pad\data\raw\celeba_spoof\SpoofingData\002938.jpg,002938,photo,1,0.9986215829849243,1,1
C:\Users\Zander Truong\Documents\coding\ekyc-face-pad\data\raw\celeba_spoof\SpoofingData\007084.jpg,007084,bona_fide,0,0.01929367706179619,0,1
C:\Users\Zander Truong\Documents\coding\ekyc-face-pad\data\raw\celeba_spoof\SpoofingData\002444.jpg,002444,bona_fide,0,0.0002431118191452697,0,1
C:\Users\Zander Truong\Documents\coding\ekyc-face-pad\data\raw\celeba_spoof\SpoofingData\011964.jpg,011964,photo,1,0.00548113277181983,0,0
C:\Users\Zander Truong\Documents\coding\ekyc-face-pad\data\raw\celeba_spoof\SpoofingData\014222.jpg,014222,bona_fide,0,0.1686968207359314,0,1
C:\Users\Zander Truong\Documents\coding\ekyc-face-pad\data\raw\celeba_spoof\SpoofingData\017578.jpg,017578,photo,1,0.8462398648262024,1,1
C:\Users\Zander Truong\Documents\coding\ekyc-face-pad\data\raw\celeba_spoof\SpoofingData\006220.jpg,006220,bona_fide,0,0.00025904609356075525,0,1
C:\Users\Zander Truong\Documents\coding\ekyc-face-pad\data\raw\celeba_spoof\SpoofingData\014712.jpg,014712,photo,1,0.5481721758842468,1,1
C:\Users\Zander Truong\Documents\coding\ekyc-face-pad\data\raw\celeba_spoof\SpoofingData\002055.jpg,002055,photo,1,0.45456331968307495,0,0
C:\Users\Zander Truong\Documents\coding\ekyc-face-pad\data\raw\celeba_spoof\SpoofingData\007286.jpg,007286,photo,1,0.6500937342643738,1,1
C:\Users\Zander Truong\Documents\coding\ekyc-face-pad\data\raw\celeba_spoof\SpoofingData\001551.jpg,001551,photo,1,0.9982398748397827,1,1
C:\Users\Zander Truong\Documents\coding\ekyc-face-pad\data\raw\celeba_spoof\SpoofingData\005575.jpg,005575,photo,1,0.9999732971191406,1,1
C:\Users\Zander Truong\Documents\coding\ekyc-face-pad\data\raw\celeba_spoof\SpoofingData\005044.jpg,005044,photo,1,0.9208540916442871,1,1
C:\Users\Zander Truong\Documents\coding\ekyc-face-pad\data\raw\celeba_spoof\SpoofingData\002151.jpg,002151,bona_fide,0,0.00017649924848228693,0,1
C:\Users\Zander Truong\Documents\coding\ekyc-face-pad\data\raw\celeba_spoof\SpoofingData\013851.jpg,013851,bona_fide,0,0.9034428596496582,1,0
C:\Users\Zander Truong\Documents\coding\ekyc-face-pad\data\raw\celeba_spoof\SpoofingData\001473.jpg,001473,bona_fide,0,0.001748161856085062,0,1
C:\Users\Zander Truong\Documents\coding\ekyc-face-pad\data\raw\celeba_spoof\SpoofingData\016301.jpg,016301,photo,1,0.9806318283081055,1,1
C:\Users\Zander Truong\Documents\coding\ekyc-face-pad\data\raw\celeba_spoof\SpoofingData\006945.jpg,006945,photo,1,0.999904990196228,1,1
C:\Users\Zander Truong\Documents\coding\ekyc-face-pad\data\raw\celeba_spoof\SpoofingData\013991.jpg,013991,photo,1,0.9999029636383057,1,1
C:\Users\Zander Truong\Documents\coding\ekyc-face-pad\data\raw\celeba_spoof\SpoofingData\006552.jpg,006552,photo,1,0.9384328126907349,1,1
C:\Users\Zander Truong\Documents\coding\ekyc-face-pad\data\raw\celeba_spoof\SpoofingData\009335.jpg,009335,photo,1,0.9576559066772461,1,1
C:\Users\Zander Truong\Documents\coding\ekyc-face-pad\data\raw\celeba_spoof\SpoofingData\010096.jpg,010096,bona_fide,0,0.0010264242300763726,0,1
C:\Users\Zander Truong\Documents\coding\ekyc-face-pad\data\raw\celeba_spoof\SpoofingData\004760.jpg,004760,photo,1,0.999883770942688,1,1
C:\Users\Zander Truong\Documents\coding\ekyc-face-pad\data\raw\celeba_spoof\SpoofingData\000742.jpg,000742,photo,1,0.9209756255149841,1,1
C:\Users\Zander Truong\Documents\coding\ekyc-face-pad\data\raw\celeba_spoof\SpoofingData\011082.jpg,011082,bona_fide,0,0.028855450451374054,0,1
C:\Users\Zander Truong\Documents\coding\ekyc-face-pad\data\raw\celeba_spoof\SpoofingData\010204.jpg,010204,photo,1,0.9448283910751343,1,1
C:\Users\Zander Truong\Documents\coding\ekyc-face-pad\data\raw\celeba_spoof\SpoofingData\010168.jpg,010168,photo,1,0.9757148623466492,1,1
C:\Users\Zander Truong\Documents\coding\ekyc-face-pad\data\raw\celeba_spoof\SpoofingData\006160.jpg,006160,bona_fide,0,0.001056082546710968,0,1
C:\Users\Zander Truong\Documents\coding\ekyc-face-pad\data\raw\celeba_spoof\SpoofingData\001755.jpg,001755,bona_fide,0,0.013790324330329895,0,1
C:\Users\Zander Truong\Documents\coding\ekyc-face-pad\data\raw\celeba_spoof\SpoofingData\008720.jpg,008720,photo,1,0.99994957447052,1,1
C:\Users\Zander Truong\Documents\coding\ekyc-face-pad\data\raw\celeba_spoof\SpoofingData\012900.jpg,012900,photo,1,0.9774941205978394,1,1
C:\Users\Zander Truong\Documents\coding\ekyc-face-pad\data\raw\celeba_spoof\SpoofingData\003998.jpg,003998,photo,1,0.999997615814209,1,1
C:\Users\Zander Truong\Documents\coding\ekyc-face-pad\data\raw\celeba_spoof\SpoofingData\000780.jpg,000780,photo,1,0.997588038444519,1,1
C:\Users\Zander Truong\Documents\coding\ekyc-face-pad\data\raw\celeba_spoof\SpoofingData\002127.jpg,002127,photo,1,0.06062939763069153,0,0
C:\Users\Zander Truong\Documents\coding\ekyc-face-pad\data\raw\celeba_spoof\SpoofingData\010013.jpg,010013,bona_fide,0,0.023068122565746307,0,1
C:\Users\Zander Truong\Documents\coding\ekyc-face-pad\data\raw\celeba_spoof\SpoofingData\012783.jpg,012783,photo,1,0.9997978806495667,1,1
C:\Users\Zander Truong\Documents\coding\ekyc-face-pad\data\raw\celeba_spoof\SpoofingData\005509.jpg,005509,bona_fide,0,6.687357199552935e-06,0,1
C:\Users\Zander Truong\Documents\coding\ekyc-face-pad\data\raw\celeba_spoof\SpoofingData\013805.jpg,013805,photo,1,0.9982122182846069,1,1
C:\Users\Zander Truong\Documents\coding\ekyc-face-pad\data\raw\celeba_spoof\SpoofingData\008738.jpg,008738,photo,1,0.9979554414749146,1,1
C:\Users\Zander Truong\Documents\coding\ekyc-face-pad\data\raw\celeba_spoof\SpoofingData\005722.jpg,005722,photo,1,0.9707685112953186,1,1
C:\Users\Zander Truong\Documents\coding\ekyc-face-pad\data\raw\celeba_spoof\SpoofingData\002747.jpg,002747,photo,1,0.9751206636428833,1,1
C:\Users\Zander Truong\Documents\coding\ekyc-face-pad\data\raw\celeba_spoof\SpoofingData\004248.jpg,004248,photo,1,0.9927763938903809,1,1
C:\Users\Zander Truong\Documents\coding\ekyc-face-pad\data\raw\celeba_spoof\SpoofingData\013671.jpg,013671,photo,1,0.9919608235359192,1,1
C:\Users\Zander Truong\Documents\coding\ekyc-face-pad\data\raw\celeba_spoof\SpoofingData\000140.jpg,000140,photo,1,0.9722806215286255,1,1
C:\Users\Zander Truong\Documents\coding\ekyc-face-pad\data\raw\celeba_spoof\SpoofingData\007863.jpg,007863,photo,1,0.9986010193824768,1,1
C:\Users\Zander Truong\Documents\coding\ekyc-face-pad\data\raw\celeba_spoof\SpoofingData\006870.jpg,006870,photo,1,0.9979105591773987,1,1
C:\Users\Zander Truong\Documents\coding\ekyc-face-pad\data\raw\celeba_spoof\SpoofingData\013610.jpg,013610,photo,1,0.9847297072410583,1,1
C:\Users\Zander Truong\Documents\coding\ekyc-face-pad\data\raw\celeba_spoof\SpoofingData\017898.jpg,017898,photo,1,0.9323441386222839,1,1
C:\Users\Zander Truong\Documents\coding\ekyc-face-pad\data\raw\celeba_spoof\SpoofingData\012694.jpg,012694,photo,1,0.9994528889656067,1,1
C:\Users\Zander Truong\Documents\coding\ekyc-face-pad\data\raw\celeba_spoof\SpoofingData\004335.jpg,004335,bona_fide,0,0.37741583585739136,0,1
C:\Users\Zander Truong\Documents\coding\ekyc-face-pad\data\raw\celeba_spoof\SpoofingData\005907.jpg,005907,photo,1,0.8586322069168091,1,1
C:\Users\Zander Truong\Documents\coding\ekyc-face-pad\data\raw\celeba_spoof\SpoofingData\011756.jpg,011756,photo,1,0.6211589574813843,1,1
C:\Users\Zander Truong\Documents\coding\ekyc-face-pad\data\raw\celeba_spoof\SpoofingData\012722.jpg,012722,photo,1,0.5784810185432434,1,1
C:\Users\Zander Truong\Documents\coding\ekyc-face-pad\data\raw\celeba_spoof\SpoofingData\014448.jpg,014448,photo,1,0.5555438995361328,1,1
C:\Users\Zander Truong\Documents\coding\ekyc-face-pad\data\raw\celeba_spoof\SpoofingData\003307.jpg,003307,photo,1,0.9797318577766418,1,1
C:\Users\Zander Truong\Documents\coding\ekyc-face-pad\data\raw\celeba_spoof\SpoofingData\003710.jpg,003710,bona_fide,0,5.677911758539267e-05,0,1
C:\Users\Zander Truong\Documents\coding\ekyc-face-pad\data\raw\celeba_spoof\SpoofingData\003066.jpg,003066,photo,1,0.8931127786636353,1,1
C:\Users\Zander Truong\Documents\coding\ekyc-face-pad\data\raw\celeba_spoof\SpoofingData\000175.jpg,000175,photo,1,0.9853500127792358,1,1
C:\Users\Zander Truong\Documents\coding\ekyc-face-pad\data\raw\celeba_spoof\SpoofingData\017871.jpg,017871,photo,1,0.98729008436203,1,1
C:\Users\Zander Truong\Documents\coding\ekyc-face-pad\data\raw\celeba_spoof\SpoofingData\014401.jpg,014401,photo,1,0.9976255297660828,1,1
C:\Users\Zander Truong\Documents\coding\ekyc-face-pad\data\raw\celeba_spoof\SpoofingData\010106.jpg,010106,bona_fide,0,0.0027583735063672066,0,1
C:\Users\Zander Truong\Documents\coding\ekyc-face-pad\data\raw\celeba_spoof\SpoofingData\009401.jpg,009401,photo,1,0.9997039437294006,1,1
C:\Users\Zander Truong\Documents\coding\ekyc-face-pad\data\raw\celeba_spoof\SpoofingData\010806.jpg,010806,bona_fide,0,0.01811341755092144,0,1
C:\Users\Zander Truong\Documents\coding\ekyc-face-pad\data\raw\celeba_spoof\SpoofingData\003963.jpg,003963,photo,1,0.8678847551345825,1,1
C:\Users\Zander Truong\Documents\coding\ekyc-face-pad\data\raw\celeba_spoof\SpoofingData\003911.jpg,003911,photo,1,0.975343644618988,1,1
C:\Users\Zander Truong\Documents\coding\ekyc-face-pad\data\raw\celeba_spoof\SpoofingData\017020.jpg,017020,photo,1,0.6380053758621216,1,1
C:\Users\Zander Truong\Documents\coding\ekyc-face-pad\data\raw\celeba_spoof\SpoofingData\008519.jpg,008519,photo,1,0.9994736313819885,1,1
C:\Users\Zander Truong\Documents\coding\ekyc-face-pad\data\raw\celeba_spoof\SpoofingData\017971.jpg,017971,photo,1,0.9895910620689392,1,1
C:\Users\Zander Truong\Documents\coding\ekyc-face-pad\data\raw\celeba_spoof\SpoofingData\013459.jpg,013459,photo,1,0.5138848423957825,1,1
C:\Users\Zander Truong\Documents\coding\ekyc-face-pad\data\raw\celeba_spoof\SpoofingData\008259.jpg,008259,bona_fide,0,0.3672296404838562,0,1
C:\Users\Zander Truong\Documents\coding\ekyc-face-pad\data\raw\celeba_spoof\SpoofingData\004262.jpg,004262,bona_fide,0,0.014596390537917614,0,1
C:\Users\Zander Truong\Documents\coding\ekyc-face-pad\data\raw\celeba_spoof\SpoofingData\011834.jpg,011834,photo,1,0.9534184336662292,1,1
C:\Users\Zander Truong\Documents\coding\ekyc-face-pad\data\raw\celeba_spoof\SpoofingData\008350.jpg,008350,bona_fide,0,0.02303459867835045,0,1
C:\Users\Zander Truong\Documents\coding\ekyc-face-pad\data\raw\celeba_spoof\SpoofingData\001860.jpg,001860,bona_fide,0,3.8295837612167816e-07,0,1
C:\Users\Zander Truong\Documents\coding\ekyc-face-pad\data\raw\celeba_spoof\SpoofingData\011832.jpg,011832,photo,1,0.999980092048645,1,1
C:\Users\Zander Truong\Documents\coding\ekyc-face-pad\data\raw\celeba_spoof\SpoofingData\002411.jpg,002411,photo,1,0.6925624012947083,1,1
C:\Users\Zander Truong\Documents\coding\ekyc-face-pad\data\raw\celeba_spoof\SpoofingData\003973.jpg,003973,photo,1,0.9786454439163208,1,1
C:\Users\Zander Truong\Documents\coding\ekyc-face-pad\data\raw\celeba_spoof\SpoofingData\008862.jpg,008862,photo,1,0.9999126195907593,1,1
C:\Users\Zander Truong\Documents\coding\ekyc-face-pad\data\raw\celeba_spoof\SpoofingData\003322.jpg,003322,photo,1,0.9990897178649902,1,1
C:\Users\Zander Truong\Documents\coding\ekyc-face-pad\data\raw\celeba_spoof\SpoofingData\004468.jpg,004468,bona_fide,0,4.273507875041105e-05,0,1
C:\Users\Zander Truong\Documents\coding\ekyc-face-pad\data\raw\celeba_spoof\SpoofingData\003303.jpg,003303,photo,1,0.960141122341156,1,1
C:\Users\Zander Truong\Documents\coding\ekyc-face-pad\data\raw\celeba_spoof\SpoofingData\006029.jpg,006029,photo,1,0.8594568967819214,1,1
C:\Users\Zander Truong\Documents\coding\ekyc-face-pad\data\raw\celeba_spoof\SpoofingData\011977.jpg,011977,photo,1,0.9586646556854248,1,1
C:\Users\Zander Truong\Documents\coding\ekyc-face-pad\data\raw\celeba_spoof\SpoofingData\006313.jpg,006313,bona_fide,0,0.028819112107157707,0,1
C:\Users\Zander Truong\Documents\coding\ekyc-face-pad\data\raw\celeba_spoof\SpoofingData\005287.jpg,005287,bona_fide,0,0.6405328512191772,1,0
C:\Users\Zander Truong\Documents\coding\ekyc-face-pad\data\raw\celeba_spoof\SpoofingData\001019.jpg,001019,photo,1,0.9993438124656677,1,1
C:\Users\Zander Truong\Documents\coding\ekyc-face-pad\data\raw\celeba_spoof\SpoofingData\008531.jpg,008531,photo,1,0.9998247027397156,1,1
C:\Users\Zander Truong\Documents\coding\ekyc-face-pad\data\raw\celeba_spoof\SpoofingData\000875.jpg,000875,photo,1,0.9887230396270752,1,1
C:\Users\Zander Truong\Documents\coding\ekyc-face-pad\data\raw\celeba_spoof\SpoofingData\012690.jpg,012690,photo,1,0.9990587830543518,1,1
C:\Users\Zander Truong\Documents\coding\ekyc-face-pad\data\raw\celeba_spoof\SpoofingData\005352.jpg,005352,bona_fide,0,0.0006417811382561922,0,1
C:\Users\Zander Truong\Documents\coding\ekyc-face-pad\data\raw\celeba_spoof\SpoofingData\009283.jpg,009283,photo,1,0.9928794503211975,1,1
C:\Users\Zander Truong\Documents\coding\ekyc-face-pad\data\raw\celeba_spoof\SpoofingData\015757.jpg,015757,bona_fide,0,0.920870304107666,1,0
C:\Users\Zander Truong\Documents\coding\ekyc-face-pad\data\raw\celeba_spoof\SpoofingData\014004.jpg,014004,photo,1,0.9804481863975525,1,1
C:\Users\Zander Truong\Documents\coding\ekyc-face-pad\data\raw\celeba_spoof\SpoofingData\011739.jpg,011739,bona_fide,0,0.4282667338848114,0,1
C:\Users\Zander Truong\Documents\coding\ekyc-face-pad\data\raw\celeba_spoof\SpoofingData\006728.jpg,006728,bona_fide,0,0.00010134280455531552,0,1
C:\Users\Zander Truong\Documents\coding\ekyc-face-pad\data\raw\celeba_spoof\SpoofingData\006280.jpg,006280,bona_fide,0,7.986102900758851e-06,0,1
C:\Users\Zander Truong\Documents\coding\ekyc-face-pad\data\raw\celeba_spoof\SpoofingData\002313.jpg,002313,photo,1,0.9997275471687317,1,1
C:\Users\Zander Truong\Documents\coding\ekyc-face-pad\data\raw\celeba_spoof\SpoofingData\013076.jpg,013076,bona_fide,0,0.28075653314590454,0,1
C:\Users\Zander Truong\Documents\coding\ekyc-face-pad\data\raw\celeba_spoof\SpoofingData\006511.jpg,006511,bona_fide,0,0.40651383996009827,0,1
C:\Users\Zander Truong\Documents\coding\ekyc-face-pad\data\raw\celeba_spoof\SpoofingData\017499.jpg,017499,bona_fide,0,0.14804238080978394,0,1
C:\Users\Zander Truong\Documents\coding\ekyc-face-pad\data\raw\celeba_spoof\SpoofingData\003428.jpg,003428,bona_fide,0,5.2870104809699114e-06,0,1
C:\Users\Zander Truong\Documents\coding\ekyc-face-pad\data\raw\celeba_spoof\SpoofingData\014572.jpg,014572,photo,1,0.868193507194519,1,1
C:\Users\Zander Truong\Documents\coding\ekyc-face-pad\data\raw\celeba_spoof\SpoofingData\010670.jpg,010670,bona_fide,0,0.0020689168013632298,0,1
C:\Users\Zander Truong\Documents\coding\ekyc-face-pad\data\raw\celeba_spoof\SpoofingData\006018.jpg,006018,bona_fide,0,0.0023841429501771927,0,1
C:\Users\Zander Truong\Documents\coding\ekyc-face-pad\data\raw\celeba_spoof\SpoofingData\012403.jpg,012403,photo,1,0.9848614931106567,1,1
C:\Users\Zander Truong\Documents\coding\ekyc-face-pad\data\raw\celeba_spoof\SpoofingData\002617.jpg,002617,bona_fide,0,0.04844626784324646,0,1
C:\Users\Zander Truong\Documents\coding\ekyc-face-pad\data\raw\celeba_spoof\SpoofingData\009638.jpg,009638,photo,1,0.9943526983261108,1,1
C:\Users\Zander Truong\Documents\coding\ekyc-face-pad\data\raw\celeba_spoof\SpoofingData\000094.jpg,000094,photo,1,0.018459929153323174,0,0
C:\Users\Zander Truong\Documents\coding\ekyc-face-pad\data\raw\celeba_spoof\SpoofingData\016592.jpg,016592,photo,1,0.9992387294769287,1,1
C:\Users\Zander Truong\Documents\coding\ekyc-face-pad\data\raw\celeba_spoof\SpoofingData\011486.jpg,011486,photo,1,0.9979482293128967,1,1
C:\Users\Zander Truong\Documents\coding\ekyc-face-pad\data\raw\celeba_spoof\SpoofingData\000107.jpg,000107,photo,1,0.9979105591773987,1,1
C:\Users\Zander Truong\Documents\coding\ekyc-face-pad\data\raw\celeba_spoof\SpoofingData\010271.jpg,010271,photo,1,0.9993866682052612,1,1
C:\Users\Zander Truong\Documents\coding\ekyc-face-pad\data\raw\celeba_spoof\SpoofingData\011464.jpg,011464,bona_fide,0,0.0296716820448637,0,1
C:\Users\Zander Truong\Documents\coding\ekyc-face-pad\data\raw\celeba_spoof\SpoofingData\009480.jpg,009480,bona_fide,0,0.0006668887799605727,0,1
C:\Users\Zander Truong\Documents\coding\ekyc-face-pad\data\raw\celeba_spoof\SpoofingData\001088.jpg,001088,photo,1,0.4332037568092346,0,0
C:\Users\Zander Truong\Documents\coding\ekyc-face-pad\data\raw\celeba_spoof\SpoofingData\013659.jpg,013659,photo,1,0.9863491058349609,1,1
C:\Users\Zander Truong\Documents\coding\ekyc-face-pad\data\raw\celeba_spoof\SpoofingData\004268.jpg,004268,photo,1,0.9715802073478699,1,1
C:\Users\Zander Truong\Documents\coding\ekyc-face-pad\data\raw\celeba_spoof\SpoofingData\012144.jpg,012144,photo,1,0.9844676852226257,1,1
C:\Users\Zander Truong\Documents\coding\ekyc-face-pad\data\raw\celeba_spoof\SpoofingData\012050.jpg,012050,bona_fide,0,0.0051284246146678925,0,1
C:\Users\Zander Truong\Documents\coding\ekyc-face-pad\data\raw\celeba_spoof\SpoofingData\013791.jpg,013791,bona_fide,0,0.015440274961292744,0,1
C:\Users\Zander Truong\Documents\coding\ekyc-face-pad\data\raw\celeba_spoof\SpoofingData\008626.jpg,008626,photo,1,0.9633214473724365,1,1
C:\Users\Zander Truong\Documents\coding\ekyc-face-pad\data\raw\celeba_spoof\SpoofingData\000026.jpg,000026,photo,1,0.9944156408309937,1,1
C:\Users\Zander Truong\Documents\coding\ekyc-face-pad\data\raw\celeba_spoof\SpoofingData\004099.jpg,004099,bona_fide,0,0.00017480265523772687,0,1
C:\Users\Zander Truong\Documents\coding\ekyc-face-pad\data\raw\celeba_spoof\SpoofingData\007683.jpg,007683,photo,1,0.9428101181983948,1,1
C:\Users\Zander Truong\Documents\coding\ekyc-face-pad\data\raw\celeba_spoof\SpoofingData\009439.jpg,009439,photo,1,0.9618363976478577,1,1
C:\Users\Zander Truong\Documents\coding\ekyc-face-pad\data\raw\celeba_spoof\SpoofingData\008181.jpg,008181,photo,1,0.9953599572181702,1,1
C:\Users\Zander Truong\Documents\coding\ekyc-face-pad\data\raw\celeba_spoof\SpoofingData\003615.jpg,003615,photo,1,0.9572561383247375,1,1
C:\Users\Zander Truong\Documents\coding\ekyc-face-pad\data\raw\celeba_spoof\SpoofingData\002116.jpg,002116,photo,1,0.419881135225296,0,0
C:\Users\Zander Truong\Documents\coding\ekyc-face-pad\data\raw\celeba_spoof\SpoofingData\001899.jpg,001899,bona_fide,0,0.0805150493979454,0,1
C:\Users\Zander Truong\Documents\coding\ekyc-face-pad\data\raw\celeba_spoof\SpoofingData\001994.jpg,001994,photo,1,0.9165714979171753,1,1
C:\Users\Zander Truong\Documents\coding\ekyc-face-pad\data\raw\celeba_spoof\SpoofingData\007500.jpg,007500,photo,1,0.8540676236152649,1,1
C:\Users\Zander Truong\Documents\coding\ekyc-face-pad\data\raw\celeba_spoof\SpoofingData\011323.jpg,011323,photo,1,0.9991611242294312,1,1
C:\Users\Zander Truong\Documents\coding\ekyc-face-pad\data\raw\celeba_spoof\SpoofingData\013130.jpg,013130,bona_fide,0,0.00013312594091985375,0,1
C:\Users\Zander Truong\Documents\coding\ekyc-face-pad\data\raw\celeba_spoof\SpoofingData\010727.jpg,010727,bona_fide,0,0.0009361864067614079,0,1
C:\Users\Zander Truong\Documents\coding\ekyc-face-pad\data\raw\celeba_spoof\SpoofingData\009557.jpg,009557,bona_fide,0,0.05328693985939026,0,1
C:\Users\Zander Truong\Documents\coding\ekyc-face-pad\data\raw\celeba_spoof\SpoofingData\000312.jpg,000312,photo,1,0.982055127620697,1,1
C:\Users\Zander Truong\Documents\coding\ekyc-face-pad\data\raw\celeba_spoof\SpoofingData\002929.jpg,002929,photo,1,0.6150252223014832,1,1
C:\Users\Zander Truong\Documents\coding\ekyc-face-pad\data\raw\celeba_spoof\SpoofingData\004686.jpg,004686,photo,1,0.9891319870948792,1,1
C:\Users\Zander Truong\Documents\coding\ekyc-face-pad\data\raw\celeba_spoof\SpoofingData\011188.jpg,011188,photo,1,0.9625992774963379,1,1
C:\Users\Zander Truong\Documents\coding\ekyc-face-pad\data\raw\celeba_spoof\SpoofingData\014132.jpg,014132,bona_fide,0,0.9929416179656982,1,0
C:\Users\Zander Truong\Documents\coding\ekyc-face-pad\data\raw\celeba_spoof\SpoofingData\007704.jpg,007704,photo,1,0.9785336852073669,1,1
C:\Users\Zander Truong\Documents\coding\ekyc-face-pad\data\raw\celeba_spoof\SpoofingData\007836.jpg,007836,bona_fide,0,6.703780400130199e-06,0,1
C:\Users\Zander Truong\Documents\coding\ekyc-face-pad\data\raw\celeba_spoof\SpoofingData\006761.jpg,006761,photo,1,0.1526728719472885,0,0
C:\Users\Zander Truong\Documents\coding\ekyc-face-pad\data\raw\celeba_spoof\SpoofingData\014400.jpg,014400,bona_fide,0,0.00016141630476340652,0,1
C:\Users\Zander Truong\Documents\coding\ekyc-face-pad\data\raw\celeba_spoof\SpoofingData\011761.jpg,011761,bona_fide,0,0.001793321454897523,0,1
C:\Users\Zander Truong\Documents\coding\ekyc-face-pad\data\raw\celeba_spoof\SpoofingData\001349.jpg,001349,photo,1,0.9945299029350281,1,1
C:\Users\Zander Truong\Documents\coding\ekyc-face-pad\data\raw\celeba_spoof\SpoofingData\004401.jpg,004401,bona_fide,0,0.0006800382398068905,0,1
C:\Users\Zander Truong\Documents\coding\ekyc-face-pad\data\raw\celeba_spoof\SpoofingData\002958.jpg,002958,photo,1,0.9998315572738647,1,1
C:\Users\Zander Truong\Documents\coding\ekyc-face-pad\data\raw\celeba_spoof\SpoofingData\015117.jpg,015117,photo,1,0.9998212456703186,1,1
C:\Users\Zander Truong\Documents\coding\ekyc-face-pad\data\raw\celeba_spoof\SpoofingData\003748.jpg,003748,photo,1,0.5762220025062561,1,1
C:\Users\Zander Truong\Documents\coding\ekyc-face-pad\data\raw\celeba_spoof\SpoofingData\004970.jpg,004970,photo,1,0.9997115731239319,1,1
C:\Users\Zander Truong\Documents\coding\ekyc-face-pad\data\raw\celeba_spoof\SpoofingData\001847.jpg,001847,photo,1,0.594932496547699,1,1
C:\Users\Zander Truong\Documents\coding\ekyc-face-pad\data\raw\celeba_spoof\SpoofingData\001953.jpg,001953,photo,1,0.9972086548805237,1,1
C:\Users\Zander Truong\Documents\coding\ekyc-face-pad\data\raw\celeba_spoof\SpoofingData\013260.jpg,013260,bona_fide,0,0.004596771206706762,0,1
C:\Users\Zander Truong\Documents\coding\ekyc-face-pad\data\raw\celeba_spoof\SpoofingData\006580.jpg,006580,photo,1,0.9985040426254272,1,1
C:\Users\Zander Truong\Documents\coding\ekyc-face-pad\data\raw\celeba_spoof\SpoofingData\014096.jpg,014096,photo,1,0.3040371835231781,0,0
C:\Users\Zander Truong\Documents\coding\ekyc-face-pad\data\raw\celeba_spoof\SpoofingData\014994.jpg,014994,photo,1,0.9992732405662537,1,1
C:\Users\Zander Truong\Documents\coding\ekyc-face-pad\data\raw\celeba_spoof\SpoofingData\007178.jpg,007178,bona_fide,0,0.9856072664260864,1,0
C:\Users\Zander Truong\Documents\coding\ekyc-face-pad\data\raw\celeba_spoof\SpoofingData\004797.jpg,004797,photo,1,0.9999455213546753,1,1
C:\Users\Zander Truong\Documents\coding\ekyc-face-pad\data\raw\celeba_spoof\SpoofingData\003218.jpg,003218,photo,1,0.9920167922973633,1,1
C:\Users\Zander Truong\Documents\coding\ekyc-face-pad\data\raw\celeba_spoof\SpoofingData\001058.jpg,001058,photo,1,0.6463764905929565,1,1
C:\Users\Zander Truong\Documents\coding\ekyc-face-pad\data\raw\celeba_spoof\SpoofingData\010847.jpg,010847,photo,1,0.22498372197151184,0,0
C:\Users\Zander Truong\Documents\coding\ekyc-face-pad\data\raw\celeba_spoof\SpoofingData\002828.jpg,002828,bona_fide,0,0.001879925257526338,0,1
C:\Users\Zander Truong\Documents\coding\ekyc-face-pad\data\raw\celeba_spoof\SpoofingData\005326.jpg,005326,bona_fide,0,0.0010799416340887547,0,1
C:\Users\Zander Truong\Documents\coding\ekyc-face-pad\data\raw\celeba_spoof\SpoofingData\000174.jpg,000174,photo,1,0.8554344177246094,1,1
C:\Users\Zander Truong\Documents\coding\ekyc-face-pad\data\raw\celeba_spoof\SpoofingData\004606.jpg,004606,photo,1,0.9963611960411072,1,1
C:\Users\Zander Truong\Documents\coding\ekyc-face-pad\data\raw\celeba_spoof\SpoofingData\015570.jpg,015570,bona_fide,0,0.01112736389040947,0,1
C:\Users\Zander Truong\Documents\coding\ekyc-face-pad\data\raw\celeba_spoof\SpoofingData\004133.jpg,004133,photo,1,0.9998156428337097,1,1
C:\Users\Zander Truong\Documents\coding\ekyc-face-pad\data\raw\celeba_spoof\SpoofingData\013722.jpg,013722,photo,1,0.998237133026123,1,1
C:\Users\Zander Truong\Documents\coding\ekyc-face-pad\data\raw\celeba_spoof\SpoofingData\005891.jpg,005891,bona_fide,0,0.0732712522149086,0,1
C:\Users\Zander Truong\Documents\coding\ekyc-face-pad\data\raw\celeba_spoof\SpoofingData\012592.jpg,012592,photo,1,0.989700436592102,1,1
C:\Users\Zander Truong\Documents\coding\ekyc-face-pad\data\raw\celeba_spoof\SpoofingData\006748.jpg,006748,bona_fide,0,0.3474825918674469,0,1
C:\Users\Zander Truong\Documents\coding\ekyc-face-pad\data\raw\celeba_spoof\SpoofingData\002712.jpg,002712,photo,1,0.6663353443145752,1,1
C:\Users\Zander Truong\Documents\coding\ekyc-face-pad\data\raw\celeba_spoof\SpoofingData\010645.jpg,010645,photo,1,0.9994657635688782,1,1
C:\Users\Zander Truong\Documents\coding\ekyc-face-pad\data\raw\celeba_spoof\SpoofingData\003108.jpg,003108,photo,1,0.9995573163032532,1,1
C:\Users\Zander Truong\Documents\coding\ekyc-face-pad\data\raw\celeba_spoof\SpoofingData\016663.jpg,016663,photo,1,0.9987298846244812,1,1
C:\Users\Zander Truong\Documents\coding\ekyc-face-pad\data\raw\celeba_spoof\SpoofingData\003464.jpg,003464,photo,1,0.29365837574005127,0,0
C:\Users\Zander Truong\Documents\coding\ekyc-face-pad\data\raw\celeba_spoof\SpoofingData\001547.jpg,001547,photo,1,0.9872523546218872,1,1
C:\Users\Zander Truong\Documents\coding\ekyc-face-pad\data\raw\celeba_spoof\SpoofingData\012798.jpg,012798,photo,1,0.9991227984428406,1,1
C:\Users\Zander Truong\Documents\coding\ekyc-face-pad\data\raw\celeba_spoof\SpoofingData\006991.jpg,006991,bona_fide,0,0.00012332340702414513,0,1
C:\Users\Zander Truong\Documents\coding\ekyc-face-pad\data\raw\celeba_spoof\SpoofingData\011887.jpg,011887,photo,1,0.9990936517715454,1,1
C:\Users\Zander Truong\Documents\coding\ekyc-face-pad\data\raw\celeba_spoof\SpoofingData\009461.jpg,009461,bona_fide,0,3.0706643883604556e-05,0,1
C:\Users\Zander Truong\Documents\coding\ekyc-face-pad\data\raw\celeba_spoof\SpoofingData\011567.jpg,011567,bona_fide,0,0.0030641420744359493,0,1
C:\Users\Zander Truong\Documents\coding\ekyc-face-pad\data\raw\celeba_spoof\SpoofingData\017067.jpg,017067,bona_fide,0,0.08872642368078232,0,1
C:\Users\Zander Truong\Documents\coding\ekyc-face-pad\data\raw\celeba_spoof\SpoofingData\014582.jpg,014582,photo,1,0.9887418150901794,1,1
C:\Users\Zander Truong\Documents\coding\ekyc-face-pad\data\raw\celeba_spoof\SpoofingData\000570.jpg,000570,bona_fide,0,0.024650685489177704,0,1
C:\Users\Zander Truong\Documents\coding\ekyc-face-pad\data\raw\celeba_spoof\SpoofingData\011563.jpg,011563,photo,1,0.9969990253448486,1,1
C:\Users\Zander Truong\Documents\coding\ekyc-face-pad\data\raw\celeba_spoof\SpoofingData\015076.jpg,015076,photo,1,0.9995126724243164,1,1
C:\Users\Zander Truong\Documents\coding\ekyc-face-pad\data\raw\celeba_spoof\SpoofingData\003997.jpg,003997,photo,1,0.9988104104995728,1,1
C:\Users\Zander Truong\Documents\coding\ekyc-face-pad\data\raw\celeba_spoof\SpoofingData\004128.jpg,004128,photo,1,0.9998369216918945,1,1
C:\Users\Zander Truong\Documents\coding\ekyc-face-pad\data\raw\celeba_spoof\SpoofingData\003500.jpg,003500,photo,1,0.9028318524360657,1,1
C:\Users\Zander Truong\Documents\coding\ekyc-face-pad\data\raw\celeba_spoof\SpoofingData\015585.jpg,015585,bona_fide,0,0.19532795250415802,0,1
C:\Users\Zander Truong\Documents\coding\ekyc-face-pad\data\raw\celeba_spoof\SpoofingData\004562.jpg,004562,photo,1,0.9945348501205444,1,1
C:\Users\Zander Truong\Documents\coding\ekyc-face-pad\data\raw\celeba_spoof\SpoofingData\009397.jpg,009397,bona_fide,0,0.008817469701170921,0,1
C:\Users\Zander Truong\Documents\coding\ekyc-face-pad\data\raw\celeba_spoof\SpoofingData\001395.jpg,001395,photo,1,0.9693207144737244,1,1
C:\Users\Zander Truong\Documents\coding\ekyc-face-pad\data\raw\celeba_spoof\SpoofingData\016283.jpg,016283,photo,1,0.005335255991667509,0,0
C:\Users\Zander Truong\Documents\coding\ekyc-face-pad\data\raw\celeba_spoof\SpoofingData\002525.jpg,002525,photo,1,0.9948431253433228,1,1
C:\Users\Zander Truong\Documents\coding\ekyc-face-pad\data\raw\celeba_spoof\SpoofingData\012782.jpg,012782,photo,1,0.9978606104850769,1,1
C:\Users\Zander Truong\Documents\coding\ekyc-face-pad\data\raw\celeba_spoof\SpoofingData\006191.jpg,006191,photo,1,0.9554487466812134,1,1
C:\Users\Zander Truong\Documents\coding\ekyc-face-pad\data\raw\celeba_spoof\SpoofingData\012801.jpg,012801,photo,1,0.9982870221138,1,1
C:\Users\Zander Truong\Documents\coding\ekyc-face-pad\data\raw\celeba_spoof\SpoofingData\014241.jpg,014241,photo,1,0.8172423839569092,1,1
C:\Users\Zander Truong\Documents\coding\ekyc-face-pad\data\raw\celeba_spoof\SpoofingData\016729.jpg,016729,bona_fide,0,0.00012412152136676013,0,1
C:\Users\Zander Truong\Documents\coding\ekyc-face-pad\data\raw\celeba_spoof\SpoofingData\007276.jpg,007276,bona_fide,0,0.00526523357257247,0,1
C:\Users\Zander Truong\Documents\coding\ekyc-face-pad\data\raw\celeba_spoof\SpoofingData\013575.jpg,013575,bona_fide,0,0.010673240758478642,0,1
C:\Users\Zander Truong\Documents\coding\ekyc-face-pad\data\raw\celeba_spoof\SpoofingData\007370.jpg,007370,bona_fide,0,0.015578337013721466,0,1
C:\Users\Zander Truong\Documents\coding\ekyc-face-pad\data\raw\celeba_spoof\SpoofingData\015266.jpg,015266,photo,1,0.9994051456451416,1,1
C:\Users\Zander Truong\Documents\coding\ekyc-face-pad\data\raw\celeba_spoof\SpoofingData\005009.jpg,005009,photo,1,0.9803844690322876,1,1
C:\Users\Zander Truong\Documents\coding\ekyc-face-pad\data\raw\celeba_spoof\SpoofingData\011846.jpg,011846,photo,1,0.8256047964096069,1,1
C:\Users\Zander Truong\Documents\coding\ekyc-face-pad\data\raw\celeba_spoof\SpoofingData\000850.jpg,000850,photo,1,0.9240899085998535,1,1
C:\Users\Zander Truong\Documents\coding\ekyc-face-pad\data\raw\celeba_spoof\SpoofingData\016891.jpg,016891,photo,1,0.999954104423523,1,1
C:\Users\Zander Truong\Documents\coding\ekyc-face-pad\data\raw\celeba_spoof\SpoofingData\006947.jpg,006947,photo,1,0.9999821186065674,1,1
C:\Users\Zander Truong\Documents\coding\ekyc-face-pad\data\raw\celeba_spoof\SpoofingData\010643.jpg,010643,bona_fide,0,0.00014630079385824502,0,1
C:\Users\Zander Truong\Documents\coding\ekyc-face-pad\data\raw\celeba_spoof\SpoofingData\009258.jpg,009258,photo,1,0.9888817667961121,1,1
C:\Users\Zander Truong\Documents\coding\ekyc-face-pad\data\raw\celeba_spoof\SpoofingData\003693.jpg,003693,bona_fide,0,0.5996053218841553,1,0
C:\Users\Zander Truong\Documents\coding\ekyc-face-pad\data\raw\celeba_spoof\SpoofingData\009967.jpg,009967,photo,1,0.91843181848526,1,1
C:\Users\Zander Truong\Documents\coding\ekyc-face-pad\data\raw\celeba_spoof\SpoofingData\006092.jpg,006092,photo,1,0.9995437264442444,1,1
C:\Users\Zander Truong\Documents\coding\ekyc-face-pad\data\raw\celeba_spoof\SpoofingData\009548.jpg,009548,photo,1,0.9985325336456299,1,1
C:\Users\Zander Truong\Documents\coding\ekyc-face-pad\data\raw\celeba_spoof\SpoofingData\014275.jpg,014275,bona_fide,0,0.0011426988057792187,0,1
C:\Users\Zander Truong\Documents\coding\ekyc-face-pad\data\raw\celeba_spoof\SpoofingData\008078.jpg,008078,bona_fide,0,0.0010965127730742097,0,1
C:\Users\Zander Truong\Documents\coding\ekyc-face-pad\data\raw\celeba_spoof\SpoofingData\001371.jpg,001371,photo,1,0.3472261130809784,0,0
C:\Users\Zander Truong\Documents\coding\ekyc-face-pad\data\raw\celeba_spoof\SpoofingData\000981.jpg,000981,photo,1,0.9995383024215698,1,1
C:\Users\Zander Truong\Documents\coding\ekyc-face-pad\data\raw\celeba_spoof\SpoofingData\010548.jpg,010548,photo,1,0.9420772194862366,1,1
C:\Users\Zander Truong\Documents\coding\ekyc-face-pad\data\raw\celeba_spoof\SpoofingData\013507.jpg,013507,photo,1,0.9958716034889221,1,1
C:\Users\Zander Truong\Documents\coding\ekyc-face-pad\data\raw\celeba_spoof\SpoofingData\000359.jpg,000359,bona_fide,0,1.8413682028040057e-06,0,1
C:\Users\Zander Truong\Documents\coding\ekyc-face-pad\data\raw\celeba_spoof\SpoofingData\000847.jpg,000847,photo,1,0.9998142123222351,1,1
C:\Users\Zander Truong\Documents\coding\ekyc-face-pad\data\raw\celeba_spoof\SpoofingData\013226.jpg,013226,photo,1,0.9941105246543884,1,1
C:\Users\Zander Truong\Documents\coding\ekyc-face-pad\data\raw\celeba_spoof\SpoofingData\002406.jpg,002406,photo,1,0.9419453144073486,1,1
C:\Users\Zander Truong\Documents\coding\ekyc-face-pad\data\raw\celeba_spoof\SpoofingData\006821.jpg,006821,photo,1,0.9998641014099121,1,1
C:\Users\Zander Truong\Documents\coding\ekyc-face-pad\data\raw\celeba_spoof\SpoofingData\008011.jpg,008011,bona_fide,0,0.014433478005230427,0,1
C:\Users\Zander Truong\Documents\coding\ekyc-face-pad\data\raw\celeba_spoof\SpoofingData\001230.jpg,001230,photo,1,0.9927242398262024,1,1
C:\Users\Zander Truong\Documents\coding\ekyc-face-pad\data\raw\celeba_spoof\SpoofingData\007907.jpg,007907,photo,1,0.62711501121521,1,1
C:\Users\Zander Truong\Documents\coding\ekyc-face-pad\data\raw\celeba_spoof\SpoofingData\006934.jpg,006934,photo,1,0.9995465874671936,1,1
C:\Users\Zander Truong\Documents\coding\ekyc-face-pad\data\raw\celeba_spoof\SpoofingData\006372.jpg,006372,photo,1,0.4359753727912903,0,0
C:\Users\Zander Truong\Documents\coding\ekyc-face-pad\data\raw\celeba_spoof\SpoofingData\004409.jpg,004409,bona_fide,0,2.1099922378198244e-05,0,1
C:\Users\Zander Truong\Documents\coding\ekyc-face-pad\data\raw\celeba_spoof\SpoofingData\016161.jpg,016161,bona_fide,0,0.06409065425395966,0,1
C:\Users\Zander Truong\Documents\coding\ekyc-face-pad\data\raw\celeba_spoof\SpoofingData\005041.jpg,005041,photo,1,0.9429824948310852,1,1
C:\Users\Zander Truong\Documents\coding\ekyc-face-pad\data\raw\celeba_spoof\SpoofingData\011680.jpg,011680,photo,1,0.8377242684364319,1,1
C:\Users\Zander Truong\Documents\coding\ekyc-face-pad\data\raw\celeba_spoof\SpoofingData\016950.jpg,016950,photo,1,0.9993994235992432,1,1
C:\Users\Zander Truong\Documents\coding\ekyc-face-pad\data\raw\celeba_spoof\SpoofingData\014287.jpg,014287,photo,1,0.9990196228027344,1,1
C:\Users\Zander Truong\Documents\coding\ekyc-face-pad\data\raw\celeba_spoof\SpoofingData\014177.jpg,014177,photo,1,0.9991893172264099,1,1
C:\Users\Zander Truong\Documents\coding\ekyc-face-pad\data\raw\celeba_spoof\SpoofingData\001971.jpg,001971,photo,1,0.9936811923980713,1,1
C:\Users\Zander Truong\Documents\coding\ekyc-face-pad\data\raw\celeba_spoof\SpoofingData\003635.jpg,003635,bona_fide,0,0.2077849954366684,0,1
C:\Users\Zander Truong\Documents\coding\ekyc-face-pad\data\raw\celeba_spoof\SpoofingData\014698.jpg,014698,photo,1,0.43562814593315125,0,0
C:\Users\Zander Truong\Documents\coding\ekyc-face-pad\data\raw\celeba_spoof\SpoofingData\013317.jpg,013317,photo,1,0.7054286003112793,1,1
C:\Users\Zander Truong\Documents\coding\ekyc-face-pad\data\raw\celeba_spoof\SpoofingData\012857.jpg,012857,photo,1,0.04241666942834854,0,0
C:\Users\Zander Truong\Documents\coding\ekyc-face-pad\data\raw\celeba_spoof\SpoofingData\002220.jpg,002220,photo,1,0.7862939238548279,1,1
C:\Users\Zander Truong\Documents\coding\ekyc-face-pad\data\raw\celeba_spoof\SpoofingData\017062.jpg,017062,bona_fide,0,0.0013012728886678815,0,1
C:\Users\Zander Truong\Documents\coding\ekyc-face-pad\data\raw\celeba_spoof\SpoofingData\006399.jpg,006399,photo,1,0.9838141202926636,1,1
C:\Users\Zander Truong\Documents\coding\ekyc-face-pad\data\raw\celeba_spoof\SpoofingData\009152.jpg,009152,photo,1,0.9998421669006348,1,1
C:\Users\Zander Truong\Documents\coding\ekyc-face-pad\data\raw\celeba_spoof\SpoofingData\014506.jpg,014506,photo,1,0.9993990659713745,1,1
C:\Users\Zander Truong\Documents\coding\ekyc-face-pad\data\raw\celeba_spoof\SpoofingData\003382.jpg,003382,photo,1,0.9433539509773254,1,1
C:\Users\Zander Truong\Documents\coding\ekyc-face-pad\data\raw\celeba_spoof\SpoofingData\003019.jpg,003019,bona_fide,0,7.710817044426221e-06,0,1
C:\Users\Zander Truong\Documents\coding\ekyc-face-pad\data\raw\celeba_spoof\SpoofingData\017295.jpg,017295,bona_fide,0,0.10279230773448944,0,1
C:\Users\Zander Truong\Documents\coding\ekyc-face-pad\data\raw\celeba_spoof\SpoofingData\009255.jpg,009255,photo,1,0.9989187717437744,1,1
C:\Users\Zander Truong\Documents\coding\ekyc-face-pad\data\raw\celeba_spoof\SpoofingData\017796.jpg,017796,photo,1,0.9254340529441833,1,1
C:\Users\Zander Truong\Documents\coding\ekyc-face-pad\data\raw\celeba_spoof\SpoofingData\015315.jpg,015315,photo,1,0.9970933198928833,1,1
C:\Users\Zander Truong\Documents\coding\ekyc-face-pad\data\raw\celeba_spoof\SpoofingData\016378.jpg,016378,photo,1,0.915559709072113,1,1
C:\Users\Zander Truong\Documents\coding\ekyc-face-pad\data\raw\celeba_spoof\SpoofingData\009920.jpg,009920,bona_fide,0,7.761789220239734e-07,0,1
C:\Users\Zander Truong\Documents\coding\ekyc-face-pad\data\raw\celeba_spoof\SpoofingData\006358.jpg,006358,bona_fide,0,0.0001271660439670086,0,1
C:\Users\Zander Truong\Documents\coding\ekyc-face-pad\data\raw\celeba_spoof\SpoofingData\017407.jpg,017407,photo,1,0.9970710277557373,1,1
C:\Users\Zander Truong\Documents\coding\ekyc-face-pad\data\raw\celeba_spoof\SpoofingData\005437.jpg,005437,photo,1,0.9999364614486694,1,1
C:\Users\Zander Truong\Documents\coding\ekyc-face-pad\data\raw\celeba_spoof\SpoofingData\017195.jpg,017195,photo,1,0.8660335540771484,1,1
C:\Users\Zander Truong\Documents\coding\ekyc-face-pad\data\raw\celeba_spoof\SpoofingData\008829.jpg,008829,bona_fide,0,0.12467736005783081,0,1
C:\Users\Zander Truong\Documents\coding\ekyc-face-pad\data\raw\celeba_spoof\SpoofingData\001527.jpg,001527,photo,1,0.9999940395355225,1,1
C:\Users\Zander Truong\Documents\coding\ekyc-face-pad\data\raw\celeba_spoof\SpoofingData\006495.jpg,006495,bona_fide,0,0.012178478762507439,0,1
C:\Users\Zander Truong\Documents\coding\ekyc-face-pad\data\raw\celeba_spoof\SpoofingData\005399.jpg,005399,photo,1,0.9900508522987366,1,1
C:\Users\Zander Truong\Documents\coding\ekyc-face-pad\data\raw\celeba_spoof\SpoofingData\016279.jpg,016279,photo,1,0.9963906407356262,1,1
C:\Users\Zander Truong\Documents\coding\ekyc-face-pad\data\raw\celeba_spoof\SpoofingData\000425.jpg,000425,photo,1,0.9915573596954346,1,1
C:\Users\Zander Truong\Documents\coding\ekyc-face-pad\data\raw\celeba_spoof\SpoofingData\001422.jpg,001422,photo,1,0.8658086657524109,1,1
C:\Users\Zander Truong\Documents\coding\ekyc-face-pad\data\raw\celeba_spoof\SpoofingData\013925.jpg,013925,photo,1,0.9996194839477539,1,1
C:\Users\Zander Truong\Documents\coding\ekyc-face-pad\data\raw\celeba_spoof\SpoofingData\011718.jpg,011718,photo,1,0.9928489923477173,1,1
C:\Users\Zander Truong\Documents\coding\ekyc-face-pad\data\raw\celeba_spoof\SpoofingData\013633.jpg,013633,bona_fide,0,0.0002510857302695513,0,1
C:\Users\Zander Truong\Documents\coding\ekyc-face-pad\data\raw\celeba_spoof\SpoofingData\005505.jpg,005505,photo,1,0.9993799924850464,1,1
C:\Users\Zander Truong\Documents\coding\ekyc-face-pad\data\raw\celeba_spoof\SpoofingData\009341.jpg,009341,photo,1,0.9318637847900391,1,1
C:\Users\Zander Truong\Documents\coding\ekyc-face-pad\data\raw\celeba_spoof\SpoofingData\008302.jpg,008302,bona_fide,0,0.02907673455774784,0,1
C:\Users\Zander Truong\Documents\coding\ekyc-face-pad\data\raw\celeba_spoof\SpoofingData\002052.jpg,002052,photo,1,0.9500280618667603,1,1
C:\Users\Zander Truong\Documents\coding\ekyc-face-pad\data\raw\celeba_spoof\SpoofingData\007457.jpg,007457,photo,1,0.8744035363197327,1,1
C:\Users\Zander Truong\Documents\coding\ekyc-face-pad\data\raw\celeba_spoof\SpoofingData\012664.jpg,012664,bona_fide,0,0.45732808113098145,0,1
C:\Users\Zander Truong\Documents\coding\ekyc-face-pad\data\raw\celeba_spoof\SpoofingData\010506.jpg,010506,photo,1,0.9999674558639526,1,1
C:\Users\Zander Truong\Documents\coding\ekyc-face-pad\data\raw\celeba_spoof\SpoofingData\000456.jpg,000456,photo,1,0.9990909099578857,1,1
C:\Users\Zander Truong\Documents\coding\ekyc-face-pad\data\raw\celeba_spoof\SpoofingData\009460.jpg,009460,bona_fide,0,0.002530870493501425,0,1
C:\Users\Zander Truong\Documents\coding\ekyc-face-pad\data\raw\celeba_spoof\SpoofingData\016518.jpg,016518,photo,1,0.9832763671875,1,1
C:\Users\Zander Truong\Documents\coding\ekyc-face-pad\data\raw\celeba_spoof\SpoofingData\015184.jpg,015184,bona_fide,0,0.05264304578304291,0,1
C:\Users\Zander Truong\Documents\coding\ekyc-face-pad\data\raw\celeba_spoof\SpoofingData\001053.jpg,001053,photo,1,0.9839274287223816,1,1
C:\Users\Zander Truong\Documents\coding\ekyc-face-pad\data\raw\celeba_spoof\SpoofingData\007237.jpg,007237,photo,1,0.7130866050720215,1,1
C:\Users\Zander Truong\Documents\coding\ekyc-face-pad\data\raw\celeba_spoof\SpoofingData\012116.jpg,012116,photo,1,0.853800356388092,1,1
C:\Users\Zander Truong\Documents\coding\ekyc-face-pad\data\raw\celeba_spoof\SpoofingData\010677.jpg,010677,bona_fide,0,0.002059570513665676,0,1
C:\Users\Zander Truong\Documents\coding\ekyc-face-pad\data\raw\celeba_spoof\SpoofingData\004638.jpg,004638,bona_fide,0,0.15036891400814056,0,1
C:\Users\Zander Truong\Documents\coding\ekyc-face-pad\data\raw\celeba_spoof\SpoofingData\015411.jpg,015411,photo,1,0.9999916553497314,1,1
C:\Users\Zander Truong\Documents\coding\ekyc-face-pad\data\raw\celeba_spoof\SpoofingData\001401.jpg,001401,photo,1,0.959604024887085,1,1
C:\Users\Zander Truong\Documents\coding\ekyc-face-pad\data\raw\celeba_spoof\SpoofingData\017534.jpg,017534,photo,1,0.9893057346343994,1,1
C:\Users\Zander Truong\Documents\coding\ekyc-face-pad\data\raw\celeba_spoof\SpoofingData\015640.jpg,015640,photo,1,0.9991717338562012,1,1
C:\Users\Zander Truong\Documents\coding\ekyc-face-pad\data\raw\celeba_spoof\SpoofingData\004321.jpg,004321,photo,1,0.9526593089103699,1,1
C:\Users\Zander Truong\Documents\coding\ekyc-face-pad\data\raw\celeba_spoof\SpoofingData\016267.jpg,016267,photo,1,0.9999145269393921,1,1
C:\Users\Zander Truong\Documents\coding\ekyc-face-pad\data\raw\celeba_spoof\SpoofingData\014028.jpg,014028,photo,1,0.7966480255126953,1,1
C:\Users\Zander Truong\Documents\coding\ekyc-face-pad\data\raw\celeba_spoof\SpoofingData\000652.jpg,000652,photo,1,0.4965485632419586,0,0
C:\Users\Zander Truong\Documents\coding\ekyc-face-pad\data\raw\celeba_spoof\SpoofingData\004041.jpg,004041,photo,1,0.9900311231613159,1,1
C:\Users\Zander Truong\Documents\coding\ekyc-face-pad\data\raw\celeba_spoof\SpoofingData\005970.jpg,005970,photo,1,0.9197565317153931,1,1
C:\Users\Zander Truong\Documents\coding\ekyc-face-pad\data\raw\celeba_spoof\SpoofingData\001598.jpg,001598,photo,1,0.9998830556869507,1,1
C:\Users\Zander Truong\Documents\coding\ekyc-face-pad\data\raw\celeba_spoof\SpoofingData\011048.jpg,011048,photo,1,0.9592776894569397,1,1
C:\Users\Zander Truong\Documents\coding\ekyc-face-pad\data\raw\celeba_spoof\SpoofingData\009011.jpg,009011,photo,1,0.9448336362838745,1,1
C:\Users\Zander Truong\Documents\coding\ekyc-face-pad\data\raw\celeba_spoof\SpoofingData\016416.jpg,016416,bona_fide,0,0.02837839536368847,0,1
C:\Users\Zander Truong\Documents\coding\ekyc-face-pad\data\raw\celeba_spoof\SpoofingData\014925.jpg,014925,bona_fide,0,0.0003502986510284245,0,1
C:\Users\Zander Truong\Documents\coding\ekyc-face-pad\data\raw\celeba_spoof\SpoofingData\008140.jpg,008140,bona_fide,0,0.006855019833892584,0,1
C:\Users\Zander Truong\Documents\coding\ekyc-face-pad\data\raw\celeba_spoof\SpoofingData\011273.jpg,011273,photo,1,0.9995014667510986,1,1
C:\Users\Zander Truong\Documents\coding\ekyc-face-pad\data\raw\celeba_spoof\SpoofingData\014392.jpg,014392,bona_fide,0,5.146326657268219e-05,0,1
C:\Users\Zander Truong\Documents\coding\ekyc-face-pad\data\raw\celeba_spoof\SpoofingData\008713.jpg,008713,photo,1,0.9993566870689392,1,1
C:\Users\Zander Truong\Documents\coding\ekyc-face-pad\data\raw\celeba_spoof\SpoofingData\014595.jpg,014595,photo,1,0.9882940053939819,1,1
C:\Users\Zander Truong\Documents\coding\ekyc-face-pad\data\raw\celeba_spoof\SpoofingData\007951.jpg,007951,photo,1,0.9811029434204102,1,1
C:\Users\Zander Truong\Documents\coding\ekyc-face-pad\data\raw\celeba_spoof\SpoofingData\010639.jpg,010639,photo,1,0.7556292414665222,1,1
C:\Users\Zander Truong\Documents\coding\ekyc-face-pad\data\raw\celeba_spoof\SpoofingData\015255.jpg,015255,bona_fide,0,0.008324147202074528,0,1
C:\Users\Zander Truong\Documents\coding\ekyc-face-pad\data\raw\celeba_spoof\SpoofingData\003521.jpg,003521,bona_fide,0,0.01886860281229019,0,1
C:\Users\Zander Truong\Documents\coding\ekyc-face-pad\data\raw\celeba_spoof\SpoofingData\009781.jpg,009781,photo,1,0.9998493194580078,1,1
C:\Users\Zander Truong\Documents\coding\ekyc-face-pad\data\raw\celeba_spoof\SpoofingData\012727.jpg,012727,photo,1,0.9095413684844971,1,1
C:\Users\Zander Truong\Documents\coding\ekyc-face-pad\data\raw\celeba_spoof\SpoofingData\001690.jpg,001690,photo,1,0.9117369651794434,1,1
C:\Users\Zander Truong\Documents\coding\ekyc-face-pad\data\raw\celeba_spoof\SpoofingData\012471.jpg,012471,photo,1,0.9670943021774292,1,1
C:\Users\Zander Truong\Documents\coding\ekyc-face-pad\data\raw\celeba_spoof\SpoofingData\001799.jpg,001799,bona_fide,0,0.00043017370626330376,0,1
C:\Users\Zander Truong\Documents\coding\ekyc-face-pad\data\raw\celeba_spoof\SpoofingData\010558.jpg,010558,photo,1,0.9984329342842102,1,1
C:\Users\Zander Truong\Documents\coding\ekyc-face-pad\data\raw\celeba_spoof\SpoofingData\016476.jpg,016476,bona_fide,0,0.003428790718317032,0,1
C:\Users\Zander Truong\Documents\coding\ekyc-face-pad\data\raw\celeba_spoof\SpoofingData\008697.jpg,008697,photo,1,0.7273484468460083,1,1
C:\Users\Zander Truong\Documents\coding\ekyc-face-pad\data\raw\celeba_spoof\SpoofingData\017790.jpg,017790,photo,1,0.9986743927001953,1,1
C:\Users\Zander Truong\Documents\coding\ekyc-face-pad\data\raw\celeba_spoof\SpoofingData\009696.jpg,009696,photo,1,0.9984835982322693,1,1
C:\Users\Zander Truong\Documents\coding\ekyc-face-pad\data\raw\celeba_spoof\SpoofingData\002266.jpg,002266,bona_fide,0,0.4464406967163086,0,1
C:\Users\Zander Truong\Documents\coding\ekyc-face-pad\data\raw\celeba_spoof\SpoofingData\012075.jpg,012075,photo,1,0.9986279010772705,1,1
C:\Users\Zander Truong\Documents\coding\ekyc-face-pad\data\raw\celeba_spoof\SpoofingData\012334.jpg,012334,photo,1,0.9999910593032837,1,1
C:\Users\Zander Truong\Documents\coding\ekyc-face-pad\data\raw\celeba_spoof\SpoofingData\005730.jpg,005730,photo,1,0.9992608428001404,1,1
C:\Users\Zander Truong\Documents\coding\ekyc-face-pad\data\raw\celeba_spoof\SpoofingData\008699.jpg,008699,photo,1,0.9769672155380249,1,1
C:\Users\Zander Truong\Documents\coding\ekyc-face-pad\data\raw\celeba_spoof\SpoofingData\016399.jpg,016399,photo,1,0.9991851449012756,1,1
C:\Users\Zander Truong\Documents\coding\ekyc-face-pad\data\raw\celeba_spoof\SpoofingData\012298.jpg,012298,photo,1,0.9773522019386292,1,1
C:\Users\Zander Truong\Documents\coding\ekyc-face-pad\data\raw\celeba_spoof\SpoofingData\013589.jpg,013589,photo,1,0.9998475313186646,1,1
C:\Users\Zander Truong\Documents\coding\ekyc-face-pad\data\raw\celeba_spoof\SpoofingData\002046.jpg,002046,photo,1,0.9536409378051758,1,1
C:\Users\Zander Truong\Documents\coding\ekyc-face-pad\data\raw\celeba_spoof\SpoofingData\012529.jpg,012529,bona_fide,0,3.7785659969813423e-06,0,1
C:\Users\Zander Truong\Documents\coding\ekyc-face-pad\data\raw\celeba_spoof\SpoofingData\005920.jpg,005920,photo,1,0.9976073503494263,1,1
C:\Users\Zander Truong\Documents\coding\ekyc-face-pad\data\raw\celeba_spoof\SpoofingData\006306.jpg,006306,bona_fide,0,0.3072088956832886,0,1
C:\Users\Zander Truong\Documents\coding\ekyc-face-pad\data\raw\celeba_spoof\SpoofingData\011240.jpg,011240,photo,1,0.9991722106933594,1,1
C:\Users\Zander Truong\Documents\coding\ekyc-face-pad\data\raw\celeba_spoof\SpoofingData\014714.jpg,014714,bona_fide,0,0.006581170950084925,0,1
C:\Users\Zander Truong\Documents\coding\ekyc-face-pad\data\raw\celeba_spoof\SpoofingData\007097.jpg,007097,photo,1,0.9987297654151917,1,1
C:\Users\Zander Truong\Documents\coding\ekyc-face-pad\data\raw\celeba_spoof\SpoofingData\011752.jpg,011752,bona_fide,0,0.6662041544914246,1,0
C:\Users\Zander Truong\Documents\coding\ekyc-face-pad\data\raw\celeba_spoof\SpoofingData\010338.jpg,010338,photo,1,0.6670721173286438,1,1
C:\Users\Zander Truong\Documents\coding\ekyc-face-pad\data\raw\celeba_spoof\SpoofingData\013787.jpg,013787,photo,1,0.6627678275108337,1,1
C:\Users\Zander Truong\Documents\coding\ekyc-face-pad\data\raw\celeba_spoof\SpoofingData\011856.jpg,011856,photo,1,0.9997201561927795,1,1
C:\Users\Zander Truong\Documents\coding\ekyc-face-pad\data\raw\celeba_spoof\SpoofingData\015098.jpg,015098,photo,1,0.9999911785125732,1,1
C:\Users\Zander Truong\Documents\coding\ekyc-face-pad\data\raw\celeba_spoof\SpoofingData\011817.jpg,011817,bona_fide,0,0.32032668590545654,0,1
C:\Users\Zander Truong\Documents\coding\ekyc-face-pad\data\raw\celeba_spoof\SpoofingData\001718.jpg,001718,photo,1,0.951919436454773,1,1
C:\Users\Zander Truong\Documents\coding\ekyc-face-pad\data\raw\celeba_spoof\SpoofingData\004008.jpg,004008,photo,1,0.9978169202804565,1,1
C:\Users\Zander Truong\Documents\coding\ekyc-face-pad\data\raw\celeba_spoof\SpoofingData\011252.jpg,011252,photo,1,0.9980633854866028,1,1
C:\Users\Zander Truong\Documents\coding\ekyc-face-pad\data\raw\celeba_spoof\SpoofingData\016202.jpg,016202,photo,1,0.99433434009552,1,1
C:\Users\Zander Truong\Documents\coding\ekyc-face-pad\data\raw\celeba_spoof\SpoofingData\000195.jpg,000195,photo,1,0.9933813810348511,1,1
C:\Users\Zander Truong\Documents\coding\ekyc-face-pad\data\raw\celeba_spoof\SpoofingData\004132.jpg,004132,bona_fide,0,0.003022227669134736,0,1
C:\Users\Zander Truong\Documents\coding\ekyc-face-pad\data\raw\celeba_spoof\SpoofingData\016425.jpg,016425,photo,1,0.978706955909729,1,1
C:\Users\Zander Truong\Documents\coding\ekyc-face-pad\data\raw\celeba_spoof\SpoofingData\007344.jpg,007344,bona_fide,0,0.9667317867279053,1,0
C:\Users\Zander Truong\Documents\coding\ekyc-face-pad\data\raw\celeba_spoof\SpoofingData\012970.jpg,012970,photo,1,0.9887575507164001,1,1
C:\Users\Zander Truong\Documents\coding\ekyc-face-pad\data\raw\celeba_spoof\SpoofingData\011158.jpg,011158,photo,1,0.9668430685997009,1,1
C:\Users\Zander Truong\Documents\coding\ekyc-face-pad\data\raw\celeba_spoof\SpoofingData\017949.jpg,017949,photo,1,0.9992788434028625,1,1
C:\Users\Zander Truong\Documents\coding\ekyc-face-pad\data\raw\celeba_spoof\SpoofingData\008416.jpg,008416,photo,1,0.9952635765075684,1,1
C:\Users\Zander Truong\Documents\coding\ekyc-face-pad\data\raw\celeba_spoof\SpoofingData\000924.jpg,000924,photo,1,0.8677263855934143,1,1
C:\Users\Zander Truong\Documents\coding\ekyc-face-pad\data\raw\celeba_spoof\SpoofingData\013053.jpg,013053,bona_fide,0,0.1707978993654251,0,1
C:\Users\Zander Truong\Documents\coding\ekyc-face-pad\data\raw\celeba_spoof\SpoofingData\016131.jpg,016131,bona_fide,0,2.202048563049175e-06,0,1
C:\Users\Zander Truong\Documents\coding\ekyc-face-pad\data\raw\celeba_spoof\SpoofingData\015858.jpg,015858,bona_fide,0,0.24819858372211456,0,1
C:\Users\Zander Truong\Documents\coding\ekyc-face-pad\data\raw\celeba_spoof\SpoofingData\004438.jpg,004438,photo,1,0.9979813694953918,1,1
C:\Users\Zander Truong\Documents\coding\ekyc-face-pad\data\raw\celeba_spoof\SpoofingData\017504.jpg,017504,photo,1,0.9989179372787476,1,1
C:\Users\Zander Truong\Documents\coding\ekyc-face-pad\data\raw\celeba_spoof\SpoofingData\004373.jpg,004373,photo,1,0.9997836947441101,1,1
C:\Users\Zander Truong\Documents\coding\ekyc-face-pad\data\raw\celeba_spoof\SpoofingData\017618.jpg,017618,bona_fide,0,8.950121264206246e-05,0,1
C:\Users\Zander Truong\Documents\coding\ekyc-face-pad\data\raw\celeba_spoof\SpoofingData\011178.jpg,011178,bona_fide,0,1.4737440778844757e-06,0,1
C:\Users\Zander Truong\Documents\coding\ekyc-face-pad\data\raw\celeba_spoof\SpoofingData\002744.jpg,002744,photo,1,0.9987185001373291,1,1
C:\Users\Zander Truong\Documents\coding\ekyc-face-pad\data\raw\celeba_spoof\SpoofingData\010388.jpg,010388,photo,1,0.9142032265663147,1,1
C:\Users\Zander Truong\Documents\coding\ekyc-face-pad\data\raw\celeba_spoof\SpoofingData\002788.jpg,002788,bona_fide,0,0.0008485091384500265,0,1
C:\Users\Zander Truong\Documents\coding\ekyc-face-pad\data\raw\celeba_spoof\SpoofingData\007567.jpg,007567,photo,1,0.9990299940109253,1,1
C:\Users\Zander Truong\Documents\coding\ekyc-face-pad\data\raw\celeba_spoof\SpoofingData\008790.jpg,008790,bona_fide,0,0.010991435497999191,0,1
C:\Users\Zander Truong\Documents\coding\ekyc-face-pad\data\raw\celeba_spoof\SpoofingData\006362.jpg,006362,photo,1,0.8733457922935486,1,1
C:\Users\Zander Truong\Documents\coding\ekyc-face-pad\data\raw\celeba_spoof\SpoofingData\000562.jpg,000562,photo,1,0.9853503704071045,1,1
C:\Users\Zander Truong\Documents\coding\ekyc-face-pad\data\raw\celeba_spoof\SpoofingData\006537.jpg,006537,photo,1,0.8325474858283997,1,1
C:\Users\Zander Truong\Documents\coding\ekyc-face-pad\data\raw\celeba_spoof\SpoofingData\016552.jpg,016552,photo,1,0.9739255905151367,1,1
C:\Users\Zander Truong\Documents\coding\ekyc-face-pad\data\raw\celeba_spoof\SpoofingData\006458.jpg,006458,photo,1,0.9993502497673035,1,1
C:\Users\Zander Truong\Documents\coding\ekyc-face-pad\data\raw\celeba_spoof\SpoofingData\002633.jpg,002633,photo,1,0.9926702976226807,1,1
C:\Users\Zander Truong\Documents\coding\ekyc-face-pad\data\raw\celeba_spoof\SpoofingData\016401.jpg,016401,bona_fide,0,0.0006769957835786045,0,1
C:\Users\Zander Truong\Documents\coding\ekyc-face-pad\data\raw\celeba_spoof\SpoofingData\001409.jpg,001409,photo,1,0.7621614933013916,1,1
C:\Users\Zander Truong\Documents\coding\ekyc-face-pad\data\raw\celeba_spoof\SpoofingData\013047.jpg,013047,photo,1,0.978337824344635,1,1
C:\Users\Zander Truong\Documents\coding\ekyc-face-pad\data\raw\celeba_spoof\SpoofingData\008668.jpg,008668,bona_fide,0,4.00434473704081e-05,0,1
C:\Users\Zander Truong\Documents\coding\ekyc-face-pad\data\raw\celeba_spoof\SpoofingData\010553.jpg,010553,photo,1,0.9997214674949646,1,1
C:\Users\Zander Truong\Documents\coding\ekyc-face-pad\data\raw\celeba_spoof\SpoofingData\006660.jpg,006660,photo,1,0.6299716234207153,1,1
C:\Users\Zander Truong\Documents\coding\ekyc-face-pad\data\raw\celeba_spoof\SpoofingData\007970.jpg,007970,bona_fide,0,5.230301758274436e-05,0,1
C:\Users\Zander Truong\Documents\coding\ekyc-face-pad\data\raw\celeba_spoof\SpoofingData\016590.jpg,016590,bona_fide,0,0.6203417778015137,1,0
C:\Users\Zander Truong\Documents\coding\ekyc-face-pad\data\raw\celeba_spoof\SpoofingData\008904.jpg,008904,bona_fide,0,0.12264944612979889,0,1
C:\Users\Zander Truong\Documents\coding\ekyc-face-pad\data\raw\celeba_spoof\SpoofingData\003042.jpg,003042,photo,1,0.9935518503189087,1,1
C:\Users\Zander Truong\Documents\coding\ekyc-face-pad\data\raw\celeba_spoof\SpoofingData\011143.jpg,011143,photo,1,0.997654139995575,1,1
C:\Users\Zander Truong\Documents\coding\ekyc-face-pad\data\raw\celeba_spoof\SpoofingData\007369.jpg,007369,bona_fide,0,0.009875820949673653,0,1
C:\Users\Zander Truong\Documents\coding\ekyc-face-pad\data\raw\celeba_spoof\SpoofingData\012091.jpg,012091,photo,1,0.9588569402694702,1,1
C:\Users\Zander Truong\Documents\coding\ekyc-face-pad\data\raw\celeba_spoof\SpoofingData\003433.jpg,003433,photo,1,0.9713475704193115,1,1
C:\Users\Zander Truong\Documents\coding\ekyc-face-pad\data\raw\celeba_spoof\SpoofingData\016388.jpg,016388,photo,1,0.9988301396369934,1,1
C:\Users\Zander Truong\Documents\coding\ekyc-face-pad\data\raw\celeba_spoof\SpoofingData\011258.jpg,011258,photo,1,0.9763873815536499,1,1
C:\Users\Zander Truong\Documents\coding\ekyc-face-pad\data\raw\celeba_spoof\SpoofingData\004501.jpg,004501,photo,1,0.7821312546730042,1,1
C:\Users\Zander Truong\Documents\coding\ekyc-face-pad\data\raw\celeba_spoof\SpoofingData\016866.jpg,016866,bona_fide,0,0.8429262042045593,1,0
C:\Users\Zander Truong\Documents\coding\ekyc-face-pad\data\raw\celeba_spoof\SpoofingData\016935.jpg,016935,bona_fide,0,0.018131617456674576,0,1
C:\Users\Zander Truong\Documents\coding\ekyc-face-pad\data\raw\celeba_spoof\SpoofingData\010644.jpg,010644,photo,1,0.9961088299751282,1,1
C:\Users\Zander Truong\Documents\coding\ekyc-face-pad\data\raw\celeba_spoof\SpoofingData\017091.jpg,017091,bona_fide,0,0.00040199924842454493,0,1
C:\Users\Zander Truong\Documents\coding\ekyc-face-pad\data\raw\celeba_spoof\SpoofingData\005196.jpg,005196,photo,1,0.8530630469322205,1,1
C:\Users\Zander Truong\Documents\coding\ekyc-face-pad\data\raw\celeba_spoof\SpoofingData\000925.jpg,000925,bona_fide,0,0.7683785557746887,1,0
C:\Users\Zander Truong\Documents\coding\ekyc-face-pad\data\raw\celeba_spoof\SpoofingData\014057.jpg,014057,bona_fide,0,1.6054229490691796e-05,0,1
C:\Users\Zander Truong\Documents\coding\ekyc-face-pad\data\raw\celeba_spoof\SpoofingData\009955.jpg,009955,photo,1,0.4602980613708496,0,0
C:\Users\Zander Truong\Documents\coding\ekyc-face-pad\data\raw\celeba_spoof\SpoofingData\014783.jpg,014783,photo,1,0.9999834299087524,1,1
C:\Users\Zander Truong\Documents\coding\ekyc-face-pad\data\raw\celeba_spoof\SpoofingData\014736.jpg,014736,photo,1,0.999792754650116,1,1
C:\Users\Zander Truong\Documents\coding\ekyc-face-pad\data\raw\celeba_spoof\SpoofingData\011453.jpg,011453,photo,1,0.9958406090736389,1,1
C:\Users\Zander Truong\Documents\coding\ekyc-face-pad\data\raw\celeba_spoof\SpoofingData\000675.jpg,000675,bona_fide,0,0.017854733392596245,0,1
C:\Users\Zander Truong\Documents\coding\ekyc-face-pad\data\raw\celeba_spoof\SpoofingData\014900.jpg,014900,photo,1,0.9955785870552063,1,1
C:\Users\Zander Truong\Documents\coding\ekyc-face-pad\data\raw\celeba_spoof\SpoofingData\004456.jpg,004456,photo,1,0.9998880624771118,1,1
C:\Users\Zander Truong\Documents\coding\ekyc-face-pad\data\raw\celeba_spoof\SpoofingData\002033.jpg,002033,photo,1,0.539545476436615,1,1
C:\Users\Zander Truong\Documents\coding\ekyc-face-pad\data\raw\celeba_spoof\SpoofingData\014161.jpg,014161,bona_fide,0,0.28529947996139526,0,1
C:\Users\Zander Truong\Documents\coding\ekyc-face-pad\data\raw\celeba_spoof\SpoofingData\012656.jpg,012656,photo,1,0.6590063571929932,1,1
C:\Users\Zander Truong\Documents\coding\ekyc-face-pad\data\raw\celeba_spoof\SpoofingData\005465.jpg,005465,photo,1,0.9905124306678772,1,1
C:\Users\Zander Truong\Documents\coding\ekyc-face-pad\data\raw\celeba_spoof\SpoofingData\003917.jpg,003917,photo,1,0.869550883769989,1,1
C:\Users\Zander Truong\Documents\coding\ekyc-face-pad\data\raw\celeba_spoof\SpoofingData\016944.jpg,016944,photo,1,0.9854978322982788,1,1
C:\Users\Zander Truong\Documents\coding\ekyc-face-pad\data\raw\celeba_spoof\SpoofingData\011066.jpg,011066,photo,1,0.7825213074684143,1,1
C:\Users\Zander Truong\Documents\coding\ekyc-face-pad\data\raw\celeba_spoof\SpoofingData\017528.jpg,017528,photo,1,0.7752532958984375,1,1
C:\Users\Zander Truong\Documents\coding\ekyc-face-pad\data\raw\celeba_spoof\SpoofingData\004144.jpg,004144,photo,1,0.9995924830436707,1,1
C:\Users\Zander Truong\Documents\coding\ekyc-face-pad\data\raw\celeba_spoof\SpoofingData\012074.jpg,012074,photo,1,0.9269317388534546,1,1
C:\Users\Zander Truong\Documents\coding\ekyc-face-pad\data\raw\celeba_spoof\SpoofingData\012755.jpg,012755,photo,1,0.17282913625240326,0,0
C:\Users\Zander Truong\Documents\coding\ekyc-face-pad\data\raw\celeba_spoof\SpoofingData\009541.jpg,009541,photo,1,0.9999622106552124,1,1
C:\Users\Zander Truong\Documents\coding\ekyc-face-pad\data\raw\celeba_spoof\SpoofingData\004788.jpg,004788,photo,1,0.966729998588562,1,1
C:\Users\Zander Truong\Documents\coding\ekyc-face-pad\data\raw\celeba_spoof\SpoofingData\010032.jpg,010032,photo,1,0.6625353097915649,1,1
C:\Users\Zander Truong\Documents\coding\ekyc-face-pad\data\raw\celeba_spoof\SpoofingData\017613.jpg,017613,photo,1,0.9338136911392212,1,1
C:\Users\Zander Truong\Documents\coding\ekyc-face-pad\data\raw\celeba_spoof\SpoofingData\012688.jpg,012688,photo,1,0.3373628854751587,0,0
C:\Users\Zander Truong\Documents\coding\ekyc-face-pad\data\raw\celeba_spoof\SpoofingData\016996.jpg,016996,photo,1,0.9340105056762695,1,1
C:\Users\Zander Truong\Documents\coding\ekyc-face-pad\data\raw\celeba_spoof\SpoofingData\001872.jpg,001872,photo,1,0.2532156705856323,0,0
C:\Users\Zander Truong\Documents\coding\ekyc-face-pad\data\raw\celeba_spoof\SpoofingData\002568.jpg,002568,photo,1,0.9999934434890747,1,1
C:\Users\Zander Truong\Documents\coding\ekyc-face-pad\data\raw\celeba_spoof\SpoofingData\007699.jpg,007699,photo,1,0.9859166741371155,1,1
C:\Users\Zander Truong\Documents\coding\ekyc-face-pad\data\raw\celeba_spoof\SpoofingData\012193.jpg,012193,photo,1,0.394401490688324,0,0
C:\Users\Zander Truong\Documents\coding\ekyc-face-pad\data\raw\celeba_spoof\SpoofingData\004718.jpg,004718,photo,1,0.4600187838077545,0,0
C:\Users\Zander Truong\Documents\coding\ekyc-face-pad\data\raw\celeba_spoof\SpoofingData\002105.jpg,002105,photo,1,0.9999980926513672,1,1
C:\Users\Zander Truong\Documents\coding\ekyc-face-pad\data\raw\celeba_spoof\SpoofingData\013731.jpg,013731,photo,1,0.9996918439865112,1,1
C:\Users\Zander Truong\Documents\coding\ekyc-face-pad\data\raw\celeba_spoof\SpoofingData\005369.jpg,005369,photo,1,0.9804700016975403,1,1
C:\Users\Zander Truong\Documents\coding\ekyc-face-pad\data\raw\celeba_spoof\SpoofingData\000779.jpg,000779,photo,1,0.9768809676170349,1,1
C:\Users\Zander Truong\Documents\coding\ekyc-face-pad\data\raw\celeba_spoof\SpoofingData\011415.jpg,011415,bona_fide,0,0.03626150265336037,0,1
C:\Users\Zander Truong\Documents\coding\ekyc-face-pad\data\raw\celeba_spoof\SpoofingData\013568.jpg,013568,photo,1,0.9289953708648682,1,1
C:\Users\Zander Truong\Documents\coding\ekyc-face-pad\data\raw\celeba_spoof\SpoofingData\010971.jpg,010971,bona_fide,0,0.006224958226084709,0,1
C:\Users\Zander Truong\Documents\coding\ekyc-face-pad\data\raw\celeba_spoof\SpoofingData\001082.jpg,001082,photo,1,0.585022509098053,1,1
C:\Users\Zander Truong\Documents\coding\ekyc-face-pad\data\raw\celeba_spoof\SpoofingData\015483.jpg,015483,bona_fide,0,0.00028117976034991443,0,1
C:\Users\Zander Truong\Documents\coding\ekyc-face-pad\data\raw\celeba_spoof\SpoofingData\008602.jpg,008602,photo,1,0.9988908171653748,1,1
C:\Users\Zander Truong\Documents\coding\ekyc-face-pad\data\raw\celeba_spoof\SpoofingData\010566.jpg,010566,bona_fide,0,0.0019333729287609458,0,1
C:\Users\Zander Truong\Documents\coding\ekyc-face-pad\data\raw\celeba_spoof\SpoofingData\000954.jpg,000954,photo,1,0.29576969146728516,0,0
C:\Users\Zander Truong\Documents\coding\ekyc-face-pad\data\raw\celeba_spoof\SpoofingData\013245.jpg,013245,bona_fide,0,0.04554931819438934,0,1
C:\Users\Zander Truong\Documents\coding\ekyc-face-pad\data\raw\celeba_spoof\SpoofingData\002407.jpg,002407,bona_fide,0,0.06193958595395088,0,1
C:\Users\Zander Truong\Documents\coding\ekyc-face-pad\data\raw\celeba_spoof\SpoofingData\012368.jpg,012368,bona_fide,0,1.1017582437489182e-06,0,1
C:\Users\Zander Truong\Documents\coding\ekyc-face-pad\data\raw\celeba_spoof\SpoofingData\017557.jpg,017557,bona_fide,0,5.155393955647014e-05,0,1
C:\Users\Zander Truong\Documents\coding\ekyc-face-pad\data\raw\celeba_spoof\SpoofingData\000280.jpg,000280,photo,1,0.9547438621520996,1,1
C:\Users\Zander Truong\Documents\coding\ekyc-face-pad\data\raw\celeba_spoof\SpoofingData\014195.jpg,014195,photo,1,0.9863693714141846,1,1
C:\Users\Zander Truong\Documents\coding\ekyc-face-pad\data\raw\celeba_spoof\SpoofingData\002716.jpg,002716,photo,1,0.9464913606643677,1,1
C:\Users\Zander Truong\Documents\coding\ekyc-face-pad\data\raw\celeba_spoof\SpoofingData\002909.jpg,002909,photo,1,0.9264180660247803,1,1
C:\Users\Zander Truong\Documents\coding\ekyc-face-pad\data\raw\celeba_spoof\SpoofingData\011634.jpg,011634,bona_fide,0,0.020204396918416023,0,1
C:\Users\Zander Truong\Documents\coding\ekyc-face-pad\data\raw\celeba_spoof\SpoofingData\016722.jpg,016722,bona_fide,0,0.0010303084272891283,0,1
C:\Users\Zander Truong\Documents\coding\ekyc-face-pad\data\raw\celeba_spoof\SpoofingData\002051.jpg,002051,photo,1,0.7074410319328308,1,1
C:\Users\Zander Truong\Documents\coding\ekyc-face-pad\data\raw\celeba_spoof\SpoofingData\003559.jpg,003559,photo,1,0.908255934715271,1,1
C:\Users\Zander Truong\Documents\coding\ekyc-face-pad\data\raw\celeba_spoof\SpoofingData\000011.jpg,000011,photo,1,0.9924322366714478,1,1
C:\Users\Zander Truong\Documents\coding\ekyc-face-pad\data\raw\celeba_spoof\SpoofingData\013774.jpg,013774,photo,1,0.9990708827972412,1,1
C:\Users\Zander Truong\Documents\coding\ekyc-face-pad\data\raw\celeba_spoof\SpoofingData\014230.jpg,014230,photo,1,0.999950647354126,1,1
C:\Users\Zander Truong\Documents\coding\ekyc-face-pad\data\raw\celeba_spoof\SpoofingData\008910.jpg,008910,photo,1,0.9816455841064453,1,1
C:\Users\Zander Truong\Documents\coding\ekyc-face-pad\data\raw\celeba_spoof\SpoofingData\011535.jpg,011535,bona_fide,0,0.10526515543460846,0,1
C:\Users\Zander Truong\Documents\coding\ekyc-face-pad\data\raw\celeba_spoof\SpoofingData\008400.jpg,008400,photo,1,0.9889724850654602,1,1
C:\Users\Zander Truong\Documents\coding\ekyc-face-pad\data\raw\celeba_spoof\SpoofingData\000688.jpg,000688,photo,1,0.9914685487747192,1,1
C:\Users\Zander Truong\Documents\coding\ekyc-face-pad\data\raw\celeba_spoof\SpoofingData\006330.jpg,006330,photo,1,0.9963622689247131,1,1
C:\Users\Zander Truong\Documents\coding\ekyc-face-pad\data\raw\celeba_spoof\SpoofingData\014953.jpg,014953,bona_fide,0,0.18517015874385834,0,1
C:\Users\Zander Truong\Documents\coding\ekyc-face-pad\data\raw\celeba_spoof\SpoofingData\004414.jpg,004414,photo,1,0.9990273714065552,1,1
C:\Users\Zander Truong\Documents\coding\ekyc-face-pad\data\raw\celeba_spoof\SpoofingData\000332.jpg,000332,bona_fide,0,4.845318471780047e-05,0,1
C:\Users\Zander Truong\Documents\coding\ekyc-face-pad\data\raw\celeba_spoof\SpoofingData\001446.jpg,001446,photo,1,0.9720413684844971,1,1
C:\Users\Zander Truong\Documents\coding\ekyc-face-pad\data\raw\celeba_spoof\SpoofingData\015115.jpg,015115,bona_fide,0,0.03565895929932594,0,1
C:\Users\Zander Truong\Documents\coding\ekyc-face-pad\data\raw\celeba_spoof\SpoofingData\012405.jpg,012405,photo,1,0.9714804291725159,1,1
C:\Users\Zander Truong\Documents\coding\ekyc-face-pad\data\raw\celeba_spoof\SpoofingData\014565.jpg,014565,bona_fide,0,3.081166141782887e-05,0,1
C:\Users\Zander Truong\Documents\coding\ekyc-face-pad\data\raw\celeba_spoof\SpoofingData\017576.jpg,017576,photo,1,0.9869596362113953,1,1
C:\Users\Zander Truong\Documents\coding\ekyc-face-pad\data\raw\celeba_spoof\SpoofingData\005038.jpg,005038,bona_fide,0,7.531949086114764e-05,0,1
C:\Users\Zander Truong\Documents\coding\ekyc-face-pad\data\raw\celeba_spoof\SpoofingData\005819.jpg,005819,photo,1,0.9971237778663635,1,1
C:\Users\Zander Truong\Documents\coding\ekyc-face-pad\data\raw\celeba_spoof\SpoofingData\015853.jpg,015853,photo,1,0.9957082271575928,1,1
C:\Users\Zander Truong\Documents\coding\ekyc-face-pad\data\raw\celeba_spoof\SpoofingData\017831.jpg,017831,photo,1,0.9974516034126282,1,1
C:\Users\Zander Truong\Documents\coding\ekyc-face-pad\data\raw\celeba_spoof\SpoofingData\007647.jpg,007647,bona_fide,0,8.474918331558001e-07,0,1
C:\Users\Zander Truong\Documents\coding\ekyc-face-pad\data\raw\celeba_spoof\SpoofingData\016212.jpg,016212,photo,1,0.7313364744186401,1,1
C:\Users\Zander Truong\Documents\coding\ekyc-face-pad\data\raw\celeba_spoof\SpoofingData\009427.jpg,009427,photo,1,0.019011178985238075,0,0
C:\Users\Zander Truong\Documents\coding\ekyc-face-pad\data\raw\celeba_spoof\SpoofingData\001957.jpg,001957,photo,1,0.9995092153549194,1,1
C:\Users\Zander Truong\Documents\coding\ekyc-face-pad\data\raw\celeba_spoof\SpoofingData\016417.jpg,016417,photo,1,0.9954291582107544,1,1
C:\Users\Zander Truong\Documents\coding\ekyc-face-pad\data\raw\celeba_spoof\SpoofingData\017432.jpg,017432,photo,1,0.32771557569503784,0,0
C:\Users\Zander Truong\Documents\coding\ekyc-face-pad\data\raw\celeba_spoof\SpoofingData\013294.jpg,013294,photo,1,0.9760251045227051,1,1
C:\Users\Zander Truong\Documents\coding\ekyc-face-pad\data\raw\celeba_spoof\SpoofingData\007508.jpg,007508,photo,1,0.9688689708709717,1,1
C:\Users\Zander Truong\Documents\coding\ekyc-face-pad\data\raw\celeba_spoof\SpoofingData\011531.jpg,011531,bona_fide,0,0.15185442566871643,0,1
C:\Users\Zander Truong\Documents\coding\ekyc-face-pad\data\raw\celeba_spoof\SpoofingData\000420.jpg,000420,photo,1,0.0020922678522765636,0,0
C:\Users\Zander Truong\Documents\coding\ekyc-face-pad\data\raw\celeba_spoof\SpoofingData\011911.jpg,011911,photo,1,0.9958490133285522,1,1
C:\Users\Zander Truong\Documents\coding\ekyc-face-pad\data\raw\celeba_spoof\SpoofingData\002888.jpg,002888,photo,1,0.9909250736236572,1,1
C:\Users\Zander Truong\Documents\coding\ekyc-face-pad\data\raw\celeba_spoof\SpoofingData\006195.jpg,006195,photo,1,0.9988892674446106,1,1
C:\Users\Zander Truong\Documents\coding\ekyc-face-pad\data\raw\celeba_spoof\SpoofingData\000534.jpg,000534,bona_fide,0,0.02370348758995533,0,1
C:\Users\Zander Truong\Documents\coding\ekyc-face-pad\data\raw\celeba_spoof\SpoofingData\011013.jpg,011013,photo,1,0.9083893895149231,1,1
C:\Users\Zander Truong\Documents\coding\ekyc-face-pad\data\raw\celeba_spoof\SpoofingData\012702.jpg,012702,bona_fide,0,0.18164005875587463,0,1
C:\Users\Zander Truong\Documents\coding\ekyc-face-pad\data\raw\celeba_spoof\SpoofingData\014967.jpg,014967,photo,1,0.9996285438537598,1,1
C:\Users\Zander Truong\Documents\coding\ekyc-face-pad\data\raw\celeba_spoof\SpoofingData\002401.jpg,002401,bona_fide,0,0.00012519131996668875,0,1
C:\Users\Zander Truong\Documents\coding\ekyc-face-pad\data\raw\celeba_spoof\SpoofingData\012818.jpg,012818,photo,1,0.9988479614257812,1,1
C:\Users\Zander Truong\Documents\coding\ekyc-face-pad\data\raw\celeba_spoof\SpoofingData\011040.jpg,011040,photo,1,0.9387941360473633,1,1
C:\Users\Zander Truong\Documents\coding\ekyc-face-pad\data\raw\celeba_spoof\SpoofingData\010974.jpg,010974,photo,1,0.7534610629081726,1,1
C:\Users\Zander Truong\Documents\coding\ekyc-face-pad\data\raw\celeba_spoof\SpoofingData\005574.jpg,005574,photo,1,0.9931246638298035,1,1
C:\Users\Zander Truong\Documents\coding\ekyc-face-pad\data\raw\celeba_spoof\SpoofingData\008581.jpg,008581,photo,1,0.9219246506690979,1,1
C:\Users\Zander Truong\Documents\coding\ekyc-face-pad\data\raw\celeba_spoof\SpoofingData\015954.jpg,015954,bona_fide,0,0.0010687144240364432,0,1
C:\Users\Zander Truong\Documents\coding\ekyc-face-pad\data\raw\celeba_spoof\SpoofingData\002706.jpg,002706,photo,1,0.9703858494758606,1,1
C:\Users\Zander Truong\Documents\coding\ekyc-face-pad\data\raw\celeba_spoof\SpoofingData\005946.jpg,005946,photo,1,0.9936925172805786,1,1
C:\Users\Zander Truong\Documents\coding\ekyc-face-pad\data\raw\celeba_spoof\SpoofingData\001043.jpg,001043,bona_fide,0,0.16689211130142212,0,1
C:\Users\Zander Truong\Documents\coding\ekyc-face-pad\data\raw\celeba_spoof\SpoofingData\016713.jpg,016713,bona_fide,0,0.029217325150966644,0,1
C:\Users\Zander Truong\Documents\coding\ekyc-face-pad\data\raw\celeba_spoof\SpoofingData\012272.jpg,012272,photo,1,0.9814642071723938,1,1
C:\Users\Zander Truong\Documents\coding\ekyc-face-pad\data\raw\celeba_spoof\SpoofingData\013746.jpg,013746,photo,1,0.08536501973867416,0,0
C:\Users\Zander Truong\Documents\coding\ekyc-face-pad\data\raw\celeba_spoof\SpoofingData\017059.jpg,017059,photo,1,0.9928309917449951,1,1
C:\Users\Zander Truong\Documents\coding\ekyc-face-pad\data\raw\celeba_spoof\SpoofingData\015929.jpg,015929,photo,1,0.9397266507148743,1,1
C:\Users\Zander Truong\Documents\coding\ekyc-face-pad\data\raw\celeba_spoof\SpoofingData\017646.jpg,017646,bona_fide,0,0.0694384053349495,0,1
C:\Users\Zander Truong\Documents\coding\ekyc-face-pad\data\raw\celeba_spoof\SpoofingData\014233.jpg,014233,photo,1,0.9060152173042297,1,1
C:\Users\Zander Truong\Documents\coding\ekyc-face-pad\data\raw\celeba_spoof\SpoofingData\016801.jpg,016801,photo,1,0.9719982147216797,1,1
C:\Users\Zander Truong\Documents\coding\ekyc-face-pad\data\raw\celeba_spoof\SpoofingData\013049.jpg,013049,photo,1,0.9949854612350464,1,1
C:\Users\Zander Truong\Documents\coding\ekyc-face-pad\data\raw\celeba_spoof\SpoofingData\000411.jpg,000411,photo,1,0.9961121678352356,1,1
C:\Users\Zander Truong\Documents\coding\ekyc-face-pad\data\raw\celeba_spoof\SpoofingData\010330.jpg,010330,photo,1,0.9999619722366333,1,1
C:\Users\Zander Truong\Documents\coding\ekyc-face-pad\data\raw\celeba_spoof\SpoofingData\017271.jpg,017271,photo,1,0.999997615814209,1,1
C:\Users\Zander Truong\Documents\coding\ekyc-face-pad\data\raw\celeba_spoof\SpoofingData\006778.jpg,006778,photo,1,0.9999420642852783,1,1
C:\Users\Zander Truong\Documents\coding\ekyc-face-pad\data\raw\celeba_spoof\SpoofingData\015825.jpg,015825,photo,1,0.9035344123840332,1,1
C:\Users\Zander Truong\Documents\coding\ekyc-face-pad\data\raw\celeba_spoof\SpoofingData\017094.jpg,017094,bona_fide,0,0.004848427139222622,0,1
C:\Users\Zander Truong\Documents\coding\ekyc-face-pad\data\raw\celeba_spoof\SpoofingData\011254.jpg,011254,photo,1,0.9969915151596069,1,1
C:\Users\Zander Truong\Documents\coding\ekyc-face-pad\data\raw\celeba_spoof\SpoofingData\009997.jpg,009997,photo,1,0.9765890836715698,1,1
C:\Users\Zander Truong\Documents\coding\ekyc-face-pad\data\raw\celeba_spoof\SpoofingData\001204.jpg,001204,bona_fide,0,0.009162433445453644,0,1
C:\Users\Zander Truong\Documents\coding\ekyc-face-pad\data\raw\celeba_spoof\SpoofingData\015377.jpg,015377,photo,1,0.9998666048049927,1,1
C:\Users\Zander Truong\Documents\coding\ekyc-face-pad\data\raw\celeba_spoof\SpoofingData\008694.jpg,008694,photo,1,0.9996355772018433,1,1
C:\Users\Zander Truong\Documents\coding\ekyc-face-pad\data\raw\celeba_spoof\SpoofingData\015627.jpg,015627,photo,1,0.9989933371543884,1,1
C:\Users\Zander Truong\Documents\coding\ekyc-face-pad\data\raw\celeba_spoof\SpoofingData\014111.jpg,014111,photo,1,0.972812294960022,1,1
C:\Users\Zander Truong\Documents\coding\ekyc-face-pad\data\raw\celeba_spoof\SpoofingData\009561.jpg,009561,photo,1,0.9817205667495728,1,1
C:\Users\Zander Truong\Documents\coding\ekyc-face-pad\data\raw\celeba_spoof\SpoofingData\000695.jpg,000695,photo,1,0.9988099336624146,1,1
C:\Users\Zander Truong\Documents\coding\ekyc-face-pad\data\raw\celeba_spoof\SpoofingData\004136.jpg,004136,photo,1,0.9972013235092163,1,1
C:\Users\Zander Truong\Documents\coding\ekyc-face-pad\data\raw\celeba_spoof\SpoofingData\004658.jpg,004658,bona_fide,0,7.784675290167797e-06,0,1
C:\Users\Zander Truong\Documents\coding\ekyc-face-pad\data\raw\celeba_spoof\SpoofingData\003039.jpg,003039,bona_fide,0,0.6342502236366272,1,0
C:\Users\Zander Truong\Documents\coding\ekyc-face-pad\data\raw\celeba_spoof\SpoofingData\001438.jpg,001438,photo,1,0.9941332936286926,1,1
C:\Users\Zander Truong\Documents\coding\ekyc-face-pad\data\raw\celeba_spoof\SpoofingData\003343.jpg,003343,bona_fide,0,0.05326613783836365,0,1
C:\Users\Zander Truong\Documents\coding\ekyc-face-pad\data\raw\celeba_spoof\SpoofingData\014690.jpg,014690,photo,1,0.9484291076660156,1,1
C:\Users\Zander Truong\Documents\coding\ekyc-face-pad\data\raw\celeba_spoof\SpoofingData\010336.jpg,010336,photo,1,0.9931598901748657,1,1
C:\Users\Zander Truong\Documents\coding\ekyc-face-pad\data\raw\celeba_spoof\SpoofingData\000216.jpg,000216,photo,1,0.9998010993003845,1,1
C:\Users\Zander Truong\Documents\coding\ekyc-face-pad\data\raw\celeba_spoof\SpoofingData\002289.jpg,002289,photo,1,0.9456184506416321,1,1
C:\Users\Zander Truong\Documents\coding\ekyc-face-pad\data\raw\celeba_spoof\SpoofingData\012373.jpg,012373,photo,1,0.9926344752311707,1,1
C:\Users\Zander Truong\Documents\coding\ekyc-face-pad\data\raw\celeba_spoof\SpoofingData\002870.jpg,002870,photo,1,0.9992260932922363,1,1
C:\Users\Zander Truong\Documents\coding\ekyc-face-pad\data\raw\celeba_spoof\SpoofingData\014295.jpg,014295,photo,1,0.99811851978302,1,1
C:\Users\Zander Truong\Documents\coding\ekyc-face-pad\data\raw\celeba_spoof\SpoofingData\000054.jpg,000054,photo,1,0.874666154384613,1,1
C:\Users\Zander Truong\Documents\coding\ekyc-face-pad\data\raw\celeba_spoof\SpoofingData\005366.jpg,005366,bona_fide,0,0.04273403808474541,0,1
C:\Users\Zander Truong\Documents\coding\ekyc-face-pad\data\raw\celeba_spoof\SpoofingData\008033.jpg,008033,photo,1,0.9801893830299377,1,1
C:\Users\Zander Truong\Documents\coding\ekyc-face-pad\data\raw\celeba_spoof\SpoofingData\010937.jpg,010937,photo,1,0.8122826814651489,1,1
C:\Users\Zander Truong\Documents\coding\ekyc-face-pad\data\raw\celeba_spoof\SpoofingData\011049.jpg,011049,photo,1,0.9991536140441895,1,1
C:\Users\Zander Truong\Documents\coding\ekyc-face-pad\data\raw\celeba_spoof\SpoofingData\004425.jpg,004425,photo,1,0.9979384541511536,1,1
C:\Users\Zander Truong\Documents\coding\ekyc-face-pad\data\raw\celeba_spoof\SpoofingData\005231.jpg,005231,photo,1,0.9999818801879883,1,1
C:\Users\Zander Truong\Documents\coding\ekyc-face-pad\data\raw\celeba_spoof\SpoofingData\001700.jpg,001700,photo,1,0.9997475743293762,1,1
C:\Users\Zander Truong\Documents\coding\ekyc-face-pad\data\raw\celeba_spoof\SpoofingData\011167.jpg,011167,photo,1,0.9521942138671875,1,1
C:\Users\Zander Truong\Documents\coding\ekyc-face-pad\data\raw\celeba_spoof\SpoofingData\010885.jpg,010885,photo,1,0.988778293132782,1,1
C:\Users\Zander Truong\Documents\coding\ekyc-face-pad\data\raw\celeba_spoof\SpoofingData\017570.jpg,017570,bona_fide,0,8.62677552504465e-06,0,1
C:\Users\Zander Truong\Documents\coding\ekyc-face-pad\data\raw\celeba_spoof\SpoofingData\012423.jpg,012423,photo,1,0.9856243133544922,1,1
C:\Users\Zander Truong\Documents\coding\ekyc-face-pad\data\raw\celeba_spoof\SpoofingData\001250.jpg,001250,photo,1,0.9933433532714844,1,1
C:\Users\Zander Truong\Documents\coding\ekyc-face-pad\data\raw\celeba_spoof\SpoofingData\003529.jpg,003529,photo,1,0.9986076951026917,1,1
C:\Users\Zander Truong\Documents\coding\ekyc-face-pad\data\raw\celeba_spoof\SpoofingData\008734.jpg,008734,bona_fide,0,0.001978363376110792,0,1
C:\Users\Zander Truong\Documents\coding\ekyc-face-pad\data\raw\celeba_spoof\SpoofingData\013344.jpg,013344,photo,1,0.9997760653495789,1,1
C:\Users\Zander Truong\Documents\coding\ekyc-face-pad\data\raw\celeba_spoof\SpoofingData\002856.jpg,002856,bona_fide,0,0.003932623192667961,0,1
C:\Users\Zander Truong\Documents\coding\ekyc-face-pad\data\raw\celeba_spoof\SpoofingData\008771.jpg,008771,photo,1,0.9984222650527954,1,1
C:\Users\Zander Truong\Documents\coding\ekyc-face-pad\data\raw\celeba_spoof\SpoofingData\001715.jpg,001715,bona_fide,0,0.037606269121170044,0,1
