path,subject_id,attack_type,label,probability_spoof,prediction,correct
C:\Users\Zander Truong\Documents\coding\ekyc-face-pad\data\raw\celeba_spoof\SpoofingData\000036.jpg,000036,bona_fide,0,0.12060646712779999,0,1
C:\Users\Zander Truong\Documents\coding\ekyc-face-pad\data\raw\celeba_spoof\SpoofingData\006949.jpg,006949,bona_fide,0,0.1119828000664711,0,1
C:\Users\Zander Truong\Documents\coding\ekyc-face-pad\data\raw\celeba_spoof\SpoofingData\008164.jpg,008164,photo,1,0.9969514608383179,1,1
C:\Users\Zander Truong\Documents\coding\ekyc-face-pad\data\raw\celeba_spoof\SpoofingData\013352.jpg,013352,bona_fide,0,0.008219610899686813,0,1
C:\Users\Zander Truong\Documents\coding\ekyc-face-pad\data\raw\celeba_spoof\SpoofingData\011487.jpg,011487,photo,1,0.9874115586280823,1,1
C:\Users\Zander Truong\Documents\coding\ekyc-face-pad\data\raw\celeba_spoof\SpoofingData\004416.jpg,004416,photo,1,0.9737033247947693,1,1
C:\Users\Zander Truong\Documents\coding\ekyc-face-pad\data\raw\celeba_spoof\SpoofingData\009489.jpg,009489,bona_fide,0,0.8500698804855347,1,0
C:\Users\Zander Truong\Documents\coding\ekyc-face-pad\data\raw\celeba_spoof\SpoofingData\010738.jpg,010738,bona_fide,0,0.0013398468727245927,0,1
C:\Users\Zander Truong\Documents\coding\ekyc-face-pad\data\raw\celeba_spoof\SpoofingData\009241.jpg,009241,bona_fide,0,0.004987612366676331,0,1
C:\Users\Zander Truong\Documents\coding\ekyc-face-pad\data\raw\celeba_spoof\SpoofingData\014686.jpg,014686,photo,1,0.8357827067375183,1,1
C:\Users\Zander Truong\Documents\coding\ekyc-face-pad\data\raw\celeba_spoof\SpoofingData\007447.jpg,007447,bona_fide,0,0.0004296984989196062,0,1
C:\Users\Zander Truong\Documents\coding\ekyc-face-pad\data\raw\celeba_spoof\SpoofingData\016087.jpg,016087,photo,1,0.8748462200164795,1,1
C:\Users\Zander Truong\Documents\coding\ekyc-face-pad\data\raw\celeba_spoof\SpoofingData\016264.jpg,016264,photo,1,0.992546021938324,1,1
C:\Users\Zander Truong\Documents\coding\ekyc-face-pad\data\raw\celeba_spoof\SpoofingData\005718.jpg,005718,photo,1,0.8414835929870605,1,1
C:\Users\Zander Truong\Documents\coding\ekyc-face-pad\data\raw\celeba_spoof\SpoofingData\009104.jpg,009104,photo,1,0.9440341591835022,1,1
C:\Users\Zander Truong\Documents\coding\ekyc-face-pad\data\raw\celeba_spoof\SpoofingData\010167.jpg,010167,photo,1,0.9647040367126465,1,1
C:\Users\Zander Truong\Documents\coding\ekyc-face-pad\data\raw\celeba_spoof\SpoofingData\009398.jpg,009398,bona_fide,0,0.03157549351453781,0,1
C:\Users\Zander Truong\Documents\coding\ekyc-face-pad\data\raw\celeba_spoof\SpoofingData\004791.jpg,004791,photo,1,0.9484178423881531,1,1
C:\Users\Zander Truong\Documents\coding\ekyc-face-pad\data\raw\celeba_spoof\SpoofingData\003724.jpg,003724,bona_fide,0,0.2941440939903259,0,1
C:\Users\Zander Truong\Documents\coding\ekyc-face-pad\data\raw\celeba_spoof\SpoofingData\013292.jpg,013292,photo,1,0.18589812517166138,0,0
C:\Users\Zander Truong\Documents\coding\ekyc-face-pad\data\raw\celeba_spoof\SpoofingData\002819.jpg,002819,photo,1,0.14296047389507294,0,0
C:\Users\Zander Truong\Documents\coding\ekyc-face-pad\data\raw\celeba_spoof\SpoofingData\010405.jpg,010405,bona_fide,0,0.05457725003361702,0,1
C:\Users\Zander Truong\Documents\coding\ekyc-face-pad\data\raw\celeba_spoof\SpoofingData\008707.jpg,008707,bona_fide,0,0.02741776779294014,0,1
C:\Users\Zander Truong\Documents\coding\ekyc-face-pad\data\raw\celeba_spoof\SpoofingData\009660.jpg,009660,bona_fide,0,0.10870916396379471,0,1
C:\Users\Zander Truong\Documents\coding\ekyc-face-pad\data\raw\celeba_spoof\SpoofingData\016324.jpg,016324,photo,1,0.9779344201087952,1,1
C:\Users\Zander Truong\Documents\coding\ekyc-face-pad\data\raw\celeba_spoof\SpoofingData\014794.jpg,014794,bona_fide,0,0.08622855693101883,0,1
C:\Users\Zander Truong\Documents\coding\ekyc-face-pad\data\raw\celeba_spoof\SpoofingData\000256.jpg,000256,photo,1,0.9197729229927063,1,1
C:\Users\Zander Truong\Documents\coding\ekyc-face-pad\data\raw\celeba_spoof\SpoofingData\005084.jpg,005084,photo,1,0.8187113404273987,1,1
C:\Users\Zander Truong\Documents\coding\ekyc-face-pad\data\raw\celeba_spoof\SpoofingData\015820.jpg,015820,bona_fide,0,0.31686538457870483,0,1
C:\Users\Zander Truong\Documents\coding\ekyc-face-pad\data\raw\celeba_spoof\SpoofingData\011290.jpg,011290,photo,1,0.9879289269447327,1,1
C:\Users\Zander Truong\Documents\coding\ekyc-face-pad\data\raw\celeba_spoof\SpoofingData\009029.jpg,009029,bona_fide,0,0.4827553629875183,0,1
C:\Users\Zander Truong\Documents\coding\ekyc-face-pad\data\raw\celeba_spoof\SpoofingData\012227.jpg,012227,photo,1,0.983555018901825,1,1
C:\Users\Zander Truong\Documents\coding\ekyc-face-pad\data\raw\celeba_spoof\SpoofingData\008791.jpg,008791,bona_fide,0,0.027948454022407532,0,1
C:\Users\Zander Truong\Documents\coding\ekyc-face-pad\data\raw\celeba_spoof\SpoofingData\000665.jpg,000665,bona_fide,0,0.5091082453727722,1,0
C:\Users\Zander Truong\Documents\coding\ekyc-face-pad\data\raw\celeba_spoof\SpoofingData\008867.jpg,008867,bona_fide,0,0.9720066785812378,1,0
C:\Users\Zander Truong\Documents\coding\ekyc-face-pad\data\raw\celeba_spoof\SpoofingData\000045.jpg,000045,photo,1,0.8785186409950256,1,1
C:\Users\Zander Truong\Documents\coding\ekyc-face-pad\data\raw\celeba_spoof\SpoofingData\005792.jpg,005792,bona_fide,0,0.060524482280015945,0,1
C:\Users\Zander Truong\Documents\coding\ekyc-face-pad\data\raw\celeba_spoof\SpoofingData\007712.jpg,007712,bona_fide,0,0.2790490984916687,0,1
C:\Users\Zander Truong\Documents\coding\ekyc-face-pad\data\raw\celeba_spoof\SpoofingData\003192.jpg,003192,photo,1,0.9304355978965759,1,1
C:\Users\Zander Truong\Documents\coding\ekyc-face-pad\data\raw\celeba_spoof\SpoofingData\014704.jpg,014704,photo,1,0.9943506717681885,1,1
C:\Users\Zander Truong\Documents\coding\ekyc-face-pad\data\raw\celeba_spoof\SpoofingData\017958.jpg,017958,bona_fide,0,0.49380651116371155,0,1
C:\Users\Zander Truong\Documents\coding\ekyc-face-pad\data\raw\celeba_spoof\SpoofingData\004186.jpg,004186,bona_fide,0,0.04488044232130051,0,1
C:\Users\Zander Truong\Documents\coding\ekyc-face-pad\data\raw\celeba_spoof\SpoofingData\014445.jpg,014445,photo,1,0.7995498776435852,1,1
C:\Users\Zander Truong\Documents\coding\ekyc-face-pad\data\raw\celeba_spoof\SpoofingData\014965.jpg,014965,photo,1,0.9860987663269043,1,1
C:\Users\Zander Truong\Documents\coding\ekyc-face-pad\data\raw\celeba_spoof\SpoofingData\009836.jpg,009836,photo,1,0.9392839670181274,1,1
C:\Users\Zander Truong\Documents\coding\ekyc-face-pad\data\raw\celeba_spoof\SpoofingData\004739.jpg,004739,photo,1,0.976325273513794,1,1
C:\Users\Zander Truong\Documents\coding\ekyc-face-pad\data\raw\celeba_spoof\SpoofingData\006848.jpg,006848,bona_fide,0,0.1242724061012268,0,1
C:\Users\Zander Truong\Documents\coding\ekyc-face-pad\data\raw\celeba_spoof\SpoofingData\013259.jpg,013259,bona_fide,0,0.29160428047180176,0,1
C:\Users\Zander Truong\Documents\coding\ekyc-face-pad\data\raw\celeba_spoof\SpoofingData\001046.jpg,001046,bona_fide,0,0.14041589200496674,0,1
C:\Users\Zander Truong\Documents\coding\ekyc-face-pad\data\raw\celeba_spoof\SpoofingData\010705.jpg,010705,photo,1,0.9817502498626709,1,1
C:\Users\Zander Truong\Documents\coding\ekyc-face-pad\data\raw\celeba_spoof\SpoofingData\006500.jpg,006500,bona_fide,0,0.07843777537345886,0,1
C:\Users\Zander Truong\Documents\coding\ekyc-face-pad\data\raw\celeba_spoof\SpoofingData\001612.jpg,001612,photo,1,0.8062609434127808,1,1
C:\Users\Zander Truong\Documents\coding\ekyc-face-pad\data\raw\celeba_spoof\SpoofingData\007560.jpg,007560,photo,1,0.9898540377616882,1,1
C:\Users\Zander Truong\Documents\coding\ekyc-face-pad\data\raw\celeba_spoof\SpoofingData\006257.jpg,006257,bona_fide,0,0.9471666812896729,1,0
C:\Users\Zander Truong\Documents\coding\ekyc-face-pad\data\raw\celeba_spoof\SpoofingData\017686.jpg,017686,bona_fide,0,0.017463769763708115,0,1
C:\Users\Zander Truong\Documents\coding\ekyc-face-pad\data\raw\celeba_spoof\SpoofingData\012009.jpg,012009,photo,1,0.9126260876655579,1,1
C:\Users\Zander Truong\Documents\coding\ekyc-face-pad\data\raw\celeba_spoof\SpoofingData\014367.jpg,014367,photo,1,0.9854603409767151,1,1
C:\Users\Zander Truong\Documents\coding\ekyc-face-pad\data\raw\celeba_spoof\SpoofingData\005598.jpg,005598,photo,1,0.9885813593864441,1,1
C:\Users\Zander Truong\Documents\coding\ekyc-face-pad\data\raw\celeba_spoof\SpoofingData\002820.jpg,002820,bona_fide,0,0.004067732021212578,0,1
C:\Users\Zander Truong\Documents\coding\ekyc-face-pad\data\raw\celeba_spoof\SpoofingData\013567.jpg,013567,photo,1,0.8843870759010315,1,1
C:\Users\Zander Truong\Documents\coding\ekyc-face-pad\data\raw\celeba_spoof\SpoofingData\016672.jpg,016672,bona_fide,0,0.06427603214979172,0,1
C:\Users\Zander Truong\Documents\coding\ekyc-face-pad\data\raw\celeba_spoof\SpoofingData\002884.jpg,002884,photo,1,0.9822707772254944,1,1
C:\Users\Zander Truong\Documents\coding\ekyc-face-pad\data\raw\celeba_spoof\SpoofingData\006988.jpg,006988,bona_fide,0,0.47671306133270264,0,1
C:\Users\Zander Truong\Documents\coding\ekyc-face-pad\data\raw\celeba_spoof\SpoofingData\000623.jpg,000623,photo,1,0.6469509601593018,1,1
C:\Users\Zander Truong\Documents\coding\ekyc-face-pad\data\raw\celeba_spoof\SpoofingData\014767.jpg,014767,bona_fide,0,0.6513968706130981,1,0
C:\Users\Zander Truong\Documents\coding\ekyc-face-pad\data\raw\celeba_spoof\SpoofingData\002743.jpg,002743,bona_fide,0,0.7680423855781555,1,0
C:\Users\Zander Truong\Documents\coding\ekyc-face-pad\data\raw\celeba_spoof\SpoofingData\006693.jpg,006693,photo,1,0.9809977412223816,1,1
C:\Users\Zander Truong\Documents\coding\ekyc-face-pad\data\raw\celeba_spoof\SpoofingData\003425.jpg,003425,photo,1,0.7368091940879822,1,1
C:\Users\Zander Truong\Documents\coding\ekyc-face-pad\data\raw\celeba_spoof\SpoofingData\010636.jpg,010636,photo,1,0.9743556976318359,1,1
C:\Users\Zander Truong\Documents\coding\ekyc-face-pad\data\raw\celeba_spoof\SpoofingData\010192.jpg,010192,photo,1,0.8813944458961487,1,1
C:\Users\Zander Truong\Documents\coding\ekyc-face-pad\data\raw\celeba_spoof\SpoofingData\012223.jpg,012223,bona_fide,0,0.6363747715950012,1,0
C:\Users\Zander Truong\Documents\coding\ekyc-face-pad\data\raw\celeba_spoof\SpoofingData\006203.jpg,006203,photo,1,0.9791405200958252,1,1
C:\Users\Zander Truong\Documents\coding\ekyc-face-pad\data\raw\celeba_spoof\SpoofingData\013550.jpg,013550,bona_fide,0,0.5448164939880371,1,0
C:\Users\Zander Truong\Documents\coding\ekyc-face-pad\data\raw\celeba_spoof\SpoofingData\011878.jpg,011878,photo,1,0.9281095862388611,1,1
C:\Users\Zander Truong\Documents\coding\ekyc-face-pad\data\raw\celeba_spoof\SpoofingData\001937.jpg,001937,photo,1,0.9274225831031799,1,1
C:\Users\Zander Truong\Documents\coding\ekyc-face-pad\data\raw\celeba_spoof\SpoofingData\001041.jpg,001041,photo,1,0.319856733083725,0,0
C:\Users\Zander Truong\Documents\coding\ekyc-face-pad\data\raw\celeba_spoof\SpoofingData\011304.jpg,011304,photo,1,0.40680235624313354,0,0
C:\Users\Zander Truong\Documents\coding\ekyc-face-pad\data\raw\celeba_spoof\SpoofingData\003028.jpg,003028,photo,1,0.9583510756492615,1,1
C:\Users\Zander Truong\Documents\coding\ekyc-face-pad\data\raw\celeba_spoof\SpoofingData\015957.jpg,015957,photo,1,0.9054433107376099,1,1
C:\Users\Zander Truong\Documents\coding\ekyc-face-pad\data\raw\celeba_spoof\SpoofingData\017940.jpg,017940,photo,1,0.9654234647750854,1,1
C:\Users\Zander Truong\Documents\coding\ekyc-face-pad\data\raw\celeba_spoof\SpoofingData\016786.jpg,016786,photo,1,0.8941211700439453,1,1
C:\Users\Zander Truong\Documents\coding\ekyc-face-pad\data\raw\celeba_spoof\SpoofingData\001829.jpg,001829,photo,1,0.8198970556259155,1,1
C:\Users\Zander Truong\Documents\coding\ekyc-face-pad\data\raw\celeba_spoof\SpoofingData\012945.jpg,012945,bona_fide,0,0.16824820637702942,0,1
C:\Users\Zander Truong\Documents\coding\ekyc-face-pad\data\raw\celeba_spoof\SpoofingData\011584.jpg,011584,bona_fide,0,0.28166550397872925,0,1
C:\Users\Zander Truong\Documents\coding\ekyc-face-pad\data\raw\celeba_spoof\SpoofingData\016568.jpg,016568,photo,1,0.9606356620788574,1,1
C:\Users\Zander Truong\Documents\coding\ekyc-face-pad\data\raw\celeba_spoof\SpoofingData\015722.jpg,015722,bona_fide,0,0.002258454216644168,0,1
C:\Users\Zander Truong\Documents\coding\ekyc-face-pad\data\raw\celeba_spoof\SpoofingData\005175.jpg,005175,bona_fide,0,0.01506906095892191,0,1
C:\Users\Zander Truong\Documents\coding\ekyc-face-pad\data\raw\celeba_spoof\SpoofingData\009655.jpg,009655,bona_fide,0,0.008398541249334812,0,1
C:\Users\Zander Truong\Documents\coding\ekyc-face-pad\data\raw\celeba_spoof\SpoofingData\009494.jpg,009494,bona_fide,0,0.1230560690164566,0,1
C:\Users\Zander Truong\Documents\coding\ekyc-face-pad\data\raw\celeba_spoof\SpoofingData\011186.jpg,011186,bona_fide,0,0.005826778244227171,0,1
C:\Users\Zander Truong\Documents\coding\ekyc-face-pad\data\raw\celeba_spoof\SpoofingData\003866.jpg,003866,photo,1,0.5738665461540222,1,1
C:\Users\Zander Truong\Documents\coding\ekyc-face-pad\data\raw\celeba_spoof\SpoofingData\011120.jpg,011120,photo,1,0.9911551475524902,1,1
C:\Users\Zander Truong\Documents\coding\ekyc-face-pad\data\raw\celeba_spoof\SpoofingData\010595.jpg,010595,photo,1,0.9952787160873413,1,1
C:\Users\Zander Truong\Documents\coding\ekyc-face-pad\data\raw\celeba_spoof\SpoofingData\006656.jpg,006656,bona_fide,0,0.26743146777153015,0,1
C:\Users\Zander Truong\Documents\coding\ekyc-face-pad\data\raw\celeba_spoof\SpoofingData\016646.jpg,016646,photo,1,0.8192999958992004,1,1
C:\Users\Zander Truong\Documents\coding\ekyc-face-pad\data\raw\celeba_spoof\SpoofingData\015489.jpg,015489,photo,1,0.9843025207519531,1,1
C:\Users\Zander Truong\Documents\coding\ekyc-face-pad\data\raw\celeba_spoof\SpoofingData\005065.jpg,005065,bona_fide,0,0.30449146032333374,0,1
C:\Users\Zander Truong\Documents\coding\ekyc-face-pad\data\raw\celeba_spoof\SpoofingData\002957.jpg,002957,photo,1,0.9035769701004028,1,1
C:\Users\Zander Truong\Documents\coding\ekyc-face-pad\data\raw\celeba_spoof\SpoofingData\001214.jpg,001214,photo,1,0.9668120741844177,1,1
C:\Users\Zander Truong\Documents\coding\ekyc-face-pad\data\raw\celeba_spoof\SpoofingData\005473.jpg,005473,photo,1,0.9440203309059143,1,1
C:\Users\Zander Truong\Documents\coding\ekyc-face-pad\data\raw\celeba_spoof\SpoofingData\004623.jpg,004623,photo,1,0.7296433448791504,1,1
C:\Users\Zander Truong\Documents\coding\ekyc-face-pad\data\raw\celeba_spoof\SpoofingData\015940.jpg,015940,bona_fide,0,0.0037654032930731773,0,1
C:\Users\Zander Truong\Documents\coding\ekyc-face-pad\data\raw\celeba_spoof\SpoofingData\012809.jpg,012809,photo,1,0.9759072661399841,1,1
C:\Users\Zander Truong\Documents\coding\ekyc-face-pad\data\raw\celeba_spoof\SpoofingData\001691.jpg,001691,photo,1,0.8764750957489014,1,1
C:\Users\Zander Truong\Documents\coding\ekyc-face-pad\data\raw\celeba_spoof\SpoofingData\004795.jpg,004795,photo,1,0.9215487837791443,1,1
C:\Users\Zander Truong\Documents\coding\ekyc-face-pad\data\raw\celeba_spoof\SpoofingData\007617.jpg,007617,photo,1,0.8791621923446655,1,1
C:\Users\Zander Truong\Documents\coding\ekyc-face-pad\data\raw\celeba_spoof\SpoofingData\001179.jpg,001179,bona_fide,0,0.11506777256727219,0,1
C:\Users\Zander Truong\Documents\coding\ekyc-face-pad\data\raw\celeba_spoof\SpoofingData\006866.jpg,006866,photo,1,0.8469991087913513,1,1
C:\Users\Zander Truong\Documents\coding\ekyc-face-pad\data\raw\celeba_spoof\SpoofingData\004995.jpg,004995,photo,1,0.9969226717948914,1,1
C:\Users\Zander Truong\Documents\coding\ekyc-face-pad\data\raw\celeba_spoof\SpoofingData\008852.jpg,008852,photo,1,0.9637593030929565,1,1
C:\Users\Zander Truong\Documents\coding\ekyc-face-pad\data\raw\celeba_spoof\SpoofingData\002821.jpg,002821,photo,1,0.9948558807373047,1,1
C:\Users\Zander Truong\Documents\coding\ekyc-face-pad\data\raw\celeba_spoof\SpoofingData\006046.jpg,006046,photo,1,0.9935665726661682,1,1
C:\Users\Zander Truong\Documents\coding\ekyc-face-pad\data\raw\celeba_spoof\SpoofingData\010976.jpg,010976,bona_fide,0,0.6030287742614746,1,0
C:\Users\Zander Truong\Documents\coding\ekyc-face-pad\data\raw\celeba_spoof\SpoofingData\011839.jpg,011839,photo,1,0.8310909867286682,1,1
C:\Users\Zander Truong\Documents\coding\ekyc-face-pad\data\raw\celeba_spoof\SpoofingData\004515.jpg,004515,photo,1,0.9984398484230042,1,1
C:\Users\Zander Truong\Documents\coding\ekyc-face-pad\data\raw\celeba_spoof\SpoofingData\006251.jpg,006251,bona_fide,0,0.6721825003623962,1,0
C:\Users\Zander Truong\Documents\coding\ekyc-face-pad\data\raw\celeba_spoof\SpoofingData\005277.jpg,005277,bona_fide,0,0.01753963716328144,0,1
C:\Users\Zander Truong\Documents\coding\ekyc-face-pad\data\raw\celeba_spoof\SpoofingData\002550.jpg,002550,photo,1,0.9730644822120667,1,1
C:\Users\Zander Truong\Documents\coding\ekyc-face-pad\data\raw\celeba_spoof\SpoofingData\005795.jpg,005795,photo,1,0.9425065517425537,1,1
C:\Users\Zander Truong\Documents\coding\ekyc-face-pad\data\raw\celeba_spoof\SpoofingData\007348.jpg,007348,photo,1,0.8235868215560913,1,1
C:\Users\Zander Truong\Documents\coding\ekyc-face-pad\data\raw\celeba_spoof\SpoofingData\016854.jpg,016854,bona_fide,0,0.44270890951156616,0,1
C:\Users\Zander Truong\Documents\coding\ekyc-face-pad\data\raw\celeba_spoof\SpoofingData\009831.jpg,009831,bona_fide,0,0.10232839733362198,0,1
C:\Users\Zander Truong\Documents\coding\ekyc-face-pad\data\raw\celeba_spoof\SpoofingData\017282.jpg,017282,photo,1,0.9660046696662903,1,1
C:\Users\Zander Truong\Documents\coding\ekyc-face-pad\data\raw\celeba_spoof\SpoofingData\016839.jpg,016839,photo,1,0.7836864590644836,1,1
C:\Users\Zander Truong\Documents\coding\ekyc-face-pad\data\raw\celeba_spoof\SpoofingData\002630.jpg,002630,photo,1,0.04688965156674385,0,0
C:\Users\Zander Truong\Documents\coding\ekyc-face-pad\data\raw\celeba_spoof\SpoofingData\001186.jpg,001186,bona_fide,0,0.01015834603458643,0,1
C:\Users\Zander Truong\Documents\coding\ekyc-face-pad\data\raw\celeba_spoof\SpoofingData\005081.jpg,005081,photo,1,0.9789890646934509,1,1
C:\Users\Zander Truong\Documents\coding\ekyc-face-pad\data\raw\celeba_spoof\SpoofingData\007744.jpg,007744,photo,1,0.9617729783058167,1,1
C:\Users\Zander Truong\Documents\coding\ekyc-face-pad\data\raw\celeba_spoof\SpoofingData\016564.jpg,016564,photo,1,0.8163927793502808,1,1
C:\Users\Zander Truong\Documents\coding\ekyc-face-pad\data\raw\celeba_spoof\SpoofingData\009147.jpg,009147,photo,1,0.8938049674034119,1,1
C:\Users\Zander Truong\Documents\coding\ekyc-face-pad\data\raw\celeba_spoof\SpoofingData\013393.jpg,013393,photo,1,0.9923740029335022,1,1
C:\Users\Zander Truong\Documents\coding\ekyc-face-pad\data\raw\celeba_spoof\SpoofingData\012328.jpg,012328,photo,1,0.7538959980010986,1,1
C:\Users\Zander Truong\Documents\coding\ekyc-face-pad\data\raw\celeba_spoof\SpoofingData\009593.jpg,009593,bona_fide,0,0.19126880168914795,0,1
C:\Users\Zander Truong\Documents\coding\ekyc-face-pad\data\raw\celeba_spoof\SpoofingData\011959.jpg,011959,photo,1,0.9638866186141968,1,1
C:\Users\Zander Truong\Documents\coding\ekyc-face-pad\data\raw\celeba_spoof\SpoofingData\004206.jpg,004206,photo,1,0.8078285455703735,1,1
C:\Users\Zander Truong\Documents\coding\ekyc-face-pad\data\raw\celeba_spoof\SpoofingData\004217.jpg,004217,bona_fide,0,0.5359411239624023,1,0
C:\Users\Zander Truong\Documents\coding\ekyc-face-pad\data\raw\celeba_spoof\SpoofingData\004842.jpg,004842,photo,1,0.9671226143836975,1,1
C:\Users\Zander Truong\Documents\coding\ekyc-face-pad\data\raw\celeba_spoof\SpoofingData\012455.jpg,012455,photo,1,0.29912638664245605,0,0
C:\Users\Zander Truong\Documents\coding\ekyc-face-pad\data\raw\celeba_spoof\SpoofingData\003179.jpg,003179,photo,1,0.9298234581947327,1,1
C:\Users\Zander Truong\Documents\coding\ekyc-face-pad\data\raw\celeba_spoof\SpoofingData\008189.jpg,008189,bona_fide,0,0.0267570111900568,0,1
C:\Users\Zander Truong\Documents\coding\ekyc-face-pad\data\raw\celeba_spoof\SpoofingData\009110.jpg,009110,photo,1,0.8676644563674927,1,1
C:\Users\Zander Truong\Documents\coding\ekyc-face-pad\data\raw\celeba_spoof\SpoofingData\014718.jpg,014718,bona_fide,0,0.09832379966974258,0,1
C:\Users\Zander Truong\Documents\coding\ekyc-face-pad\data\raw\celeba_spoof\SpoofingData\007304.jpg,007304,bona_fide,0,0.5976307988166809,1,0
C:\Users\Zander Truong\Documents\coding\ekyc-face-pad\data\raw\celeba_spoof\SpoofingData\012841.jpg,012841,photo,1,0.9936010241508484,1,1
C:\Users\Zander Truong\Documents\coding\ekyc-face-pad\data\raw\celeba_spoof\SpoofingData\009775.jpg,009775,photo,1,0.9487329125404358,1,1
C:\Users\Zander Truong\Documents\coding\ekyc-face-pad\data\raw\celeba_spoof\SpoofingData\011428.jpg,011428,photo,1,0.9554327726364136,1,1
C:\Users\Zander Truong\Documents\coding\ekyc-face-pad\data\raw\celeba_spoof\SpoofingData\000961.jpg,000961,photo,1,0.8488398194313049,1,1
C:\Users\Zander Truong\Documents\coding\ekyc-face-pad\data\raw\celeba_spoof\SpoofingData\004714.jpg,004714,bona_fide,0,0.21816404163837433,0,1
C:\Users\Zander Truong\Documents\coding\ekyc-face-pad\data\raw\celeba_spoof\SpoofingData\017283.jpg,017283,bona_fide,0,0.014644211158156395,0,1
C:\Users\Zander Truong\Documents\coding\ekyc-face-pad\data\raw\celeba_spoof\SpoofingData\006950.jpg,006950,bona_fide,0,0.03998429328203201,0,1
C:\Users\Zander Truong\Documents\coding\ekyc-face-pad\data\raw\celeba_spoof\SpoofingData\017736.jpg,017736,photo,1,0.7065075039863586,1,1
C:\Users\Zander Truong\Documents\coding\ekyc-face-pad\data\raw\celeba_spoof\SpoofingData\014974.jpg,014974,photo,1,0.9194518327713013,1,1
C:\Users\Zander Truong\Documents\coding\ekyc-face-pad\data\raw\celeba_spoof\SpoofingData\014649.jpg,014649,bona_fide,0,0.002383935498073697,0,1
C:\Users\Zander Truong\Documents\coding\ekyc-face-pad\data\raw\celeba_spoof\SpoofingData\001435.jpg,001435,photo,1,0.9369813203811646,1,1
C:\Users\Zander Truong\Documents\coding\ekyc-face-pad\data\raw\celeba_spoof\SpoofingData\007345.jpg,007345,photo,1,0.7543588876724243,1,1
C:\Users\Zander Truong\Documents\coding\ekyc-face-pad\data\raw\celeba_spoof\SpoofingData\016712.jpg,016712,bona_fide,0,0.9734089970588684,1,0
C:\Users\Zander Truong\Documents\coding\ekyc-face-pad\data\raw\celeba_spoof\SpoofingData\016101.jpg,016101,photo,1,0.9903836846351624,1,1
C:\Users\Zander Truong\Documents\coding\ekyc-face-pad\data\raw\celeba_spoof\SpoofingData\002730.jpg,002730,photo,1,0.8943909406661987,1,1
C:\Users\Zander Truong\Documents\coding\ekyc-face-pad\data\raw\celeba_spoof\SpoofingData\011404.jpg,011404,photo,1,0.9774407744407654,1,1
C:\Users\Zander Truong\Documents\coding\ekyc-face-pad\data\raw\celeba_spoof\SpoofingData\007939.jpg,007939,photo,1,0.6510311961174011,1,1
C:\Users\Zander Truong\Documents\coding\ekyc-face-pad\data\raw\celeba_spoof\SpoofingData\013248.jpg,013248,bona_fide,0,0.7697238922119141,1,0
C:\Users\Zander Truong\Documents\coding\ekyc-face-pad\data\raw\celeba_spoof\SpoofingData\017380.jpg,017380,bona_fide,0,0.0074746920727193356,0,1
C:\Users\Zander Truong\Documents\coding\ekyc-face-pad\data\raw\celeba_spoof\SpoofingData\001461.jpg,001461,photo,1,0.5814273357391357,1,1
C:\Users\Zander Truong\Documents\coding\ekyc-face-pad\data\raw\celeba_spoof\SpoofingData\006272.jpg,006272,photo,1,0.6402607560157776,1,1
C:\Users\Zander Truong\Documents\coding\ekyc-face-pad\data\raw\celeba_spoof\SpoofingData\002887.jpg,002887,photo,1,0.9963575005531311,1,1
C:\Users\Zander Truong\Documents\coding\ekyc-face-pad\data\raw\celeba_spoof\SpoofingData\002229.jpg,002229,photo,1,0.8409798741340637,1,1
C:\Users\Zander Truong\Documents\coding\ekyc-face-pad\data\raw\celeba_spoof\SpoofingData\001724.jpg,001724,photo,1,0.770976185798645,1,1
C:\Users\Zander Truong\Documents\coding\ekyc-face-pad\data\raw\celeba_spoof\SpoofingData\008245.jpg,008245,photo,1,0.6587238311767578,1,1
C:\Users\Zander Truong\Documents\coding\ekyc-face-pad\data\raw\celeba_spoof\SpoofingData\001326.jpg,001326,photo,1,0.9040882587432861,1,1
C:\Users\Zander Truong\Documents\coding\ekyc-face-pad\data\raw\celeba_spoof\SpoofingData\003407.jpg,003407,photo,1,0.8843485116958618,1,1
C:\Users\Zander Truong\Documents\coding\ekyc-face-pad\data\raw\celeba_spoof\SpoofingData\002384.jpg,002384,photo,1,0.972615122795105,1,1
C:\Users\Zander Truong\Documents\coding\ekyc-face-pad\data\raw\celeba_spoof\SpoofingData\004785.jpg,004785,bona_fide,0,0.0017167952610179782,0,1
C:\Users\Zander Truong\Documents\coding\ekyc-face-pad\data\raw\celeba_spoof\SpoofingData\006057.jpg,006057,bona_fide,0,0.026149697601795197,0,1
C:\Users\Zander Truong\Documents\coding\ekyc-face-pad\data\raw\celeba_spoof\SpoofingData\013584.jpg,013584,bona_fide,0,0.02234944887459278,0,1
C:\Users\Zander Truong\Documents\coding\ekyc-face-pad\data\raw\celeba_spoof\SpoofingData\003284.jpg,003284,photo,1,0.46201613545417786,0,0
C:\Users\Zander Truong\Documents\coding\ekyc-face-pad\data\raw\celeba_spoof\SpoofingData\009884.jpg,009884,photo,1,0.43061351776123047,0,0
C:\Users\Zander Truong\Documents\coding\ekyc-face-pad\data\raw\celeba_spoof\SpoofingData\016587.jpg,016587,bona_fide,0,0.026851588860154152,0,1
C:\Users\Zander Truong\Documents\coding\ekyc-face-pad\data\raw\celeba_spoof\SpoofingData\012770.jpg,012770,bona_fide,0,0.20997855067253113,0,1
C:\Users\Zander Truong\Documents\coding\ekyc-face-pad\data\raw\celeba_spoof\SpoofingData\003480.jpg,003480,photo,1,0.9874304533004761,1,1
C:\Users\Zander Truong\Documents\coding\ekyc-face-pad\data\raw\celeba_spoof\SpoofingData\001451.jpg,001451,photo,1,0.9148503541946411,1,1
C:\Users\Zander Truong\Documents\coding\ekyc-face-pad\data\raw\celeba_spoof\SpoofingData\005182.jpg,005182,photo,1,0.9700766801834106,1,1
C:\Users\Zander Truong\Documents\coding\ekyc-face-pad\data\raw\celeba_spoof\SpoofingData\006692.jpg,006692,photo,1,0.8156073689460754,1,1
C:\Users\Zander Truong\Documents\coding\ekyc-face-pad\data\raw\celeba_spoof\SpoofingData\006380.jpg,006380,photo,1,0.8498826026916504,1,1
C:\Users\Zander Truong\Documents\coding\ekyc-face-pad\data\raw\celeba_spoof\SpoofingData\000701.jpg,000701,photo,1,0.76954185962677,1,1
C:\Users\Zander Truong\Documents\coding\ekyc-face-pad\data\raw\celeba_spoof\SpoofingData\003031.jpg,003031,bona_fide,0,0.03069831244647503,0,1
C:\Users\Zander Truong\Documents\coding\ekyc-face-pad\data\raw\celeba_spoof\SpoofingData\002917.jpg,002917,photo,1,0.7521092295646667,1,1
C:\Users\Zander Truong\Documents\coding\ekyc-face-pad\data\raw\celeba_spoof\SpoofingData\005613.jpg,005613,photo,1,0.9853671789169312,1,1
C:\Users\Zander Truong\Documents\coding\ekyc-face-pad\data\raw\celeba_spoof\SpoofingData\014837.jpg,014837,photo,1,0.9821622967720032,1,1
C:\Users\Zander Truong\Documents\coding\ekyc-face-pad\data\raw\celeba_spoof\SpoofingData\010824.jpg,010824,photo,1,0.40679967403411865,0,0
C:\Users\Zander Truong\Documents\coding\ekyc-face-pad\data\raw\celeba_spoof\SpoofingData\005890.jpg,005890,photo,1,0.6229653358459473,1,1
C:\Users\Zander Truong\Documents\coding\ekyc-face-pad\data\raw\celeba_spoof\SpoofingData\001048.jpg,001048,photo,1,0.9956817626953125,1,1
C:\Users\Zander Truong\Documents\coding\ekyc-face-pad\data\raw\celeba_spoof\SpoofingData\016816.jpg,016816,bona_fide,0,0.020612454041838646,0,1
C:\Users\Zander Truong\Documents\coding\ekyc-face-pad\data\raw\celeba_spoof\SpoofingData\002262.jpg,002262,photo,1,0.8744671940803528,1,1
C:\Users\Zander Truong\Documents\coding\ekyc-face-pad\data\raw\celeba_spoof\SpoofingData\014650.jpg,014650,photo,1,0.9353641867637634,1,1
C:\Users\Zander Truong\Documents\coding\ekyc-face-pad\data\raw\celeba_spoof\SpoofingData\011052.jpg,011052,bona_fide,0,0.9485524296760559,1,0
C:\Users\Zander Truong\Documents\coding\ekyc-face-pad\data\raw\celeba_spoof\SpoofingData\014389.jpg,014389,photo,1,0.9870391488075256,1,1
C:\Users\Zander Truong\Documents\coding\ekyc-face-pad\data\raw\celeba_spoof\SpoofingData\004607.jpg,004607,photo,1,0.7280903458595276,1,1
C:\Users\Zander Truong\Documents\coding\ekyc-face-pad\data\raw\celeba_spoof\SpoofingData\017037.jpg,017037,photo,1,0.9535130262374878,1,1
C:\Users\Zander Truong\Documents\coding\ekyc-face-pad\data\raw\celeba_spoof\SpoofingData\013071.jpg,013071,photo,1,0.8936854600906372,1,1
C:\Users\Zander Truong\Documents\coding\ekyc-face-pad\data\raw\celeba_spoof\SpoofingData\002919.jpg,002919,photo,1,0.49572131037712097,0,0
C:\Users\Zander Truong\Documents\coding\ekyc-face-pad\data\raw\celeba_spoof\SpoofingData\001614.jpg,001614,photo,1,0.8955302238464355,1,1
C:\Users\Zander Truong\Documents\coding\ekyc-face-pad\data\raw\celeba_spoof\SpoofingData\008155.jpg,008155,photo,1,0.9894968271255493,1,1
C:\Users\Zander Truong\Documents\coding\ekyc-face-pad\data\raw\celeba_spoof\SpoofingData\004573.jpg,004573,bona_fide,0,0.2174118012189865,0,1
C:\Users\Zander Truong\Documents\coding\ekyc-face-pad\data\raw\celeba_spoof\SpoofingData\017695.jpg,017695,bona_fide,0,0.25760558247566223,0,1
C:\Users\Zander Truong\Documents\coding\ekyc-face-pad\data\raw\celeba_spoof\SpoofingData\014653.jpg,014653,photo,1,0.9087539911270142,1,1
C:\Users\Zander Truong\Documents\coding\ekyc-face-pad\data\raw\celeba_spoof\SpoofingData\015553.jpg,015553,photo,1,0.9450584053993225,1,1
C:\Users\Zander Truong\Documents\coding\ekyc-face-pad\data\raw\celeba_spoof\SpoofingData\004930.jpg,004930,photo,1,0.9957373142242432,1,1
C:\Users\Zander Truong\Documents\coding\ekyc-face-pad\data\raw\celeba_spoof\SpoofingData\006777.jpg,006777,photo,1,0.9706682562828064,1,1
C:\Users\Zander Truong\Documents\coding\ekyc-face-pad\data\raw\celeba_spoof\SpoofingData\005497.jpg,005497,photo,1,0.9515728950500488,1,1
C:\Users\Zander Truong\Documents\coding\ekyc-face-pad\data\raw\celeba_spoof\SpoofingData\000860.jpg,000860,photo,1,0.6271724104881287,1,1
C:\Users\Zander Truong\Documents\coding\ekyc-face-pad\data\raw\celeba_spoof\SpoofingData\012896.jpg,012896,photo,1,0.9613528251647949,1,1
C:\Users\Zander Truong\Documents\coding\ekyc-face-pad\data\raw\celeba_spoof\SpoofingData\002317.jpg,002317,photo,1,0.9628942012786865,1,1
C:\Users\Zander Truong\Documents\coding\ekyc-face-pad\data\raw\celeba_spoof\SpoofingData\015177.jpg,015177,photo,1,0.9717422723770142,1,1
C:\Users\Zander Truong\Documents\coding\ekyc-face-pad\data\raw\celeba_spoof\SpoofingData\011861.jpg,011861,bona_fide,0,0.42677468061447144,0,1
C:\Users\Zander Truong\Documents\coding\ekyc-face-pad\data\raw\celeba_spoof\SpoofingData\005894.jpg,005894,bona_fide,0,0.09295911341905594,0,1
C:\Users\Zander Truong\Documents\coding\ekyc-face-pad\data\raw\celeba_spoof\SpoofingData\008609.jpg,008609,photo,1,0.982316792011261,1,1
C:\Users\Zander Truong\Documents\coding\ekyc-face-pad\data\raw\celeba_spoof\SpoofingData\005037.jpg,005037,bona_fide,0,0.10129011422395706,0,1
C:\Users\Zander Truong\Documents\coding\ekyc-face-pad\data\raw\celeba_spoof\SpoofingData\012048.jpg,012048,photo,1,0.9634529948234558,1,1
C:\Users\Zander Truong\Documents\coding\ekyc-face-pad\data\raw\celeba_spoof\SpoofingData\011696.jpg,011696,bona_fide,0,0.22857417166233063,0,1
C:\Users\Zander Truong\Documents\coding\ekyc-face-pad\data\raw\celeba_spoof\SpoofingData\017530.jpg,017530,photo,1,0.7961479425430298,1,1
C:\Users\Zander Truong\Documents\coding\ekyc-face-pad\data\raw\celeba_spoof\SpoofingData\000019.jpg,000019,photo,1,0.9691181182861328,1,1
C:\Users\Zander Truong\Documents\coding\ekyc-face-pad\data\raw\celeba_spoof\SpoofingData\015299.jpg,015299,photo,1,0.8526639938354492,1,1
C:\Users\Zander Truong\Documents\coding\ekyc-face-pad\data\raw\celeba_spoof\SpoofingData\002464.jpg,002464,photo,1,0.9835357666015625,1,1
C:\Users\Zander Truong\Documents\coding\ekyc-face-pad\data\raw\celeba_spoof\SpoofingData\004844.jpg,004844,photo,1,0.8596747517585754,1,1
C:\Users\Zander Truong\Documents\coding\ekyc-face-pad\data\raw\celeba_spoof\SpoofingData\014670.jpg,014670,photo,1,0.9665602445602417,1,1
C:\Users\Zander Truong\Documents\coding\ekyc-face-pad\data\raw\celeba_spoof\SpoofingData\014745.jpg,014745,bona_fide,0,0.04144442453980446,0,1
C:\Users\Zander Truong\Documents\coding\ekyc-face-pad\data\raw\celeba_spoof\SpoofingData\017615.jpg,017615,photo,1,0.9856604337692261,1,1
C:\Users\Zander Truong\Documents\coding\ekyc-face-pad\data\raw\celeba_spoof\SpoofingData\011629.jpg,011629,photo,1,0.9892809987068176,1,1
C:\Users\Zander Truong\Documents\coding\ekyc-face-pad\data\raw\celeba_spoof\SpoofingData\002848.jpg,002848,photo,1,0.7182190418243408,1,1
C:\Users\Zander Truong\Documents\coding\ekyc-face-pad\data\raw\celeba_spoof\SpoofingData\014578.jpg,014578,bona_fide,0,0.23706109821796417,0,1
C:\Users\Zander Truong\Documents\coding\ekyc-face-pad\data\raw\celeba_spoof\SpoofingData\016366.jpg,016366,photo,1,0.9338071346282959,1,1
C:\Users\Zander Truong\Documents\coding\ekyc-face-pad\data\raw\celeba_spoof\SpoofingData\012319.jpg,012319,photo,1,0.3111344575881958,0,0
C:\Users\Zander Truong\Documents\coding\ekyc-face-pad\data\raw\celeba_spoof\SpoofingData\003236.jpg,003236,photo,1,0.5000192523002625,1,1
C:\Users\Zander Truong\Documents\coding\ekyc-face-pad\data\raw\celeba_spoof\SpoofingData\001100.jpg,001100,bona_fide,0,0.5287343859672546,1,0
C:\Users\Zander Truong\Documents\coding\ekyc-face-pad\data\raw\celeba_spoof\SpoofingData\008906.jpg,008906,photo,1,0.9887056946754456,1,1
C:\Users\Zander Truong\Documents\coding\ekyc-face-pad\data\raw\celeba_spoof\SpoofingData\003811.jpg,003811,photo,1,0.9890900254249573,1,1
C:\Users\Zander Truong\Documents\coding\ekyc-face-pad\data\raw\celeba_spoof\SpoofingData\000595.jpg,000595,bona_fide,0,0.08428749442100525,0,1
C:\Users\Zander Truong\Documents\coding\ekyc-face-pad\data\raw\celeba_spoof\SpoofingData\000645.jpg,000645,bona_fide,0,0.6444389820098877,1,0
C:\Users\Zander Truong\Documents\coding\ekyc-face-pad\data\raw\celeba_spoof\SpoofingData\007551.jpg,007551,photo,1,0.7812963724136353,1,1
C:\Users\Zander Truong\Documents\coding\ekyc-face-pad\data\raw\celeba_spoof\SpoofingData\007530.jpg,007530,photo,1,0.7474671006202698,1,1
C:\Users\Zander Truong\Documents\coding\ekyc-face-pad\data\raw\celeba_spoof\SpoofingData\004671.jpg,004671,photo,1,0.9832436442375183,1,1
C:\Users\Zander Truong\Documents\coding\ekyc-face-pad\data\raw\celeba_spoof\SpoofingData\004391.jpg,004391,photo,1,0.9980592131614685,1,1
C:\Users\Zander Truong\Documents\coding\ekyc-face-pad\data\raw\celeba_spoof\SpoofingData\014047.jpg,014047,bona_fide,0,0.19254551827907562,0,1
C:\Users\Zander Truong\Documents\coding\ekyc-face-pad\data\raw\celeba_spoof\SpoofingData\013141.jpg,013141,photo,1,0.9479321241378784,1,1
C:\Users\Zander Truong\Documents\coding\ekyc-face-pad\data\raw\celeba_spoof\SpoofingData\007676.jpg,007676,photo,1,0.8152531981468201,1,1
C:\Users\Zander Truong\Documents\coding\ekyc-face-pad\data\raw\celeba_spoof\SpoofingData\004817.jpg,004817,photo,1,0.8112009763717651,1,1
C:\Users\Zander Truong\Documents\coding\ekyc-face-pad\data\raw\celeba_spoof\SpoofingData\014443.jpg,014443,photo,1,0.752069354057312,1,1
C:\Users\Zander Truong\Documents\coding\ekyc-face-pad\data\raw\celeba_spoof\SpoofingData\007874.jpg,007874,bona_fide,0,0.5779645442962646,1,0
C:\Users\Zander Truong\Documents\coding\ekyc-face-pad\data\raw\celeba_spoof\SpoofingData\000240.jpg,000240,photo,1,0.9397871494293213,1,1
C:\Users\Zander Truong\Documents\coding\ekyc-face-pad\data\raw\celeba_spoof\SpoofingData\009474.jpg,009474,photo,1,0.9182010889053345,1,1
C:\Users\Zander Truong\Documents\coding\ekyc-face-pad\data\raw\celeba_spoof\SpoofingData\015480.jpg,015480,bona_fide,0,0.28677210211753845,0,1
C:\Users\Zander Truong\Documents\coding\ekyc-face-pad\data\raw\celeba_spoof\SpoofingData\015041.jpg,015041,photo,1,0.7354551553726196,1,1
C:\Users\Zander Truong\Documents\coding\ekyc-face-pad\data\raw\celeba_spoof\SpoofingData\005220.jpg,005220,bona_fide,0,0.1556788682937622,0,1
C:\Users\Zander Truong\Documents\coding\ekyc-face-pad\data\raw\celeba_spoof\SpoofingData\007620.jpg,007620,photo,1,0.9904369711875916,1,1
C:\Users\Zander Truong\Documents\coding\ekyc-face-pad\data\raw\celeba_spoof\SpoofingData\004722.jpg,004722,photo,1,0.8765704035758972,1,1
C:\Users\Zander Truong\Documents\coding\ekyc-face-pad\data\raw\celeba_spoof\SpoofingData\002799.jpg,002799,photo,1,0.9904853701591492,1,1
C:\Users\Zander Truong\Documents\coding\ekyc-face-pad\data\raw\celeba_spoof\SpoofingData\010373.jpg,010373,bona_fide,0,0.005693549290299416,0,1
C:\Users\Zander Truong\Documents\coding\ekyc-face-pad\data\raw\celeba_spoof\SpoofingData\012473.jpg,012473,bona_fide,0,0.28588011860847473,0,1
C:\Users\Zander Truong\Documents\coding\ekyc-face-pad\data\raw\celeba_spoof\SpoofingData\008178.jpg,008178,bona_fide,0,0.14503778517246246,0,1
C:\Users\Zander Truong\Documents\coding\ekyc-face-pad\data\raw\celeba_spoof\SpoofingData\008706.jpg,008706,photo,1,0.9610496163368225,1,1
C:\Users\Zander Truong\Documents\coding\ekyc-face-pad\data\raw\celeba_spoof\SpoofingData\006015.jpg,006015,photo,1,0.8836973905563354,1,1
C:\Users\Zander Truong\Documents\coding\ekyc-face-pad\data\raw\celeba_spoof\SpoofingData\000988.jpg,000988,photo,1,0.8705549240112305,1,1
C:\Users\Zander Truong\Documents\coding\ekyc-face-pad\data\raw\celeba_spoof\SpoofingData\008077.jpg,008077,bona_fide,0,0.4377667009830475,0,1
C:\Users\Zander Truong\Documents\coding\ekyc-face-pad\data\raw\celeba_spoof\SpoofingData\014730.jpg,014730,bona_fide,0,0.014132841490209103,0,1
C:\Users\Zander Truong\Documents\coding\ekyc-face-pad\data\raw\celeba_spoof\SpoofingData\009023.jpg,009023,bona_fide,0,0.010401714593172073,0,1
C:\Users\Zander Truong\Documents\coding\ekyc-face-pad\data\raw\celeba_spoof\SpoofingData\006263.jpg,006263,bona_fide,0,0.6574746966362,1,0
C:\Users\Zander Truong\Documents\coding\ekyc-face-pad\data\raw\celeba_spoof\SpoofingData\009447.jpg,009447,bona_fide,0,0.15035168826580048,0,1
C:\Users\Zander Truong\Documents\coding\ekyc-face-pad\data\raw\celeba_spoof\SpoofingData\009810.jpg,009810,photo,1,0.6955061554908752,1,1
C:\Users\Zander Truong\Documents\coding\ekyc-face-pad\data\raw\celeba_spoof\SpoofingData\003142.jpg,003142,photo,1,0.4953266382217407,0,0
C:\Users\Zander Truong\Documents\coding\ekyc-face-pad\data\raw\celeba_spoof\SpoofingData\001471.jpg,001471,photo,1,0.37567445635795593,0,0
C:\Users\Zander Truong\Documents\coding\ekyc-face-pad\data\raw\celeba_spoof\SpoofingData\010987.jpg,010987,photo,1,0.9128260016441345,1,1
C:\Users\Zander Truong\Documents\coding\ekyc-face-pad\data\raw\celeba_spoof\SpoofingData\007626.jpg,007626,photo,1,0.9557231068611145,1,1
C:\Users\Zander Truong\Documents\coding\ekyc-face-pad\data\raw\celeba_spoof\SpoofingData\010938.jpg,010938,bona_fide,0,0.030171673744916916,0,1
C:\Users\Zander Truong\Documents\coding\ekyc-face-pad\data\raw\celeba_spoof\SpoofingData\009253.jpg,009253,photo,1,0.967789888381958,1,1
C:\Users\Zander Truong\Documents\coding\ekyc-face-pad\data\raw\celeba_spoof\SpoofingData\009743.jpg,009743,photo,1,0.9283450841903687,1,1
C:\Users\Zander Truong\Documents\coding\ekyc-face-pad\data\raw\celeba_spoof\SpoofingData\006749.jpg,006749,bona_fide,0,0.277284175157547,0,1
C:\Users\Zander Truong\Documents\coding\ekyc-face-pad\data\raw\celeba_spoof\SpoofingData\013267.jpg,013267,bona_fide,0,0.4206816852092743,0,1
C:\Users\Zander Truong\Documents\coding\ekyc-face-pad\data\raw\celeba_spoof\SpoofingData\010177.jpg,010177,photo,1,0.98121577501297,1,1
C:\Users\Zander Truong\Documents\coding\ekyc-face-pad\data\raw\celeba_spoof\SpoofingData\006678.jpg,006678,photo,1,0.16613788902759552,0,0
C:\Users\Zander Truong\Documents\coding\ekyc-face-pad\data\raw\celeba_spoof\SpoofingData\003104.jpg,003104,bona_fide,0,0.17325808107852936,0,1
C:\Users\Zander Truong\Documents\coding\ekyc-face-pad\data\raw\celeba_spoof\SpoofingData\010668.jpg,010668,photo,1,0.9821496605873108,1,1
C:\Users\Zander Truong\Documents\coding\ekyc-face-pad\data\raw\celeba_spoof\SpoofingData\010925.jpg,010925,bona_fide,0,0.112526074051857,0,1
C:\Users\Zander Truong\Documents\coding\ekyc-face-pad\data\raw\celeba_spoof\SpoofingData\014130.jpg,014130,photo,1,0.9197010397911072,1,1
C:\Users\Zander Truong\Documents\coding\ekyc-face-pad\data\raw\celeba_spoof\SpoofingData\014080.jpg,014080,photo,1,0.9644051194190979,1,1
C:\Users\Zander Truong\Documents\coding\ekyc-face-pad\data\raw\celeba_spoof\SpoofingData\017742.jpg,017742,bona_fide,0,0.08935049176216125,0,1
C:\Users\Zander Truong\Documents\coding\ekyc-face-pad\data\raw\celeba_spoof\SpoofingData\014519.jpg,014519,bona_fide,0,0.023189602419734,0,1
C:\Users\Zander Truong\Documents\coding\ekyc-face-pad\data\raw\celeba_spoof\SpoofingData\016660.jpg,016660,photo,1,0.9517297744750977,1,1
C:\Users\Zander Truong\Documents\coding\ekyc-face-pad\data\raw\celeba_spoof\SpoofingData\002911.jpg,002911,photo,1,0.9576844573020935,1,1
C:\Users\Zander Truong\Documents\coding\ekyc-face-pad\data\raw\celeba_spoof\SpoofingData\004080.jpg,004080,photo,1,0.9619879722595215,1,1
C:\Users\Zander Truong\Documents\coding\ekyc-face-pad\data\raw\celeba_spoof\SpoofingData\002778.jpg,002778,bona_fide,0,0.1630360335111618,0,1
C:\Users\Zander Truong\Documents\coding\ekyc-face-pad\data\raw\celeba_spoof\SpoofingData\015080.jpg,015080,photo,1,0.8539221286773682,1,1
C:\Users\Zander Truong\Documents\coding\ekyc-face-pad\data\raw\celeba_spoof\SpoofingData\013048.jpg,013048,bona_fide,0,0.0870487242937088,0,1
C:\Users\Zander Truong\Documents\coding\ekyc-face-pad\data\raw\celeba_spoof\SpoofingData\001765.jpg,001765,photo,1,0.7866991758346558,1,1
C:\Users\Zander Truong\Documents\coding\ekyc-face-pad\data\raw\celeba_spoof\SpoofingData\009261.jpg,009261,photo,1,0.9942324757575989,1,1
C:\Users\Zander Truong\Documents\coding\ekyc-face-pad\data\raw\celeba_spoof\SpoofingData\012648.jpg,012648,photo,1,0.9440048933029175,1,1
C:\Users\Zander Truong\Documents\coding\ekyc-face-pad\data\raw\celeba_spoof\SpoofingData\006795.jpg,006795,photo,1,0.9196578860282898,1,1
C:\Users\Zander Truong\Documents\coding\ekyc-face-pad\data\raw\celeba_spoof\SpoofingData\003987.jpg,003987,photo,1,0.838250994682312,1,1
C:\Users\Zander Truong\Documents\coding\ekyc-face-pad\data\raw\celeba_spoof\SpoofingData\013471.jpg,013471,bona_fide,0,0.8006182909011841,1,0
C:\Users\Zander Truong\Documents\coding\ekyc-face-pad\data\raw\celeba_spoof\SpoofingData\016221.jpg,016221,bona_fide,0,0.013624558225274086,0,1
C:\Users\Zander Truong\Documents\coding\ekyc-face-pad\data\raw\celeba_spoof\SpoofingData\014963.jpg,014963,photo,1,0.8518747091293335,1,1
C:\Users\Zander Truong\Documents\coding\ekyc-face-pad\data\raw\celeba_spoof\SpoofingData\001535.jpg,001535,bona_fide,0,0.0438309945166111,0,1
C:\Users\Zander Truong\Documents\coding\ekyc-face-pad\data\raw\celeba_spoof\SpoofingData\012885.jpg,012885,photo,1,0.9901098608970642,1,1
C:\Users\Zander Truong\Documents\coding\ekyc-face-pad\data\raw\celeba_spoof\SpoofingData\017006.jpg,017006,photo,1,0.9117631912231445,1,1
C:\Users\Zander Truong\Documents\coding\ekyc-face-pad\data\raw\celeba_spoof\SpoofingData\017562.jpg,017562,bona_fide,0,0.06827270239591599,0,1
C:\Users\Zander Truong\Documents\coding\ekyc-face-pad\data\raw\celeba_spoof\SpoofingData\007960.jpg,007960,photo,1,0.9739649295806885,1,1
C:\Users\Zander Truong\Documents\coding\ekyc-face-pad\data\raw\celeba_spoof\SpoofingData\004059.jpg,004059,photo,1,0.981571614742279,1,1
C:\Users\Zander Truong\Documents\coding\ekyc-face-pad\data\raw\celeba_spoof\SpoofingData\003115.jpg,003115,bona_fide,0,0.011345941573381424,0,1
C:\Users\Zander Truong\Documents\coding\ekyc-face-pad\data\raw\celeba_spoof\SpoofingData\005712.jpg,005712,photo,1,0.9763041138648987,1,1
C:\Users\Zander Truong\Documents\coding\ekyc-face-pad\data\raw\celeba_spoof\SpoofingData\005294.jpg,005294,photo,1,0.9675338864326477,1,1
C:\Users\Zander Truong\Documents\coding\ekyc-face-pad\data\raw\celeba_spoof\SpoofingData\012498.jpg,012498,photo,1,0.8884857296943665,1,1
C:\Users\Zander Truong\Documents\coding\ekyc-face-pad\data\raw\celeba_spoof\SpoofingData\014325.jpg,014325,photo,1,0.42246052622795105,0,0
C:\Users\Zander Truong\Documents\coding\ekyc-face-pad\data\raw\celeba_spoof\SpoofingData\001681.jpg,001681,bona_fide,0,0.07932426780462265,0,1
C:\Users\Zander Truong\Documents\coding\ekyc-face-pad\data\raw\celeba_spoof\SpoofingData\017242.jpg,017242,bona_fide,0,0.4754754602909088,0,1
C:\Users\Zander Truong\Documents\coding\ekyc-face-pad\data\raw\celeba_spoof\SpoofingData\003641.jpg,003641,photo,1,0.9808912873268127,1,1
C:\Users\Zander Truong\Documents\coding\ekyc-face-pad\data\raw\celeba_spoof\SpoofingData\010370.jpg,010370,bona_fide,0,0.04858402535319328,0,1
C:\Users\Zander Truong\Documents\coding\ekyc-face-pad\data\raw\celeba_spoof\SpoofingData\014855.jpg,014855,bona_fide,0,0.2885081171989441,0,1
C:\Users\Zander Truong\Documents\coding\ekyc-face-pad\data\raw\celeba_spoof\SpoofingData\017154.jpg,017154,photo,1,0.9539608359336853,1,1
C:\Users\Zander Truong\Documents\coding\ekyc-face-pad\data\raw\celeba_spoof\SpoofingData\016064.jpg,016064,bona_fide,0,0.015268825925886631,0,1
C:\Users\Zander Truong\Documents\coding\ekyc-face-pad\data\raw\celeba_spoof\SpoofingData\000736.jpg,000736,photo,1,0.9708244800567627,1,1
C:\Users\Zander Truong\Documents\coding\ekyc-face-pad\data\raw\celeba_spoof\SpoofingData\000445.jpg,000445,photo,1,0.929293692111969,1,1
C:\Users\Zander Truong\Documents\coding\ekyc-face-pad\data\raw\celeba_spoof\SpoofingData\013649.jpg,013649,photo,1,0.9972455501556396,1,1
C:\Users\Zander Truong\Documents\coding\ekyc-face-pad\data\raw\celeba_spoof\SpoofingData\009538.jpg,009538,photo,1,0.9339579939842224,1,1
C:\Users\Zander Truong\Documents\coding\ekyc-face-pad\data\raw\celeba_spoof\SpoofingData\015752.jpg,015752,bona_fide,0,0.42351359128952026,0,1
C:\Users\Zander Truong\Documents\coding\ekyc-face-pad\data\raw\celeba_spoof\SpoofingData\004403.jpg,004403,photo,1,0.928095817565918,1,1
C:\Users\Zander Truong\Documents\coding\ekyc-face-pad\data\raw\celeba_spoof\SpoofingData\011406.jpg,011406,photo,1,0.8056057095527649,1,1
C:\Users\Zander Truong\Documents\coding\ekyc-face-pad\data\raw\celeba_spoof\SpoofingData\004204.jpg,004204,photo,1,0.9828946590423584,1,1
C:\Users\Zander Truong\Documents\coding\ekyc-face-pad\data\raw\celeba_spoof\SpoofingData\009528.jpg,009528,photo,1,0.38835781812667847,0,0
C:\Users\Zander Truong\Documents\coding\ekyc-face-pad\data\raw\celeba_spoof\SpoofingData\015120.jpg,015120,photo,1,0.9656314253807068,1,1
C:\Users\Zander Truong\Documents\coding\ekyc-face-pad\data\raw\celeba_spoof\SpoofingData\013036.jpg,013036,photo,1,0.95501309633255,1,1
C:\Users\Zander Truong\Documents\coding\ekyc-face-pad\data\raw\celeba_spoof\SpoofingData\007439.jpg,007439,photo,1,0.9757039546966553,1,1
C:\Users\Zander Truong\Documents\coding\ekyc-face-pad\data\raw\celeba_spoof\SpoofingData\004385.jpg,004385,photo,1,0.9919734001159668,1,1
C:\Users\Zander Truong\Documents\coding\ekyc-face-pad\data\raw\celeba_spoof\SpoofingData\000387.jpg,000387,photo,1,0.8420175909996033,1,1
C:\Users\Zander Truong\Documents\coding\ekyc-face-pad\data\raw\celeba_spoof\SpoofingData\010979.jpg,010979,bona_fide,0,0.06644470244646072,0,1
C:\Users\Zander Truong\Documents\coding\ekyc-face-pad\data\raw\celeba_spoof\SpoofingData\002833.jpg,002833,photo,1,0.33325639367103577,0,0
C:\Users\Zander Truong\Documents\coding\ekyc-face-pad\data\raw\celeba_spoof\SpoofingData\006364.jpg,006364,photo,1,0.743424117565155,1,1
C:\Users\Zander Truong\Documents\coding\ekyc-face-pad\data\raw\celeba_spoof\SpoofingData\002594.jpg,002594,photo,1,0.953620433807373,1,1
C:\Users\Zander Truong\Documents\coding\ekyc-face-pad\data\raw\celeba_spoof\SpoofingData\000126.jpg,000126,photo,1,0.6557619571685791,1,1
C:\Users\Zander Truong\Documents\coding\ekyc-face-pad\data\raw\celeba_spoof\SpoofingData\007381.jpg,007381,photo,1,0.9049004316329956,1,1
C:\Users\Zander Truong\Documents\coding\ekyc-face-pad\data\raw\celeba_spoof\SpoofingData\009844.jpg,009844,photo,1,0.7187730669975281,1,1
C:\Users\Zander Truong\Documents\coding\ekyc-face-pad\data\raw\celeba_spoof\SpoofingData\010199.jpg,010199,photo,1,0.9393989443778992,1,1
C:\Users\Zander Truong\Documents\coding\ekyc-face-pad\data\raw\celeba_spoof\SpoofingData\014115.jpg,014115,photo,1,0.725124180316925,1,1
C:\Users\Zander Truong\Documents\coding\ekyc-face-pad\data\raw\celeba_spoof\SpoofingData\009834.jpg,009834,bona_fide,0,0.13251253962516785,0,1
C:\Users\Zander Truong\Documents\coding\ekyc-face-pad\data\raw\celeba_spoof\SpoofingData\016370.jpg,016370,bona_fide,0,0.18276990950107574,0,1
C:\Users\Zander Truong\Documents\coding\ekyc-face-pad\data\raw\celeba_spoof\SpoofingData\007582.jpg,007582,photo,1,0.9959832429885864,1,1
C:\Users\Zander Truong\Documents\coding\ekyc-face-pad\data\raw\celeba_spoof\SpoofingData\006154.jpg,006154,photo,1,0.9855369925498962,1,1
C:\Users\Zander Truong\Documents\coding\ekyc-face-pad\data\raw\celeba_spoof\SpoofingData\006708.jpg,006708,bona_fide,0,0.6068688035011292,1,0
C:\Users\Zander Truong\Documents\coding\ekyc-face-pad\data\raw\celeba_spoof\SpoofingData\006901.jpg,006901,photo,1,0.9322736859321594,1,1
C:\Users\Zander Truong\Documents\coding\ekyc-face-pad\data\raw\celeba_spoof\SpoofingData\014676.jpg,014676,photo,1,0.9557889699935913,1,1
C:\Users\Zander Truong\Documents\coding\ekyc-face-pad\data\raw\celeba_spoof\SpoofingData\011481.jpg,011481,photo,1,0.9521118402481079,1,1
C:\Users\Zander Truong\Documents\coding\ekyc-face-pad\data\raw\celeba_spoof\SpoofingData\006547.jpg,006547,photo,1,0.9729592800140381,1,1
C:\Users\Zander Truong\Documents\coding\ekyc-face-pad\data\raw\celeba_spoof\SpoofingData\008647.jpg,008647,bona_fide,0,0.07555194199085236,0,1
C:\Users\Zander Truong\Documents\coding\ekyc-face-pad\data\raw\celeba_spoof\SpoofingData\003651.jpg,003651,photo,1,0.8358739018440247,1,1
C:\Users\Zander Truong\Documents\coding\ekyc-face-pad\data\raw\celeba_spoof\SpoofingData\012709.jpg,012709,photo,1,0.9554650783538818,1,1
C:\Users\Zander Truong\Documents\coding\ekyc-face-pad\data\raw\celeba_spoof\SpoofingData\011083.jpg,011083,bona_fide,0,0.9105669260025024,1,0
C:\Users\Zander Truong\Documents\coding\ekyc-face-pad\data\raw\celeba_spoof\SpoofingData\011480.jpg,011480,photo,1,0.10436715930700302,0,0
C:\Users\Zander Truong\Documents\coding\ekyc-face-pad\data\raw\celeba_spoof\SpoofingData\017205.jpg,017205,photo,1,0.8562378883361816,1,1
C:\Users\Zander Truong\Documents\coding\ekyc-face-pad\data\raw\celeba_spoof\SpoofingData\011719.jpg,011719,photo,1,0.9629809856414795,1,1
C:\Users\Zander Truong\Documents\coding\ekyc-face-pad\data\raw\celeba_spoof\SpoofingData\007631.jpg,007631,photo,1,0.9906937479972839,1,1
C:\Users\Zander Truong\Documents\coding\ekyc-face-pad\data\raw\celeba_spoof\SpoofingData\005476.jpg,005476,photo,1,0.9565187096595764,1,1
C:\Users\Zander Truong\Documents\coding\ekyc-face-pad\data\raw\celeba_spoof\SpoofingData\004340.jpg,004340,photo,1,0.6233286261558533,1,1
C:\Users\Zander Truong\Documents\coding\ekyc-face-pad\data\raw\celeba_spoof\SpoofingData\010609.jpg,010609,photo,1,0.7891203165054321,1,1
C:\Users\Zander Truong\Documents\coding\ekyc-face-pad\data\raw\celeba_spoof\SpoofingData\006578.jpg,006578,photo,1,0.9880111813545227,1,1
C:\Users\Zander Truong\Documents\coding\ekyc-face-pad\data\raw\celeba_spoof\SpoofingData\004326.jpg,004326,photo,1,0.5204629898071289,1,1
C:\Users\Zander Truong\Documents\coding\ekyc-face-pad\data\raw\celeba_spoof\SpoofingData\003927.jpg,003927,photo,1,0.9968144297599792,1,1
C:\Users\Zander Truong\Documents\coding\ekyc-face-pad\data\raw\celeba_spoof\SpoofingData\003802.jpg,003802,photo,1,0.969037652015686,1,1
C:\Users\Zander Truong\Documents\coding\ekyc-face-pad\data\raw\celeba_spoof\SpoofingData\017934.jpg,017934,photo,1,0.920438826084137,1,1
C:\Users\Zander Truong\Documents\coding\ekyc-face-pad\data\raw\celeba_spoof\SpoofingData\006182.jpg,006182,photo,1,0.9921298623085022,1,1
C:\Users\Zander Truong\Documents\coding\ekyc-face-pad\data\raw\celeba_spoof\SpoofingData\001895.jpg,001895,photo,1,0.9169729351997375,1,1
C:\Users\Zander Truong\Documents\coding\ekyc-face-pad\data\raw\celeba_spoof\SpoofingData\000344.jpg,000344,photo,1,0.982161283493042,1,1
C:\Users\Zander Truong\Documents\coding\ekyc-face-pad\data\raw\celeba_spoof\SpoofingData\014998.jpg,014998,photo,1,0.9656119346618652,1,1
C:\Users\Zander Truong\Documents\coding\ekyc-face-pad\data\raw\celeba_spoof\SpoofingData\012200.jpg,012200,photo,1,0.9678159952163696,1,1
C:\Users\Zander Truong\Documents\coding\ekyc-face-pad\data\raw\celeba_spoof\SpoofingData\003601.jpg,003601,photo,1,0.9206641316413879,1,1
C:\Users\Zander Truong\Documents\coding\ekyc-face-pad\data\raw\celeba_spoof\SpoofingData\012167.jpg,012167,photo,1,0.9387221336364746,1,1
C:\Users\Zander Truong\Documents\coding\ekyc-face-pad\data\raw\celeba_spoof\SpoofingData\011660.jpg,011660,photo,1,0.9924407005310059,1,1
C:\Users\Zander Truong\Documents\coding\ekyc-face-pad\data\raw\celeba_spoof\SpoofingData\001870.jpg,001870,photo,1,0.8317644596099854,1,1
C:\Users\Zander Truong\Documents\coding\ekyc-face-pad\data\raw\celeba_spoof\SpoofingData\007686.jpg,007686,bona_fide,0,0.5821781754493713,1,0
C:\Users\Zander Truong\Documents\coding\ekyc-face-pad\data\raw\celeba_spoof\SpoofingData\017843.jpg,017843,photo,1,0.9969019889831543,1,1
C:\Users\Zander Truong\Documents\coding\ekyc-face-pad\data\raw\celeba_spoof\SpoofingData\006363.jpg,006363,photo,1,0.973394513130188,1,1
C:\Users\Zander Truong\Documents\coding\ekyc-face-pad\data\raw\celeba_spoof\SpoofingData\014500.jpg,014500,photo,1,0.9834743142127991,1,1
C:\Users\Zander Truong\Documents\coding\ekyc-face-pad\data\raw\celeba_spoof\SpoofingData\008753.jpg,008753,bona_fide,0,0.08009996265172958,0,1
C:\Users\Zander Truong\Documents\coding\ekyc-face-pad\data\raw\celeba_spoof\SpoofingData\002703.jpg,002703,bona_fide,0,0.8681303262710571,1,0
C:\Users\Zander Truong\Documents\coding\ekyc-face-pad\data\raw\celeba_spoof\SpoofingData\014308.jpg,014308,bona_fide,0,0.6787384152412415,1,0
C:\Users\Zander Truong\Documents\coding\ekyc-face-pad\data\raw\celeba_spoof\SpoofingData\017540.jpg,017540,photo,1,0.8207419514656067,1,1
C:\Users\Zander Truong\Documents\coding\ekyc-face-pad\data\raw\celeba_spoof\SpoofingData\000397.jpg,000397,photo,1,0.9488695859909058,1,1
C:\Users\Zander Truong\Documents\coding\ekyc-face-pad\data\raw\celeba_spoof\SpoofingData\015050.jpg,015050,photo,1,0.9517993927001953,1,1
C:\Users\Zander Truong\Documents\coding\ekyc-face-pad\data\raw\celeba_spoof\SpoofingData\001602.jpg,001602,photo,1,0.18519839644432068,0,0
C:\Users\Zander Truong\Documents\coding\ekyc-face-pad\data\raw\celeba_spoof\SpoofingData\011380.jpg,011380,photo,1,0.9626660943031311,1,1
C:\Users\Zander Truong\Documents\coding\ekyc-face-pad\data\raw\celeba_spoof\SpoofingData\008940.jpg,008940,bona_fide,0,0.011311417445540428,0,1
C:\Users\Zander Truong\Documents\coding\ekyc-face-pad\data\raw\celeba_spoof\SpoofingData\015619.jpg,015619,photo,1,0.9962345957756042,1,1
C:\Users\Zander Truong\Documents\coding\ekyc-face-pad\data\raw\celeba_spoof\SpoofingData\009902.jpg,009902,photo,1,0.9965035915374756,1,1
C:\Users\Zander Truong\Documents\coding\ekyc-face-pad\data\raw\celeba_spoof\SpoofingData\009299.jpg,009299,bona_fide,0,0.021952982991933823,0,1
C:\Users\Zander Truong\Documents\coding\ekyc-face-pad\data\raw\celeba_spoof\SpoofingData\017595.jpg,017595,photo,1,0.9563221335411072,1,1
C:\Users\Zander Truong\Documents\coding\ekyc-face-pad\data\raw\celeba_spoof\SpoofingData\016971.jpg,016971,photo,1,0.9450414776802063,1,1
C:\Users\Zander Truong\Documents\coding\ekyc-face-pad\data\raw\celeba_spoof\SpoofingData\006763.jpg,006763,photo,1,0.9758555889129639,1,1
C:\Users\Zander Truong\Documents\coding\ekyc-face-pad\data\raw\celeba_spoof\SpoofingData\000264.jpg,000264,photo,1,0.9097954630851746,1,1
C:\Users\Zander Truong\Documents\coding\ekyc-face-pad\data\raw\celeba_spoof\SpoofingData\001176.jpg,001176,photo,1,0.906722366809845,1,1
C:\Users\Zander Truong\Documents\coding\ekyc-face-pad\data\raw\celeba_spoof\SpoofingData\000731.jpg,000731,bona_fide,0,0.030930660665035248,0,1
C:\Users\Zander Truong\Documents\coding\ekyc-face-pad\data\raw\celeba_spoof\SpoofingData\002250.jpg,002250,photo,1,0.8469526767730713,1,1
C:\Users\Zander Truong\Documents\coding\ekyc-face-pad\data\raw\celeba_spoof\SpoofingData\013963.jpg,013963,photo,1,0.11203478276729584,0,0
C:\Users\Zander Truong\Documents\coding\ekyc-face-pad\data\raw\celeba_spoof\SpoofingData\005414.jpg,005414,photo,1,0.907413125038147,1,1
C:\Users\Zander Truong\Documents\coding\ekyc-face-pad\data\raw\celeba_spoof\SpoofingData\017348.jpg,017348,photo,1,0.9652833938598633,1,1
C:\Users\Zander Truong\Documents\coding\ekyc-face-pad\data\raw\celeba_spoof\SpoofingData\013143.jpg,013143,photo,1,0.857877790927887,1,1
C:\Users\Zander Truong\Documents\coding\ekyc-face-pad\data\raw\celeba_spoof\SpoofingData\006438.jpg,006438,photo,1,0.999377965927124,1,1
C:\Users\Zander Truong\Documents\coding\ekyc-face-pad\data\raw\celeba_spoof\SpoofingData\017387.jpg,017387,photo,1,0.9743139147758484,1,1
C:\Users\Zander Truong\Documents\coding\ekyc-face-pad\data\raw\celeba_spoof\SpoofingData\012929.jpg,012929,photo,1,0.8981031775474548,1,1
C:\Users\Zander Truong\Documents\coding\ekyc-face-pad\data\raw\celeba_spoof\SpoofingData\004927.jpg,004927,photo,1,0.9543797969818115,1,1
C:\Users\Zander Truong\Documents\coding\ekyc-face-pad\data\raw\celeba_spoof\SpoofingData\017360.jpg,017360,photo,1,0.955096423625946,1,1
C:\Users\Zander Truong\Documents\coding\ekyc-face-pad\data\raw\celeba_spoof\SpoofingData\005318.jpg,005318,photo,1,0.7503257989883423,1,1
C:\Users\Zander Truong\Documents\coding\ekyc-face-pad\data\raw\celeba_spoof\SpoofingData\003883.jpg,003883,photo,1,0.35519248247146606,0,0
C:\Users\Zander Truong\Documents\coding\ekyc-face-pad\data\raw\celeba_spoof\SpoofingData\011829.jpg,011829,photo,1,0.9447306394577026,1,1
C:\Users\Zander Truong\Documents\coding\ekyc-face-pad\data\raw\celeba_spoof\SpoofingData\015985.jpg,015985,photo,1,0.8833073377609253,1,1
C:\Users\Zander Truong\Documents\coding\ekyc-face-pad\data\raw\celeba_spoof\SpoofingData\005218.jpg,005218,bona_fide,0,0.6824689507484436,1,0
C:\Users\Zander Truong\Documents\coding\ekyc-face-pad\data\raw\celeba_spoof\SpoofingData\008345.jpg,008345,photo,1,0.899289071559906,1,1
C:\Users\Zander Truong\Documents\coding\ekyc-face-pad\data\raw\celeba_spoof\SpoofingData\002524.jpg,002524,bona_fide,0,0.15873798727989197,0,1
C:\Users\Zander Truong\Documents\coding\ekyc-face-pad\data\raw\celeba_spoof\SpoofingData\015719.jpg,015719,photo,1,0.9877024292945862,1,1
C:\Users\Zander Truong\Documents\coding\ekyc-face-pad\data\raw\celeba_spoof\SpoofingData\004627.jpg,004627,photo,1,0.2947988510131836,0,0
C:\Users\Zander Truong\Documents\coding\ekyc-face-pad\data\raw\celeba_spoof\SpoofingData\006965.jpg,006965,bona_fide,0,0.5789141654968262,1,0
C:\Users\Zander Truong\Documents\coding\ekyc-face-pad\data\raw\celeba_spoof\SpoofingData\013728.jpg,013728,photo,1,0.8494519591331482,1,1
C:\Users\Zander Truong\Documents\coding\ekyc-face-pad\data\raw\celeba_spoof\SpoofingData\001480.jpg,001480,bona_fide,0,0.3812871277332306,0,1
C:\Users\Zander Truong\Documents\coding\ekyc-face-pad\data\raw\celeba_spoof\SpoofingData\011599.jpg,011599,photo,1,0.6678528189659119,1,1
C:\Users\Zander Truong\Documents\coding\ekyc-face-pad\data\raw\celeba_spoof\SpoofingData\003196.jpg,003196,bona_fide,0,0.06604134291410446,0,1
C:\Users\Zander Truong\Documents\coding\ekyc-face-pad\data\raw\celeba_spoof\SpoofingData\017589.jpg,017589,photo,1,0.9980382323265076,1,1
C:\Users\Zander Truong\Documents\coding\ekyc-face-pad\data\raw\celeba_spoof\SpoofingData\010815.jpg,010815,bona_fide,0,0.3934038281440735,0,1
C:\Users\Zander Truong\Documents\coding\ekyc-face-pad\data\raw\celeba_spoof\SpoofingData\007018.jpg,007018,bona_fide,0,0.053761839866638184,0,1
C:\Users\Zander Truong\Documents\coding\ekyc-face-pad\data\raw\celeba_spoof\SpoofingData\000249.jpg,000249,photo,1,0.967463493347168,1,1
C:\Users\Zander Truong\Documents\coding\ekyc-face-pad\data\raw\celeba_spoof\SpoofingData\006227.jpg,006227,photo,1,0.9772367477416992,1,1
C:\Users\Zander Truong\Documents\coding\ekyc-face-pad\data\raw\celeba_spoof\SpoofingData\012917.jpg,012917,bona_fide,0,0.002435861388221383,0,1
C:\Users\Zander Truong\Documents\coding\ekyc-face-pad\data\raw\celeba_spoof\SpoofingData\006642.jpg,006642,photo,1,0.9732344150543213,1,1
C:\Users\Zander Truong\Documents\coding\ekyc-face-pad\data\raw\celeba_spoof\SpoofingData\010712.jpg,010712,photo,1,0.9957287907600403,1,1
C:\Users\Zander Truong\Documents\coding\ekyc-face-pad\data\raw\celeba_spoof\SpoofingData\013445.jpg,013445,photo,1,0.9724556803703308,1,1
C:\Users\Zander Truong\Documents\coding\ekyc-face-pad\data\raw\celeba_spoof\SpoofingData\007260.jpg,007260,photo,1,0.9839009642601013,1,1
C:\Users\Zander Truong\Documents\coding\ekyc-face-pad\data\raw\celeba_spoof\SpoofingData\007764.jpg,007764,photo,1,0.9142769575119019,1,1
C:\Users\Zander Truong\Documents\coding\ekyc-face-pad\data\raw\celeba_spoof\SpoofingData\013425.jpg,013425,photo,1,0.9714951515197754,1,1
C:\Users\Zander Truong\Documents\coding\ekyc-face-pad\data\raw\celeba_spoof\SpoofingData\017581.jpg,017581,photo,1,0.8454627394676208,1,1
C:\Users\Zander Truong\Documents\coding\ekyc-face-pad\data\raw\celeba_spoof\SpoofingData\007511.jpg,007511,bona_fide,0,0.5296715497970581,1,0
C:\Users\Zander Truong\Documents\coding\ekyc-face-pad\data\raw\celeba_spoof\SpoofingData\000263.jpg,000263,photo,1,0.7605696320533752,1,1
C:\Users\Zander Truong\Documents\coding\ekyc-face-pad\data\raw\celeba_spoof\SpoofingData\004384.jpg,004384,photo,1,0.8712248802185059,1,1
C:\Users\Zander Truong\Documents\coding\ekyc-face-pad\data\raw\celeba_spoof\SpoofingData\004422.jpg,004422,photo,1,0.3428686559200287,0,0
C:\Users\Zander Truong\Documents\coding\ekyc-face-pad\data\raw\celeba_spoof\SpoofingData\001959.jpg,001959,photo,1,0.8123419880867004,1,1
C:\Users\Zander Truong\Documents\coding\ekyc-face-pad\data\raw\celeba_spoof\SpoofingData\016745.jpg,016745,photo,1,0.9900538921356201,1,1
C:\Users\Zander Truong\Documents\coding\ekyc-face-pad\data\raw\celeba_spoof\SpoofingData\000848.jpg,000848,photo,1,0.9933885335922241,1,1
C:\Users\Zander Truong\Documents\coding\ekyc-face-pad\data\raw\celeba_spoof\SpoofingData\000336.jpg,000336,photo,1,0.6187278032302856,1,1
C:\Users\Zander Truong\Documents\coding\ekyc-face-pad\data\raw\celeba_spoof\SpoofingData\014587.jpg,014587,bona_fide,0,0.011909285560250282,0,1
C:\Users\Zander Truong\Documents\coding\ekyc-face-pad\data\raw\celeba_spoof\SpoofingData\014947.jpg,014947,photo,1,0.9040635824203491,1,1
C:\Users\Zander Truong\Documents\coding\ekyc-face-pad\data\raw\celeba_spoof\SpoofingData\010148.jpg,010148,photo,1,0.9203330278396606,1,1
C:\Users\Zander Truong\Documents\coding\ekyc-face-pad\data\raw\celeba_spoof\SpoofingData\003006.jpg,003006,bona_fide,0,0.1803078055381775,0,1
C:\Users\Zander Truong\Documents\coding\ekyc-face-pad\data\raw\celeba_spoof\SpoofingData\006250.jpg,006250,bona_fide,0,0.019016312435269356,0,1
C:\Users\Zander Truong\Documents\coding\ekyc-face-pad\data\raw\celeba_spoof\SpoofingData\011036.jpg,011036,photo,1,0.9974409341812134,1,1
C:\Users\Zander Truong\Documents\coding\ekyc-face-pad\data\raw\celeba_spoof\SpoofingData\016376.jpg,016376,photo,1,0.8153183460235596,1,1
C:\Users\Zander Truong\Documents\coding\ekyc-face-pad\data\raw\celeba_spoof\SpoofingData\013869.jpg,013869,bona_fide,0,0.5277131199836731,1,0
C:\Users\Zander Truong\Documents\coding\ekyc-face-pad\data\raw\celeba_spoof\SpoofingData\001332.jpg,001332,photo,1,0.9915518760681152,1,1
C:\Users\Zander Truong\Documents\coding\ekyc-face-pad\data\raw\celeba_spoof\SpoofingData\011697.jpg,011697,photo,1,0.7918307781219482,1,1
C:\Users\Zander Truong\Documents\coding\ekyc-face-pad\data\raw\celeba_spoof\SpoofingData\007101.jpg,007101,photo,1,0.9479404091835022,1,1
C:\Users\Zander Truong\Documents\coding\ekyc-face-pad\data\raw\celeba_spoof\SpoofingData\004616.jpg,004616,photo,1,0.8382192254066467,1,1
C:\Users\Zander Truong\Documents\coding\ekyc-face-pad\data\raw\celeba_spoof\SpoofingData\010864.jpg,010864,bona_fide,0,0.05926106870174408,0,1
C:\Users\Zander Truong\Documents\coding\ekyc-face-pad\data\raw\celeba_spoof\SpoofingData\015643.jpg,015643,photo,1,0.9591256380081177,1,1
C:\Users\Zander Truong\Documents\coding\ekyc-face-pad\data\raw\celeba_spoof\SpoofingData\001119.jpg,001119,photo,1,0.9304521679878235,1,1
C:\Users\Zander Truong\Documents\coding\ekyc-face-pad\data\raw\celeba_spoof\SpoofingData\000323.jpg,000323,bona_fide,0,0.6631214022636414,1,0
C:\Users\Zander Truong\Documents\coding\ekyc-face-pad\data\raw\celeba_spoof\SpoofingData\011510.jpg,011510,photo,1,0.9306238293647766,1,1
C:\Users\Zander Truong\Documents\coding\ekyc-face-pad\data\raw\celeba_spoof\SpoofingData\011457.jpg,011457,photo,1,0.9746365547180176,1,1
C:\Users\Zander Truong\Documents\coding\ekyc-face-pad\data\raw\celeba_spoof\SpoofingData\006345.jpg,006345,photo,1,0.9603487849235535,1,1
C:\Users\Zander Truong\Documents\coding\ekyc-face-pad\data\raw\celeba_spoof\SpoofingData\013508.jpg,013508,photo,1,0.946239709854126,1,1
C:\Users\Zander Truong\Documents\coding\ekyc-face-pad\data\raw\celeba_spoof\SpoofingData\004108.jpg,004108,bona_fide,0,0.19415898621082306,0,1
C:\Users\Zander Truong\Documents\coding\ekyc-face-pad\data\raw\celeba_spoof\SpoofingData\017855.jpg,017855,photo,1,0.9542337656021118,1,1
C:\Users\Zander Truong\Documents\coding\ekyc-face-pad\data\raw\celeba_spoof\SpoofingData\009510.jpg,009510,photo,1,0.9660404324531555,1,1
C:\Users\Zander Truong\Documents\coding\ekyc-face-pad\data\raw\celeba_spoof\SpoofingData\000342.jpg,000342,photo,1,0.8257622122764587,1,1
C:\Users\Zander Truong\Documents\coding\ekyc-face-pad\data\raw\celeba_spoof\SpoofingData\011270.jpg,011270,photo,1,0.9683988690376282,1,1
C:\Users\Zander Truong\Documents\coding\ekyc-face-pad\data\raw\celeba_spoof\SpoofingData\011161.jpg,011161,bona_fide,0,0.2944662868976593,0,1
C:\Users\Zander Truong\Documents\coding\ekyc-face-pad\data\raw\celeba_spoof\SpoofingData\001078.jpg,001078,photo,1,0.7185139060020447,1,1
C:\Users\Zander Truong\Documents\coding\ekyc-face-pad\data\raw\celeba_spoof\SpoofingData\009131.jpg,009131,bona_fide,0,0.2864905893802643,0,1
C:\Users\Zander Truong\Documents\coding\ekyc-face-pad\data\raw\celeba_spoof\SpoofingData\011201.jpg,011201,bona_fide,0,0.01703588478267193,0,1
C:\Users\Zander Truong\Documents\coding\ekyc-face-pad\data\raw\celeba_spoof\SpoofingData\005087.jpg,005087,bona_fide,0,0.004928432404994965,0,1
C:\Users\Zander Truong\Documents\coding\ekyc-face-pad\data\raw\celeba_spoof\SpoofingData\008802.jpg,008802,photo,1,0.8900887966156006,1,1
C:\Users\Zander Truong\Documents\coding\ekyc-face-pad\data\raw\celeba_spoof\SpoofingData\007624.jpg,007624,bona_fide,0,0.026469962671399117,0,1
C:\Users\Zander Truong\Documents\coding\ekyc-face-pad\data\raw\celeba_spoof\SpoofingData\015159.jpg,015159,photo,1,0.9865968823432922,1,1
C:\Users\Zander Truong\Documents\coding\ekyc-face-pad\data\raw\celeba_spoof\SpoofingData\006805.jpg,006805,photo,1,0.8438533544540405,1,1
C:\Users\Zander Truong\Documents\coding\ekyc-face-pad\data\raw\celeba_spoof\SpoofingData\004602.jpg,004602,photo,1,0.9665194749832153,1,1
C:\Users\Zander Truong\Documents\coding\ekyc-face-pad\data\raw\celeba_spoof\SpoofingData\003434.jpg,003434,photo,1,0.9743088483810425,1,1
C:\Users\Zander Truong\Documents\coding\ekyc-face-pad\data\raw\celeba_spoof\SpoofingData\009958.jpg,009958,bona_fide,0,0.32314983010292053,0,1
C:\Users\Zander Truong\Documents\coding\ekyc-face-pad\data\raw\celeba_spoof\SpoofingData\015475.jpg,015475,bona_fide,0,0.926868736743927,1,0
C:\Users\Zander Truong\Documents\coding\ekyc-face-pad\data\raw\celeba_spoof\SpoofingData\014297.jpg,014297,photo,1,0.9844212532043457,1,1
C:\Users\Zander Truong\Documents\coding\ekyc-face-pad\data\raw\celeba_spoof\SpoofingData\014384.jpg,014384,photo,1,0.9239423871040344,1,1
C:\Users\Zander Truong\Documents\coding\ekyc-face-pad\data\raw\celeba_spoof\SpoofingData\005926.jpg,005926,bona_fide,0,0.009224026463925838,0,1
C:\Users\Zander Truong\Documents\coding\ekyc-face-pad\data\raw\celeba_spoof\SpoofingData\011114.jpg,011114,photo,1,0.9654733538627625,1,1
C:\Users\Zander Truong\Documents\coding\ekyc-face-pad\data\raw\celeba_spoof\SpoofingData\009089.jpg,009089,photo,1,0.7433469891548157,1,1
C:\Users\Zander Truong\Documents\coding\ekyc-face-pad\data\raw\celeba_spoof\SpoofingData\017800.jpg,017800,bona_fide,0,0.1847921460866928,0,1
C:\Users\Zander Truong\Documents\coding\ekyc-face-pad\data\raw\celeba_spoof\SpoofingData\015552.jpg,015552,bona_fide,0,0.22210974991321564,0,1
C:\Users\Zander Truong\Documents\coding\ekyc-face-pad\data\raw\celeba_spoof\SpoofingData\014671.jpg,014671,photo,1,0.9741108417510986,1,1
C:\Users\Zander Truong\Documents\coding\ekyc-face-pad\data\raw\celeba_spoof\SpoofingData\010867.jpg,010867,bona_fide,0,0.07332165539264679,0,1
C:\Users\Zander Truong\Documents\coding\ekyc-face-pad\data\raw\celeba_spoof\SpoofingData\000084.jpg,000084,bona_fide,0,0.6970503330230713,1,0
C:\Users\Zander Truong\Documents\coding\ekyc-face-pad\data\raw\celeba_spoof\SpoofingData\004828.jpg,004828,photo,1,0.9948753714561462,1,1
C:\Users\Zander Truong\Documents\coding\ekyc-face-pad\data\raw\celeba_spoof\SpoofingData\014688.jpg,014688,photo,1,0.7163910269737244,1,1
C:\Users\Zander Truong\Documents\coding\ekyc-face-pad\data\raw\celeba_spoof\SpoofingData\015042.jpg,015042,bona_fide,0,0.08475650101900101,0,1
C:\Users\Zander Truong\Documents\coding\ekyc-face-pad\data\raw\celeba_spoof\SpoofingData\008925.jpg,008925,bona_fide,0,0.004813851322978735,0,1
C:\Users\Zander Truong\Documents\coding\ekyc-face-pad\data\raw\celeba_spoof\SpoofingData\004902.jpg,004902,photo,1,0.9719967246055603,1,1
C:\Users\Zander Truong\Documents\coding\ekyc-face-pad\data\raw\celeba_spoof\SpoofingData\008887.jpg,008887,bona_fide,0,0.09714630246162415,0,1
C:\Users\Zander Truong\Documents\coding\ekyc-face-pad\data\raw\celeba_spoof\SpoofingData\005021.jpg,005021,bona_fide,0,0.002828013151884079,0,1
C:\Users\Zander Truong\Documents\coding\ekyc-face-pad\data\raw\celeba_spoof\SpoofingData\014867.jpg,014867,photo,1,0.9829009175300598,1,1
C:\Users\Zander Truong\Documents\coding\ekyc-face-pad\data\raw\celeba_spoof\SpoofingData\016193.jpg,016193,photo,1,0.9794853329658508,1,1
C:\Users\Zander Truong\Documents\coding\ekyc-face-pad\data\raw\celeba_spoof\SpoofingData\003580.jpg,003580,bona_fide,0,0.07704319059848785,0,1
C:\Users\Zander Truong\Documents\coding\ekyc-face-pad\data\raw\celeba_spoof\SpoofingData\010966.jpg,010966,photo,1,0.9716805815696716,1,1
C:\Users\Zander Truong\Documents\coding\ekyc-face-pad\data\raw\celeba_spoof\SpoofingData\004783.jpg,004783,photo,1,0.954674482345581,1,1
C:\Users\Zander Truong\Documents\coding\ekyc-face-pad\data\raw\celeba_spoof\SpoofingData\014286.jpg,014286,photo,1,0.9036509394645691,1,1
C:\Users\Zander Truong\Documents\coding\ekyc-face-pad\data\raw\celeba_spoof\SpoofingData\010364.jpg,010364,bona_fide,0,0.06269710510969162,0,1
C:\Users\Zander Truong\Documents\coding\ekyc-face-pad\data\raw\celeba_spoof\SpoofingData\002068.jpg,002068,bona_fide,0,0.12499523162841797,0,1
C:\Users\Zander Truong\Documents\coding\ekyc-face-pad\data\raw\celeba_spoof\SpoofingData\001893.jpg,001893,bona_fide,0,0.11576652526855469,0,1
C:\Users\Zander Truong\Documents\coding\ekyc-face-pad\data\raw\celeba_spoof\SpoofingData\000608.jpg,000608,photo,1,0.966424822807312,1,1
C:\Users\Zander Truong\Documents\coding\ekyc-face-pad\data\raw\celeba_spoof\SpoofingData\016034.jpg,016034,photo,1,0.9158048033714294,1,1
C:\Users\Zander Truong\Documents\coding\ekyc-face-pad\data\raw\celeba_spoof\SpoofingData\011767.jpg,011767,bona_fide,0,0.6381513476371765,1,0
C:\Users\Zander Truong\Documents\coding\ekyc-face-pad\data\raw\celeba_spoof\SpoofingData\012660.jpg,012660,photo,1,0.9687098860740662,1,1
C:\Users\Zander Truong\Documents\coding\ekyc-face-pad\data\raw\celeba_spoof\SpoofingData\001301.jpg,001301,photo,1,0.9668456315994263,1,1
C:\Users\Zander Truong\Documents\coding\ekyc-face-pad\data\raw\celeba_spoof\SpoofingData\013246.jpg,013246,bona_fide,0,0.03478939086198807,0,1
C:\Users\Zander Truong\Documents\coding\ekyc-face-pad\data\raw\celeba_spoof\SpoofingData\016154.jpg,016154,photo,1,0.9789482951164246,1,1
C:\Users\Zander Truong\Documents\coding\ekyc-face-pad\data\raw\celeba_spoof\SpoofingData\014430.jpg,014430,bona_fide,0,0.11995629221200943,0,1
C:\Users\Zander Truong\Documents\coding\ekyc-face-pad\data\raw\celeba_spoof\SpoofingData\012562.jpg,012562,photo,1,0.9704551100730896,1,1
C:\Users\Zander Truong\Documents\coding\ekyc-face-pad\data\raw\celeba_spoof\SpoofingData\017314.jpg,017314,photo,1,0.9879723191261292,1,1
C:\Users\Zander Truong\Documents\coding\ekyc-face-pad\data\raw\celeba_spoof\SpoofingData\009127.jpg,009127,photo,1,0.9157333374023438,1,1
C:\Users\Zander Truong\Documents\coding\ekyc-face-pad\data\raw\celeba_spoof\SpoofingData\014832.jpg,014832,photo,1,0.9923468828201294,1,1
C:\Users\Zander Truong\Documents\coding\ekyc-face-pad\data\raw\celeba_spoof\SpoofingData\012695.jpg,012695,photo,1,0.24842365086078644,0,0
C:\Users\Zander Truong\Documents\coding\ekyc-face-pad\data\raw\celeba_spoof\SpoofingData\000352.jpg,000352,photo,1,0.23198512196540833,0,0
C:\Users\Zander Truong\Documents\coding\ekyc-face-pad\data\raw\celeba_spoof\SpoofingData\006264.jpg,006264,photo,1,0.9387521147727966,1,1
C:\Users\Zander Truong\Documents\coding\ekyc-face-pad\data\raw\celeba_spoof\SpoofingData\001629.jpg,001629,photo,1,0.9881452322006226,1,1
C:\Users\Zander Truong\Documents\coding\ekyc-face-pad\data\raw\celeba_spoof\SpoofingData\009929.jpg,009929,photo,1,0.8639540076255798,1,1
C:\Users\Zander Truong\Documents\coding\ekyc-face-pad\data\raw\celeba_spoof\SpoofingData\016496.jpg,016496,bona_fide,0,0.854320228099823,1,0
C:\Users\Zander Truong\Documents\coding\ekyc-face-pad\data\raw\celeba_spoof\SpoofingData\002650.jpg,002650,bona_fide,0,0.801191508769989,1,0
C:\Users\Zander Truong\Documents\coding\ekyc-face-pad\data\raw\celeba_spoof\SpoofingData\008292.jpg,008292,photo,1,0.9128784537315369,1,1
C:\Users\Zander Truong\Documents\coding\ekyc-face-pad\data\raw\celeba_spoof\SpoofingData\014272.jpg,014272,photo,1,0.9849250912666321,1,1
C:\Users\Zander Truong\Documents\coding\ekyc-face-pad\data\raw\celeba_spoof\SpoofingData\002690.jpg,002690,photo,1,0.8244521617889404,1,1
C:\Users\Zander Truong\Documents\coding\ekyc-face-pad\data\raw\celeba_spoof\SpoofingData\003308.jpg,003308,photo,1,0.7018895745277405,1,1
C:\Users\Zander Truong\Documents\coding\ekyc-face-pad\data\raw\celeba_spoof\SpoofingData\011411.jpg,011411,photo,1,0.7306491136550903,1,1
C:\Users\Zander Truong\Documents\coding\ekyc-face-pad\data\raw\celeba_spoof\SpoofingData\010524.jpg,010524,photo,1,0.9848966598510742,1,1
C:\Users\Zander Truong\Documents\coding\ekyc-face-pad\data\raw\celeba_spoof\SpoofingData\007236.jpg,007236,bona_fide,0,0.006708846893161535,0,1
C:\Users\Zander Truong\Documents\coding\ekyc-face-pad\data\raw\celeba_spoof\SpoofingData\003207.jpg,003207,photo,1,0.8416649103164673,1,1
C:\Users\Zander Truong\Documents\coding\ekyc-face-pad\data\raw\celeba_spoof\SpoofingData\015526.jpg,015526,photo,1,0.9375864863395691,1,1
C:\Users\Zander Truong\Documents\coding\ekyc-face-pad\data\raw\celeba_spoof\SpoofingData\001823.jpg,001823,photo,1,0.9766901135444641,1,1
C:\Users\Zander Truong\Documents\coding\ekyc-face-pad\data\raw\celeba_spoof\SpoofingData\005269.jpg,005269,photo,1,0.9241126775741577,1,1
C:\Users\Zander Truong\Documents\coding\ekyc-face-pad\data\raw\celeba_spoof\SpoofingData\007248.jpg,007248,bona_fide,0,0.025582002475857735,0,1
C:\Users\Zander Truong\Documents\coding\ekyc-face-pad\data\raw\celeba_spoof\SpoofingData\001931.jpg,001931,photo,1,0.1909838318824768,0,0
C:\Users\Zander Truong\Documents\coding\ekyc-face-pad\data\raw\celeba_spoof\SpoofingData\001599.jpg,001599,photo,1,0.9241021275520325,1,1
C:\Users\Zander Truong\Documents\coding\ekyc-face-pad\data\raw\celeba_spoof\SpoofingData\016380.jpg,016380,photo,1,0.23196646571159363,0,0
C:\Users\Zander Truong\Documents\coding\ekyc-face-pad\data\raw\celeba_spoof\SpoofingData\003533.jpg,003533,bona_fide,0,0.05973082035779953,0,1
C:\Users\Zander Truong\Documents\coding\ekyc-face-pad\data\raw\celeba_spoof\SpoofingData\003675.jpg,003675,photo,1,0.9068387150764465,1,1
C:\Users\Zander Truong\Documents\coding\ekyc-face-pad\data\raw\celeba_spoof\SpoofingData\006560.jpg,006560,bona_fide,0,0.035934459418058395,0,1
C:\Users\Zander Truong\Documents\coding\ekyc-face-pad\data\raw\celeba_spoof\SpoofingData\005028.jpg,005028,bona_fide,0,0.05207099765539169,0,1
C:\Users\Zander Truong\Documents\coding\ekyc-face-pad\data\raw\celeba_spoof\SpoofingData\001412.jpg,001412,bona_fide,0,0.05467047542333603,0,1
C:\Users\Zander Truong\Documents\coding\ekyc-face-pad\data\raw\celeba_spoof\SpoofingData\005942.jpg,005942,bona_fide,0,0.12248924374580383,0,1
C:\Users\Zander Truong\Documents\coding\ekyc-face-pad\data\raw\celeba_spoof\SpoofingData\015898.jpg,015898,photo,1,0.9914472103118896,1,1
C:\Users\Zander Truong\Documents\coding\ekyc-face-pad\data\raw\celeba_spoof\SpoofingData\000452.jpg,000452,photo,1,0.9520290493965149,1,1
C:\Users\Zander Truong\Documents\coding\ekyc-face-pad\data\raw\celeba_spoof\SpoofingData\001757.jpg,001757,photo,1,0.7434199452400208,1,1
C:\Users\Zander Truong\Documents\coding\ekyc-face-pad\data\raw\celeba_spoof\SpoofingData\010360.jpg,010360,photo,1,0.7481678128242493,1,1
C:\Users\Zander Truong\Documents\coding\ekyc-face-pad\data\raw\celeba_spoof\SpoofingData\010910.jpg,010910,photo,1,0.586077094078064,1,1
C:\Users\Zander Truong\Documents\coding\ekyc-face-pad\data\raw\celeba_spoof\SpoofingData\002769.jpg,002769,photo,1,0.5411989092826843,1,1
C:\Users\Zander Truong\Documents\coding\ekyc-face-pad\data\raw\celeba_spoof\SpoofingData\017791.jpg,017791,photo,1,0.9957492351531982,1,1
C:\Users\Zander Truong\Documents\coding\ekyc-face-pad\data\raw\celeba_spoof\SpoofingData\014398.jpg,014398,photo,1,0.9808154106140137,1,1
C:\Users\Zander Truong\Documents\coding\ekyc-face-pad\data\raw\celeba_spoof\SpoofingData\008479.jpg,008479,bona_fide,0,0.17444352805614471,0,1
C:\Users\Zander Truong\Documents\coding\ekyc-face-pad\data\raw\celeba_spoof\SpoofingData\011772.jpg,011772,bona_fide,0,0.8345645666122437,1,0
C:\Users\Zander Truong\Documents\coding\ekyc-face-pad\data\raw\celeba_spoof\SpoofingData\016850.jpg,016850,photo,1,0.9523102045059204,1,1
C:\Users\Zander Truong\Documents\coding\ekyc-face-pad\data\raw\celeba_spoof\SpoofingData\011144.jpg,011144,photo,1,0.9523438811302185,1,1
C:\Users\Zander Truong\Documents\coding\ekyc-face-pad\data\raw\celeba_spoof\SpoofingData\000049.jpg,000049,photo,1,0.8745886087417603,1,1
C:\Users\Zander Truong\Documents\coding\ekyc-face-pad\data\raw\celeba_spoof\SpoofingData\014457.jpg,014457,photo,1,0.6808202266693115,1,1
C:\Users\Zander Truong\Documents\coding\ekyc-face-pad\data\raw\celeba_spoof\SpoofingData\001217.jpg,001217,photo,1,0.6057037711143494,1,1
C:\Users\Zander Truong\Documents\coding\ekyc-face-pad\data\raw\celeba_spoof\SpoofingData\011078.jpg,011078,bona_fide,0,0.003803209401667118,0,1
C:\Users\Zander Truong\Documents\coding\ekyc-face-pad\data\raw\celeba_spoof\SpoofingData\009631.jpg,009631,photo,1,0.9937407374382019,1,1
C:\Users\Zander Truong\Documents\coding\ekyc-face-pad\data\raw\celeba_spoof\SpoofingData\008098.jpg,008098,photo,1,0.9951184988021851,1,1
C:\Users\Zander Truong\Documents\coding\ekyc-face-pad\data\raw\celeba_spoof\SpoofingData\015022.jpg,015022,bona_fide,0,0.4543832540512085,0,1
C:\Users\Zander Truong\Documents\coding\ekyc-face-pad\data\raw\celeba_spoof\SpoofingData\015765.jpg,015765,photo,1,0.9417808651924133,1,1
C:\Users\Zander Truong\Documents\coding\ekyc-face-pad\data\raw\celeba_spoof\SpoofingData\015026.jpg,015026,photo,1,0.8844550848007202,1,1
C:\Users\Zander Truong\Documents\coding\ekyc-face-pad\data\raw\celeba_spoof\SpoofingData\000253.jpg,000253,bona_fide,0,0.0021709154825657606,0,1
C:\Users\Zander Truong\Documents\coding\ekyc-face-pad\data\raw\celeba_spoof\SpoofingData\007172.jpg,007172,photo,1,0.9777019023895264,1,1
C:\Users\Zander Truong\Documents\coding\ekyc-face-pad\data\raw\celeba_spoof\SpoofingData\017061.jpg,017061,bona_fide,0,0.002568779280409217,0,1
C:\Users\Zander Truong\Documents\coding\ekyc-face-pad\data\raw\celeba_spoof\SpoofingData\015460.jpg,015460,bona_fide,0,0.7328632473945618,1,0
C:\Users\Zander Truong\Documents\coding\ekyc-face-pad\data\raw\celeba_spoof\SpoofingData\014442.jpg,014442,photo,1,0.9941693544387817,1,1
C:\Users\Zander Truong\Documents\coding\ekyc-face-pad\data\raw\celeba_spoof\SpoofingData\012587.jpg,012587,bona_fide,0,0.4298338294029236,0,1
C:\Users\Zander Truong\Documents\coding\ekyc-face-pad\data\raw\celeba_spoof\SpoofingData\007323.jpg,007323,bona_fide,0,0.023451771587133408,0,1
C:\Users\Zander Truong\Documents\coding\ekyc-face-pad\data\raw\celeba_spoof\SpoofingData\012728.jpg,012728,photo,1,0.9898814558982849,1,1
C:\Users\Zander Truong\Documents\coding\ekyc-face-pad\data\raw\celeba_spoof\SpoofingData\016220.jpg,016220,photo,1,0.9748256802558899,1,1
C:\Users\Zander Truong\Documents\coding\ekyc-face-pad\data\raw\celeba_spoof\SpoofingData\001697.jpg,001697,bona_fide,0,0.13337606191635132,0,1
C:\Users\Zander Truong\Documents\coding\ekyc-face-pad\data\raw\celeba_spoof\SpoofingData\017457.jpg,017457,photo,1,0.9807132482528687,1,1
C:\Users\Zander Truong\Documents\coding\ekyc-face-pad\data\raw\celeba_spoof\SpoofingData\006932.jpg,006932,bona_fide,0,0.10870291292667389,0,1
C:\Users\Zander Truong\Documents\coding\ekyc-face-pad\data\raw\celeba_spoof\SpoofingData\014404.jpg,014404,photo,1,0.7291710376739502,1,1
C:\Users\Zander Truong\Documents\coding\ekyc-face-pad\data\raw\celeba_spoof\SpoofingData\016761.jpg,016761,photo,1,0.9703699946403503,1,1
C:\Users\Zander Truong\Documents\coding\ekyc-face-pad\data\raw\celeba_spoof\SpoofingData\001523.jpg,001523,bona_fide,0,0.0007671089260838926,0,1
C:\Users\Zander Truong\Documents\coding\ekyc-face-pad\data\raw\celeba_spoof\SpoofingData\002291.jpg,002291,photo,1,0.761435866355896,1,1
C:\Users\Zander Truong\Documents\coding\ekyc-face-pad\data\raw\celeba_spoof\SpoofingData\006703.jpg,006703,photo,1,0.993498682975769,1,1
C:\Users\Zander Truong\Documents\coding\ekyc-face-pad\data\raw\celeba_spoof\SpoofingData\001142.jpg,001142,bona_fide,0,0.009891598485410213,0,1
C:\Users\Zander Truong\Documents\coding\ekyc-face-pad\data\raw\celeba_spoof\SpoofingData\004569.jpg,004569,photo,1,0.9863848090171814,1,1
C:\Users\Zander Truong\Documents\coding\ekyc-face-pad\data\raw\celeba_spoof\SpoofingData\000508.jpg,000508,photo,1,0.5476216077804565,1,1
C:\Users\Zander Truong\Documents\coding\ekyc-face-pad\data\raw\celeba_spoof\SpoofingData\017661.jpg,017661,photo,1,0.9818509817123413,1,1
C:\Users\Zander Truong\Documents\coding\ekyc-face-pad\data\raw\celeba_spoof\SpoofingData\011261.jpg,011261,photo,1,0.9196826815605164,1,1
C:\Users\Zander Truong\Documents\coding\ekyc-face-pad\data\raw\celeba_spoof\SpoofingData\008360.jpg,008360,photo,1,0.9989078044891357,1,1
C:\Users\Zander Truong\Documents\coding\ekyc-face-pad\data\raw\celeba_spoof\SpoofingData\000776.jpg,000776,bona_fide,0,0.025203585624694824,0,1
C:\Users\Zander Truong\Documents\coding\ekyc-face-pad\data\raw\celeba_spoof\SpoofingData\008112.jpg,008112,photo,1,0.9547203183174133,1,1
C:\Users\Zander Truong\Documents\coding\ekyc-face-pad\data\raw\celeba_spoof\SpoofingData\003217.jpg,003217,photo,1,0.9707036018371582,1,1
C:\Users\Zander Truong\Documents\coding\ekyc-face-pad\data\raw\celeba_spoof\SpoofingData\011699.jpg,011699,bona_fide,0,0.2274726778268814,0,1
C:\Users\Zander Truong\Documents\coding\ekyc-face-pad\data\raw\celeba_spoof\SpoofingData\005976.jpg,005976,photo,1,0.8464332222938538,1,1
C:\Users\Zander Truong\Documents\coding\ekyc-face-pad\data\raw\celeba_spoof\SpoofingData\010265.jpg,010265,photo,1,0.7646986246109009,1,1
C:\Users\Zander Truong\Documents\coding\ekyc-face-pad\data\raw\celeba_spoof\SpoofingData\000755.jpg,000755,photo,1,0.7705352306365967,1,1
C:\Users\Zander Truong\Documents\coding\ekyc-face-pad\data\raw\celeba_spoof\SpoofingData\001383.jpg,001383,bona_fide,0,0.05948860943317413,0,1
C:\Users\Zander Truong\Documents\coding\ekyc-face-pad\data\raw\celeba_spoof\SpoofingData\014809.jpg,014809,photo,1,0.942946195602417,1,1
C:\Users\Zander Truong\Documents\coding\ekyc-face-pad\data\raw\celeba_spoof\SpoofingData\016357.jpg,016357,bona_fide,0,0.5468689799308777,1,0
C:\Users\Zander Truong\Documents\coding\ekyc-face-pad\data\raw\celeba_spoof\SpoofingData\010264.jpg,010264,photo,1,0.9694597125053406,1,1
C:\Users\Zander Truong\Documents\coding\ekyc-face-pad\data\raw\celeba_spoof\SpoofingData\017903.jpg,017903,bona_fide,0,0.05281487852334976,0,1
C:\Users\Zander Truong\Documents\coding\ekyc-face-pad\data\raw\celeba_spoof\SpoofingData\004417.jpg,004417,photo,1,0.6407538056373596,1,1
C:\Users\Zander Truong\Documents\coding\ekyc-face-pad\data\raw\celeba_spoof\SpoofingData\006801.jpg,006801,photo,1,0.8327956199645996,1,1
C:\Users\Zander Truong\Documents\coding\ekyc-face-pad\data\raw\celeba_spoof\SpoofingData\006757.jpg,006757,bona_fide,0,0.13754776120185852,0,1
C:\Users\Zander Truong\Documents\coding\ekyc-face-pad\data\raw\celeba_spoof\SpoofingData\009984.jpg,009984,bona_fide,0,0.03339673578739166,0,1
C:\Users\Zander Truong\Documents\coding\ekyc-face-pad\data\raw\celeba_spoof\SpoofingData\012791.jpg,012791,bona_fide,0,0.050167739391326904,0,1
C:\Users\Zander Truong\Documents\coding\ekyc-face-pad\data\raw\celeba_spoof\SpoofingData\008892.jpg,008892,photo,1,0.9848023056983948,1,1
C:\Users\Zander Truong\Documents\coding\ekyc-face-pad\data\raw\celeba_spoof\SpoofingData\013797.jpg,013797,bona_fide,0,0.14693701267242432,0,1
C:\Users\Zander Truong\Documents\coding\ekyc-face-pad\data\raw\celeba_spoof\SpoofingData\013003.jpg,013003,bona_fide,0,0.002701727207750082,0,1
C:\Users\Zander Truong\Documents\coding\ekyc-face-pad\data\raw\celeba_spoof\SpoofingData\001933.jpg,001933,bona_fide,0,0.14464972913265228,0,1
C:\Users\Zander Truong\Documents\coding\ekyc-face-pad\data\raw\celeba_spoof\SpoofingData\007411.jpg,007411,photo,1,0.9425373673439026,1,1
C:\Users\Zander Truong\Documents\coding\ekyc-face-pad\data\raw\celeba_spoof\SpoofingData\006100.jpg,006100,photo,1,0.9276924729347229,1,1
C:\Users\Zander Truong\Documents\coding\ekyc-face-pad\data\raw\celeba_spoof\SpoofingData\012135.jpg,012135,photo,1,0.9971466660499573,1,1
C:\Users\Zander Truong\Documents\coding\ekyc-face-pad\data\raw\celeba_spoof\SpoofingData\015977.jpg,015977,bona_fide,0,0.10313940793275833,0,1
C:\Users\Zander Truong\Documents\coding\ekyc-face-pad\data\raw\celeba_spoof\SpoofingData\008202.jpg,008202,photo,1,0.9120104908943176,1,1
C:\Users\Zander Truong\Documents\coding\ekyc-face-pad\data\raw\celeba_spoof\SpoofingData\009073.jpg,009073,photo,1,0.9022062420845032,1,1
C:\Users\Zander Truong\Documents\coding\ekyc-face-pad\data\raw\celeba_spoof\SpoofingData\013365.jpg,013365,photo,1,0.9965750575065613,1,1
C:\Users\Zander Truong\Documents\coding\ekyc-face-pad\data\raw\celeba_spoof\SpoofingData\003877.jpg,003877,photo,1,0.6709400415420532,1,1
C:\Users\Zander Truong\Documents\coding\ekyc-face-pad\data\raw\celeba_spoof\SpoofingData\011666.jpg,011666,photo,1,0.8271273374557495,1,1
C:\Users\Zander Truong\Documents\coding\ekyc-face-pad\data\raw\celeba_spoof\SpoofingData\015563.jpg,015563,photo,1,0.7813714742660522,1,1
C:\Users\Zander Truong\Documents\coding\ekyc-face-pad\data\raw\celeba_spoof\SpoofingData\017909.jpg,017909,photo,1,0.19874848425388336,0,0
C:\Users\Zander Truong\Documents\coding\ekyc-face-pad\data\raw\celeba_spoof\SpoofingData\005103.jpg,005103,photo,1,0.986573338508606,1,1
C:\Users\Zander Truong\Documents\coding\ekyc-face-pad\data\raw\celeba_spoof\SpoofingData\010710.jpg,010710,photo,1,0.8757547736167908,1,1
C:\Users\Zander Truong\Documents\coding\ekyc-face-pad\data\raw\celeba_spoof\SpoofingData\006541.jpg,006541,bona_fide,0,0.18963927030563354,0,1
C:\Users\Zander Truong\Documents\coding\ekyc-face-pad\data\raw\celeba_spoof\SpoofingData\008816.jpg,008816,photo,1,0.9893403649330139,1,1
C:\Users\Zander Truong\Documents\coding\ekyc-face-pad\data\raw\celeba_spoof\SpoofingData\004981.jpg,004981,photo,1,0.9985143542289734,1,1
C:\Users\Zander Truong\Documents\coding\ekyc-face-pad\data\raw\celeba_spoof\SpoofingData\013510.jpg,013510,bona_fide,0,0.30898788571357727,0,1
C:\Users\Zander Truong\Documents\coding\ekyc-face-pad\data\raw\celeba_spoof\SpoofingData\017290.jpg,017290,photo,1,0.7328055500984192,1,1
C:\Users\Zander Truong\Documents\coding\ekyc-face-pad\data\raw\celeba_spoof\SpoofingData\002480.jpg,002480,photo,1,0.9286289215087891,1,1
C:\Users\Zander Truong\Documents\coding\ekyc-face-pad\data\raw\celeba_spoof\SpoofingData\000529.jpg,000529,photo,1,0.36403271555900574,0,0
C:\Users\Zander Truong\Documents\coding\ekyc-face-pad\data\raw\celeba_spoof\SpoofingData\000079.jpg,000079,bona_fide,0,0.019103018566966057,0,1
C:\Users\Zander Truong\Documents\coding\ekyc-face-pad\data\raw\celeba_spoof\SpoofingData\013955.jpg,013955,bona_fide,0,0.004316454287618399,0,1
C:\Users\Zander Truong\Documents\coding\ekyc-face-pad\data\raw\celeba_spoof\SpoofingData\013109.jpg,013109,bona_fide,0,0.09694577008485794,0,1
C:\Users\Zander Truong\Documents\coding\ekyc-face-pad\data\raw\celeba_spoof\SpoofingData\009178.jpg,009178,bona_fide,0,0.1690853089094162,0,1
C:\Users\Zander Truong\Documents\coding\ekyc-face-pad\data\raw\celeba_spoof\SpoofingData\007339.jpg,007339,bona_fide,0,0.0015183121431618929,0,1
C:\Users\Zander Truong\Documents\coding\ekyc-face-pad\data\raw\celeba_spoof\SpoofingData\009348.jpg,009348,photo,1,0.9893446564674377,1,1
C:\Users\Zander Truong\Documents\coding\ekyc-face-pad\data\raw\celeba_spoof\SpoofingData\002050.jpg,002050,photo,1,0.982848048210144,1,1
C:\Users\Zander Truong\Documents\coding\ekyc-face-pad\data\raw\celeba_spoof\SpoofingData\015071.jpg,015071,bona_fide,0,0.25268465280532837,0,1
C:\Users\Zander Truong\Documents\coding\ekyc-face-pad\data\raw\celeba_spoof\SpoofingData\016890.jpg,016890,bona_fide,0,0.06259331107139587,0,1
C:\Users\Zander Truong\Documents\coding\ekyc-face-pad\data\raw\celeba_spoof\SpoofingData\012343.jpg,012343,photo,1,0.5460000038146973,1,1
C:\Users\Zander Truong\Documents\coding\ekyc-face-pad\data\raw\celeba_spoof\SpoofingData\015341.jpg,015341,photo,1,0.9677252173423767,1,1
C:\Users\Zander Truong\Documents\coding\ekyc-face-pad\data\raw\celeba_spoof\SpoofingData\014851.jpg,014851,bona_fide,0,0.006986665073782206,0,1
C:\Users\Zander Truong\Documents\coding\ekyc-face-pad\data\raw\celeba_spoof\SpoofingData\003845.jpg,003845,photo,1,0.32745400071144104,0,0
C:\Users\Zander Truong\Documents\coding\ekyc-face-pad\data\raw\celeba_spoof\SpoofingData\009891.jpg,009891,photo,1,0.9696087837219238,1,1
C:\Users\Zander Truong\Documents\coding\ekyc-face-pad\data\raw\celeba_spoof\SpoofingData\000070.jpg,000070,bona_fide,0,0.2250879853963852,0,1
C:\Users\Zander Truong\Documents\coding\ekyc-face-pad\data\raw\celeba_spoof\SpoofingData\005029.jpg,005029,photo,1,0.9655718207359314,1,1
C:\Users\Zander Truong\Documents\coding\ekyc-face-pad\data\raw\celeba_spoof\SpoofingData\008726.jpg,008726,bona_fide,0,0.13163794577121735,0,1
C:\Users\Zander Truong\Documents\coding\ekyc-face-pad\data\raw\celeba_spoof\SpoofingData\015150.jpg,015150,photo,1,0.9644541144371033,1,1
C:\Users\Zander Truong\Documents\coding\ekyc-face-pad\data\raw\celeba_spoof\SpoofingData\012274.jpg,012274,bona_fide,0,0.27016961574554443,0,1
C:\Users\Zander Truong\Documents\coding\ekyc-face-pad\data\raw\celeba_spoof\SpoofingData\006538.jpg,006538,photo,1,0.9988958835601807,1,1
C:\Users\Zander Truong\Documents\coding\ekyc-face-pad\data\raw\celeba_spoof\SpoofingData\004386.jpg,004386,photo,1,0.9640327095985413,1,1
C:\Users\Zander Truong\Documents\coding\ekyc-face-pad\data\raw\celeba_spoof\SpoofingData\005964.jpg,005964,photo,1,0.9375388026237488,1,1
C:\Users\Zander Truong\Documents\coding\ekyc-face-pad\data\raw\celeba_spoof\SpoofingData\014116.jpg,014116,photo,1,0.9545120596885681,1,1
C:\Users\Zander Truong\Documents\coding\ekyc-face-pad\data\raw\celeba_spoof\SpoofingData\006721.jpg,006721,photo,1,0.8923304080963135,1,1
C:\Users\Zander Truong\Documents\coding\ekyc-face-pad\data\raw\celeba_spoof\SpoofingData\005878.jpg,005878,photo,1,0.9985986351966858,1,1
C:\Users\Zander Truong\Documents\coding\ekyc-face-pad\data\raw\celeba_spoof\SpoofingData\007821.jpg,007821,photo,1,0.9902554154396057,1,1
C:\Users\Zander Truong\Documents\coding\ekyc-face-pad\data\raw\celeba_spoof\SpoofingData\006574.jpg,006574,photo,1,0.9409571886062622,1,1
C:\Users\Zander Truong\Documents\coding\ekyc-face-pad\data\raw\celeba_spoof\SpoofingData\015768.jpg,015768,photo,1,0.941565990447998,1,1
C:\Users\Zander Truong\Documents\coding\ekyc-face-pad\data\raw\celeba_spoof\SpoofingData\015025.jpg,015025,photo,1,0.925142765045166,1,1
C:\Users\Zander Truong\Documents\coding\ekyc-face-pad\data\raw\celeba_spoof\SpoofingData\017670.jpg,017670,photo,1,0.9988693594932556,1,1
C:\Users\Zander Truong\Documents\coding\ekyc-face-pad\data\raw\celeba_spoof\SpoofingData\003281.jpg,003281,photo,1,0.9187295436859131,1,1
C:\Users\Zander Truong\Documents\coding\ekyc-face-pad\data\raw\celeba_spoof\SpoofingData\005232.jpg,005232,photo,1,0.9238181710243225,1,1
C:\Users\Zander Truong\Documents\coding\ekyc-face-pad\data\raw\celeba_spoof\SpoofingData\001016.jpg,001016,photo,1,0.2358337938785553,0,0
C:\Users\Zander Truong\Documents\coding\ekyc-face-pad\data\raw\celeba_spoof\SpoofingData\001017.jpg,001017,photo,1,0.9487007260322571,1,1
C:\Users\Zander Truong\Documents\coding\ekyc-face-pad\data\raw\celeba_spoof\SpoofingData\000406.jpg,000406,bona_fide,0,0.4780791997909546,0,1
C:\Users\Zander Truong\Documents\coding\ekyc-face-pad\data\raw\celeba_spoof\SpoofingData\003205.jpg,003205,photo,1,0.7275180220603943,1,1
C:\Users\Zander Truong\Documents\coding\ekyc-face-pad\data\raw\celeba_spoof\SpoofingData\010435.jpg,010435,bona_fide,0,0.006486708298325539,0,1
C:\Users\Zander Truong\Documents\coding\ekyc-face-pad\data\raw\celeba_spoof\SpoofingData\013681.jpg,013681,photo,1,0.9513891339302063,1,1
C:\Users\Zander Truong\Documents\coding\ekyc-face-pad\data\raw\celeba_spoof\SpoofingData\015347.jpg,015347,bona_fide,0,0.34449303150177,0,1
C:\Users\Zander Truong\Documents\coding\ekyc-face-pad\data\raw\celeba_spoof\SpoofingData\008455.jpg,008455,photo,1,0.9800539612770081,1,1
C:\Users\Zander Truong\Documents\coding\ekyc-face-pad\data\raw\celeba_spoof\SpoofingData\002748.jpg,002748,photo,1,0.792375385761261,1,1
C:\Users\Zander Truong\Documents\coding\ekyc-face-pad\data\raw\celeba_spoof\SpoofingData\016619.jpg,016619,bona_fide,0,0.012723869644105434,0,1
C:\Users\Zander Truong\Documents\coding\ekyc-face-pad\data\raw\celeba_spoof\SpoofingData\013525.jpg,013525,photo,1,0.9633598327636719,1,1
C:\Users\Zander Truong\Documents\coding\ekyc-face-pad\data\raw\celeba_spoof\SpoofingData\005239.jpg,005239,bona_fide,0,0.09973061829805374,0,1
C:\Users\Zander Truong\Documents\coding\ekyc-face-pad\data\raw\celeba_spoof\SpoofingData\007527.jpg,007527,photo,1,0.9636578559875488,1,1
C:\Users\Zander Truong\Documents\coding\ekyc-face-pad\data\raw\celeba_spoof\SpoofingData\016172.jpg,016172,photo,1,0.931239664554596,1,1
C:\Users\Zander Truong\Documents\coding\ekyc-face-pad\data\raw\celeba_spoof\SpoofingData\005214.jpg,005214,photo,1,0.8434189558029175,1,1
C:\Users\Zander Truong\Documents\coding\ekyc-face-pad\data\raw\celeba_spoof\SpoofingData\009796.jpg,009796,photo,1,0.9664342999458313,1,1
C:\Users\Zander Truong\Documents\coding\ekyc-face-pad\data\raw\celeba_spoof\SpoofingData\016528.jpg,016528,photo,1,0.7664936780929565,1,1
C:\Users\Zander Truong\Documents\coding\ekyc-face-pad\data\raw\celeba_spoof\SpoofingData\008014.jpg,008014,bona_fide,0,0.013255663216114044,0,1
C:\Users\Zander Truong\Documents\coding\ekyc-face-pad\data\raw\celeba_spoof\SpoofingData\006293.jpg,006293,photo,1,0.9562499523162842,1,1
C:\Users\Zander Truong\Documents\coding\ekyc-face-pad\data\raw\celeba_spoof\SpoofingData\014229.jpg,014229,bona_fide,0,0.043249987065792084,0,1
C:\Users\Zander Truong\Documents\coding\ekyc-face-pad\data\raw\celeba_spoof\SpoofingData\006868.jpg,006868,photo,1,0.6322112083435059,1,1
C:\Users\Zander Truong\Documents\coding\ekyc-face-pad\data\raw\celeba_spoof\SpoofingData\004994.jpg,004994,photo,1,0.20083653926849365,0,0
C:\Users\Zander Truong\Documents\coding\ekyc-face-pad\data\raw\celeba_spoof\SpoofingData\000647.jpg,000647,bona_fide,0,0.9409474730491638,1,0
C:\Users\Zander Truong\Documents\coding\ekyc-face-pad\data\raw\celeba_spoof\SpoofingData\001522.jpg,001522,photo,1,0.9104042053222656,1,1
C:\Users\Zander Truong\Documents\coding\ekyc-face-pad\data\raw\celeba_spoof\SpoofingData\015869.jpg,015869,bona_fide,0,0.8404935598373413,1,0
C:\Users\Zander Truong\Documents\coding\ekyc-face-pad\data\raw\celeba_spoof\SpoofingData\013706.jpg,013706,bona_fide,0,0.11049316823482513,0,1
C:\Users\Zander Truong\Documents\coding\ekyc-face-pad\data\raw\celeba_spoof\SpoofingData\008406.jpg,008406,photo,1,0.9901177287101746,1,1
C:\Users\Zander Truong\Documents\coding\ekyc-face-pad\data\raw\celeba_spoof\SpoofingData\012807.jpg,012807,photo,1,0.9235132336616516,1,1
C:\Users\Zander Truong\Documents\coding\ekyc-face-pad\data\raw\celeba_spoof\SpoofingData\006929.jpg,006929,photo,1,0.9739812016487122,1,1
C:\Users\Zander Truong\Documents\coding\ekyc-face-pad\data\raw\celeba_spoof\SpoofingData\007748.jpg,007748,photo,1,0.9795306921005249,1,1
C:\Users\Zander Truong\Documents\coding\ekyc-face-pad\data\raw\celeba_spoof\SpoofingData\002484.jpg,002484,photo,1,0.9246537685394287,1,1
C:\Users\Zander Truong\Documents\coding\ekyc-face-pad\data\raw\celeba_spoof\SpoofingData\015766.jpg,015766,bona_fide,0,0.10376463830471039,0,1
C:\Users\Zander Truong\Documents\coding\ekyc-face-pad\data\raw\celeba_spoof\SpoofingData\014929.jpg,014929,photo,1,0.9278874397277832,1,1
C:\Users\Zander Truong\Documents\coding\ekyc-face-pad\data\raw\celeba_spoof\SpoofingData\006614.jpg,006614,photo,1,0.6335433125495911,1,1
C:\Users\Zander Truong\Documents\coding\ekyc-face-pad\data\raw\celeba_spoof\SpoofingData\008261.jpg,008261,photo,1,0.9852848649024963,1,1
C:\Users\Zander Truong\Documents\coding\ekyc-face-pad\data\raw\celeba_spoof\SpoofingData\014589.jpg,014589,photo,1,0.9634072780609131,1,1
C:\Users\Zander Truong\Documents\coding\ekyc-face-pad\data\raw\celeba_spoof\SpoofingData\004479.jpg,004479,bona_fide,0,0.21435175836086273,0,1
C:\Users\Zander Truong\Documents\coding\ekyc-face-pad\data\raw\celeba_spoof\SpoofingData\012454.jpg,012454,bona_fide,0,0.23361967504024506,0,1
C:\Users\Zander Truong\Documents\coding\ekyc-face-pad\data\raw\celeba_spoof\SpoofingData\009944.jpg,009944,photo,1,0.7032320499420166,1,1
C:\Users\Zander Truong\Documents\coding\ekyc-face-pad\data\raw\celeba_spoof\SpoofingData\002003.jpg,002003,photo,1,0.8180850148200989,1,1
C:\Users\Zander Truong\Documents\coding\ekyc-face-pad\data\raw\celeba_spoof\SpoofingData\017895.jpg,017895,photo,1,0.7050983905792236,1,1
C:\Users\Zander Truong\Documents\coding\ekyc-face-pad\data\raw\celeba_spoof\SpoofingData\004555.jpg,004555,photo,1,0.9937090873718262,1,1
C:\Users\Zander Truong\Documents\coding\ekyc-face-pad\data\raw\celeba_spoof\SpoofingData\006742.jpg,006742,photo,1,0.6196272969245911,1,1
C:\Users\Zander Truong\Documents\coding\ekyc-face-pad\data\raw\celeba_spoof\SpoofingData\014356.jpg,014356,bona_fide,0,0.2852577269077301,0,1
C:\Users\Zander Truong\Documents\coding\ekyc-face-pad\data\raw\celeba_spoof\SpoofingData\011087.jpg,011087,photo,1,0.9787843823432922,1,1
C:\Users\Zander Truong\Documents\coding\ekyc-face-pad\data\raw\celeba_spoof\SpoofingData\013825.jpg,013825,photo,1,0.9465969800949097,1,1
C:\Users\Zander Truong\Documents\coding\ekyc-face-pad\data\raw\celeba_spoof\SpoofingData\008653.jpg,008653,photo,1,0.9884246587753296,1,1
C:\Users\Zander Truong\Documents\coding\ekyc-face-pad\data\raw\celeba_spoof\SpoofingData\001490.jpg,001490,photo,1,0.9209278225898743,1,1
C:\Users\Zander Truong\Documents\coding\ekyc-face-pad\data\raw\celeba_spoof\SpoofingData\005773.jpg,005773,photo,1,0.6217960119247437,1,1
C:\Users\Zander Truong\Documents\coding\ekyc-face-pad\data\raw\celeba_spoof\SpoofingData\015580.jpg,015580,photo,1,0.957097053527832,1,1
C:\Users\Zander Truong\Documents\coding\ekyc-face-pad\data\raw\celeba_spoof\SpoofingData\013694.jpg,013694,photo,1,0.984959065914154,1,1
C:\Users\Zander Truong\Documents\coding\ekyc-face-pad\data\raw\celeba_spoof\SpoofingData\011060.jpg,011060,photo,1,0.507051408290863,1,1
C:\Users\Zander Truong\Documents\coding\ekyc-face-pad\data\raw\celeba_spoof\SpoofingData\012415.jpg,012415,bona_fide,0,0.67372065782547,1,0
C:\Users\Zander Truong\Documents\coding\ekyc-face-pad\data\raw\celeba_spoof\SpoofingData\002557.jpg,002557,bona_fide,0,0.47582173347473145,0,1
C:\Users\Zander Truong\Documents\coding\ekyc-face-pad\data\raw\celeba_spoof\SpoofingData\013288.jpg,013288,photo,1,0.990997314453125,1,1
C:\Users\Zander Truong\Documents\coding\ekyc-face-pad\data\raw\celeba_spoof\SpoofingData\009314.jpg,009314,photo,1,0.8634003400802612,1,1
C:\Users\Zander Truong\Documents\coding\ekyc-face-pad\data\raw\celeba_spoof\SpoofingData\010184.jpg,010184,photo,1,0.9241661429405212,1,1
C:\Users\Zander Truong\Documents\coding\ekyc-face-pad\data\raw\celeba_spoof\SpoofingData\001657.jpg,001657,bona_fide,0,0.07963687181472778,0,1
C:\Users\Zander Truong\Documents\coding\ekyc-face-pad\data\raw\celeba_spoof\SpoofingData\006575.jpg,006575,bona_fide,0,0.5074329376220703,1,0
C:\Users\Zander Truong\Documents\coding\ekyc-face-pad\data\raw\celeba_spoof\SpoofingData\002304.jpg,002304,photo,1,0.315938800573349,0,0
C:\Users\Zander Truong\Documents\coding\ekyc-face-pad\data\raw\celeba_spoof\SpoofingData\016542.jpg,016542,bona_fide,0,0.9754078388214111,1,0
C:\Users\Zander Truong\Documents\coding\ekyc-face-pad\data\raw\celeba_spoof\SpoofingData\003476.jpg,003476,bona_fide,0,0.5844303369522095,1,0
C:\Users\Zander Truong\Documents\coding\ekyc-face-pad\data\raw\celeba_spoof\SpoofingData\008113.jpg,008113,bona_fide,0,0.4016542136669159,0,1
C:\Users\Zander Truong\Documents\coding\ekyc-face-pad\data\raw\celeba_spoof\SpoofingData\007822.jpg,007822,photo,1,0.8300358653068542,1,1
C:\Users\Zander Truong\Documents\coding\ekyc-face-pad\data\raw\celeba_spoof\SpoofingData\015886.jpg,015886,photo,1,0.9976135492324829,1,1
C:\Users\Zander Truong\Documents\coding\ekyc-face-pad\data\raw\celeba_spoof\SpoofingData\011027.jpg,011027,photo,1,0.7911744713783264,1,1
C:\Users\Zander Truong\Documents\coding\ekyc-face-pad\data\raw\celeba_spoof\SpoofingData\000130.jpg,000130,photo,1,0.7386007905006409,1,1
C:\Users\Zander Truong\Documents\coding\ekyc-face-pad\data\raw\celeba_spoof\SpoofingData\007184.jpg,007184,photo,1,0.9347479939460754,1,1
C:\Users\Zander Truong\Documents\coding\ekyc-face-pad\data\raw\celeba_spoof\SpoofingData\004832.jpg,004832,photo,1,0.9447802305221558,1,1
C:\Users\Zander Truong\Documents\coding\ekyc-face-pad\data\raw\celeba_spoof\SpoofingData\013783.jpg,013783,photo,1,0.8616673946380615,1,1
C:\Users\Zander Truong\Documents\coding\ekyc-face-pad\data\raw\celeba_spoof\SpoofingData\009516.jpg,009516,photo,1,0.5745744705200195,1,1
C:\Users\Zander Truong\Documents\coding\ekyc-face-pad\data\raw\celeba_spoof\SpoofingData\003654.jpg,003654,bona_fide,0,0.2041172981262207,0,1
C:\Users\Zander Truong\Documents\coding\ekyc-face-pad\data\raw\celeba_spoof\SpoofingData\012243.jpg,012243,photo,1,0.9277525544166565,1,1
C:\Users\Zander Truong\Documents\coding\ekyc-face-pad\data\raw\celeba_spoof\SpoofingData\007701.jpg,007701,bona_fide,0,0.0545157715678215,0,1
C:\Users\Zander Truong\Documents\coding\ekyc-face-pad\data\raw\celeba_spoof\SpoofingData\003543.jpg,003543,photo,1,0.9884573817253113,1,1
C:\Users\Zander Truong\Documents\coding\ekyc-face-pad\data\raw\celeba_spoof\SpoofingData\015312.jpg,015312,photo,1,0.9434409737586975,1,1
C:\Users\Zander Truong\Documents\coding\ekyc-face-pad\data\raw\celeba_spoof\SpoofingData\000810.jpg,000810,photo,1,0.9758855700492859,1,1
C:\Users\Zander Truong\Documents\coding\ekyc-face-pad\data\raw\celeba_spoof\SpoofingData\005678.jpg,005678,bona_fide,0,0.9914889335632324,1,0
C:\Users\Zander Truong\Documents\coding\ekyc-face-pad\data\raw\celeba_spoof\SpoofingData\014940.jpg,014940,bona_fide,0,0.0892377644777298,0,1
C:\Users\Zander Truong\Documents\coding\ekyc-face-pad\data\raw\celeba_spoof\SpoofingData\005463.jpg,005463,bona_fide,0,0.0834459662437439,0,1
C:\Users\Zander Truong\Documents\coding\ekyc-face-pad\data\raw\celeba_spoof\SpoofingData\002390.jpg,002390,bona_fide,0,0.4202018976211548,0,1
C:\Users\Zander Truong\Documents\coding\ekyc-face-pad\data\raw\celeba_spoof\SpoofingData\015224.jpg,015224,bona_fide,0,0.2966149151325226,0,1
C:\Users\Zander Truong\Documents\coding\ekyc-face-pad\data\raw\celeba_spoof\SpoofingData\008509.jpg,008509,photo,1,0.9871009588241577,1,1
C:\Users\Zander Truong\Documents\coding\ekyc-face-pad\data\raw\celeba_spoof\SpoofingData\015512.jpg,015512,bona_fide,0,0.19242647290229797,0,1
C:\Users\Zander Truong\Documents\coding\ekyc-face-pad\data\raw\celeba_spoof\SpoofingData\009493.jpg,009493,photo,1,0.8605831265449524,1,1
C:\Users\Zander Truong\Documents\coding\ekyc-face-pad\data\raw\celeba_spoof\SpoofingData\001369.jpg,001369,photo,1,0.709816575050354,1,1
C:\Users\Zander Truong\Documents\coding\ekyc-face-pad\data\raw\celeba_spoof\SpoofingData\006021.jpg,006021,photo,1,0.9990394711494446,1,1
C:\Users\Zander Truong\Documents\coding\ekyc-face-pad\data\raw\celeba_spoof\SpoofingData\008589.jpg,008589,bona_fide,0,0.021454693749547005,0,1
C:\Users\Zander Truong\Documents\coding\ekyc-face-pad\data\raw\celeba_spoof\SpoofingData\006243.jpg,006243,photo,1,0.8330926299095154,1,1
C:\Users\Zander Truong\Documents\coding\ekyc-face-pad\data\raw\celeba_spoof\SpoofingData\011616.jpg,011616,bona_fide,0,0.02815552055835724,0,1
C:\Users\Zander Truong\Documents\coding\ekyc-face-pad\data\raw\celeba_spoof\SpoofingData\001784.jpg,001784,photo,1,0.9819852709770203,1,1
C:\Users\Zander Truong\Documents\coding\ekyc-face-pad\data\raw\celeba_spoof\SpoofingData\010640.jpg,010640,photo,1,0.0674767941236496,0,0
C:\Users\Zander Truong\Documents\coding\ekyc-face-pad\data\raw\celeba_spoof\SpoofingData\013680.jpg,013680,photo,1,0.9906718730926514,1,1
C:\Users\Zander Truong\Documents\coding\ekyc-face-pad\data\raw\celeba_spoof\SpoofingData\000812.jpg,000812,photo,1,0.016059454530477524,0,0
C:\Users\Zander Truong\Documents\coding\ekyc-face-pad\data\raw\celeba_spoof\SpoofingData\012625.jpg,012625,photo,1,0.700697124004364,1,1
C:\Users\Zander Truong\Documents\coding\ekyc-face-pad\data\raw\celeba_spoof\SpoofingData\009339.jpg,009339,photo,1,0.9499431848526001,1,1
C:\Users\Zander Truong\Documents\coding\ekyc-face-pad\data\raw\celeba_spoof\SpoofingData\000612.jpg,000612,photo,1,0.7081572413444519,1,1
C:\Users\Zander Truong\Documents\coding\ekyc-face-pad\data\raw\celeba_spoof\SpoofingData\000549.jpg,000549,bona_fide,0,0.26377615332603455,0,1
C:\Users\Zander Truong\Documents\coding\ekyc-face-pad\data\raw\celeba_spoof\SpoofingData\011239.jpg,011239,photo,1,0.9929186701774597,1,1
C:\Users\Zander Truong\Documents\coding\ekyc-face-pad\data\raw\celeba_spoof\SpoofingData\017412.jpg,017412,photo,1,0.9705421924591064,1,1
C:\Users\Zander Truong\Documents\coding\ekyc-face-pad\data\raw\celeba_spoof\SpoofingData\016864.jpg,016864,photo,1,0.9945474863052368,1,1
C:\Users\Zander Truong\Documents\coding\ekyc-face-pad\data\raw\celeba_spoof\SpoofingData\008966.jpg,008966,photo,1,0.35647106170654297,0,0
C:\Users\Zander Truong\Documents\coding\ekyc-face-pad\data\raw\celeba_spoof\SpoofingData\016530.jpg,016530,bona_fide,0,0.07908468693494797,0,1
C:\Users\Zander Truong\Documents\coding\ekyc-face-pad\data\raw\celeba_spoof\SpoofingData\012982.jpg,012982,photo,1,0.9567397236824036,1,1
C:\Users\Zander Truong\Documents\coding\ekyc-face-pad\data\raw\celeba_spoof\SpoofingData\005320.jpg,005320,photo,1,0.973285973072052,1,1
C:\Users\Zander Truong\Documents\coding\ekyc-face-pad\data\raw\celeba_spoof\SpoofingData\017439.jpg,017439,photo,1,0.9970878958702087,1,1
C:\Users\Zander Truong\Documents\coding\ekyc-face-pad\data\raw\celeba_spoof\SpoofingData\004916.jpg,004916,bona_fide,0,0.6356556415557861,1,0
C:\Users\Zander Truong\Documents\coding\ekyc-face-pad\data\raw\celeba_spoof\SpoofingData\010453.jpg,010453,bona_fide,0,0.07644405215978622,0,1
C:\Users\Zander Truong\Documents\coding\ekyc-face-pad\data\raw\celeba_spoof\SpoofingData\013693.jpg,013693,photo,1,0.971615195274353,1,1
C:\Users\Zander Truong\Documents\coding\ekyc-face-pad\data\raw\celeba_spoof\SpoofingData\005114.jpg,005114,photo,1,0.9971231818199158,1,1
C:\Users\Zander Truong\Documents\coding\ekyc-face-pad\data\raw\celeba_spoof\SpoofingData\017622.jpg,017622,bona_fide,0,0.12098211795091629,0,1
C:\Users\Zander Truong\Documents\coding\ekyc-face-pad\data\raw\celeba_spoof\SpoofingData\011352.jpg,011352,bona_fide,0,0.01171309594064951,0,1
C:\Users\Zander Truong\Documents\coding\ekyc-face-pad\data\raw\celeba_spoof\SpoofingData\000952.jpg,000952,photo,1,0.9597674012184143,1,1
C:\Users\Zander Truong\Documents\coding\ekyc-face-pad\data\raw\celeba_spoof\SpoofingData\015122.jpg,015122,bona_fide,0,0.7504328489303589,1,0
C:\Users\Zander Truong\Documents\coding\ekyc-face-pad\data\raw\celeba_spoof\SpoofingData\013769.jpg,013769,photo,1,0.9934284090995789,1,1
C:\Users\Zander Truong\Documents\coding\ekyc-face-pad\data\raw\celeba_spoof\SpoofingData\017950.jpg,017950,photo,1,0.9774245023727417,1,1
C:\Users\Zander Truong\Documents\coding\ekyc-face-pad\data\raw\celeba_spoof\SpoofingData\005594.jpg,005594,photo,1,0.9930850267410278,1,1
C:\Users\Zander Truong\Documents\coding\ekyc-face-pad\data\raw\celeba_spoof\SpoofingData\017710.jpg,017710,bona_fide,0,0.3813449442386627,0,1
C:\Users\Zander Truong\Documents\coding\ekyc-face-pad\data\raw\celeba_spoof\SpoofingData\002408.jpg,002408,bona_fide,0,0.011286668479442596,0,1
C:\Users\Zander Truong\Documents\coding\ekyc-face-pad\data\raw\celeba_spoof\SpoofingData\005040.jpg,005040,photo,1,0.7952396869659424,1,1
C:\Users\Zander Truong\Documents\coding\ekyc-face-pad\data\raw\celeba_spoof\SpoofingData\013221.jpg,013221,photo,1,0.9929511547088623,1,1
C:\Users\Zander Truong\Documents\coding\ekyc-face-pad\data\raw\celeba_spoof\SpoofingData\004871.jpg,004871,photo,1,0.9966082572937012,1,1
C:\Users\Zander Truong\Documents\coding\ekyc-face-pad\data\raw\celeba_spoof\SpoofingData\006199.jpg,006199,bona_fide,0,0.0069733778946101665,0,1
C:\Users\Zander Truong\Documents\coding\ekyc-face-pad\data\raw\celeba_spoof\SpoofingData\003907.jpg,003907,photo,1,0.8454472422599792,1,1
C:\Users\Zander Truong\Documents\coding\ekyc-face-pad\data\raw\celeba_spoof\SpoofingData\013561.jpg,013561,bona_fide,0,0.1395816057920456,0,1
C:\Users\Zander Truong\Documents\coding\ekyc-face-pad\data\raw\celeba_spoof\SpoofingData\016557.jpg,016557,photo,1,0.9765129089355469,1,1
C:\Users\Zander Truong\Documents\coding\ekyc-face-pad\data\raw\celeba_spoof\SpoofingData\008998.jpg,008998,photo,1,0.9828604459762573,1,1
C:\Users\Zander Truong\Documents\coding\ekyc-face-pad\data\raw\celeba_spoof\SpoofingData\008255.jpg,008255,photo,1,0.9902323484420776,1,1
C:\Users\Zander Truong\Documents\coding\ekyc-face-pad\data\raw\celeba_spoof\SpoofingData\008234.jpg,008234,photo,1,0.9884375929832458,1,1
C:\Users\Zander Truong\Documents\coding\ekyc-face-pad\data\raw\celeba_spoof\SpoofingData\008486.jpg,008486,photo,1,0.9271995425224304,1,1
C:\Users\Zander Truong\Documents\coding\ekyc-face-pad\data\raw\celeba_spoof\SpoofingData\001623.jpg,001623,bona_fide,0,0.1550554484128952,0,1
C:\Users\Zander Truong\Documents\coding\ekyc-face-pad\data\raw\celeba_spoof\SpoofingData\000193.jpg,000193,photo,1,0.9099807143211365,1,1
C:\Users\Zander Truong\Documents\coding\ekyc-face-pad\data\raw\celeba_spoof\SpoofingData\017095.jpg,017095,photo,1,0.8366411924362183,1,1
C:\Users\Zander Truong\Documents\coding\ekyc-face-pad\data\raw\celeba_spoof\SpoofingData\009733.jpg,009733,photo,1,0.9606418609619141,1,1
C:\Users\Zander Truong\Documents\coding\ekyc-face-pad\data\raw\celeba_spoof\SpoofingData\012138.jpg,012138,photo,1,0.9882897138595581,1,1
C:\Users\Zander Truong\Documents\coding\ekyc-face-pad\data\raw\celeba_spoof\SpoofingData\006141.jpg,006141,photo,1,0.9048470258712769,1,1
C:\Users\Zander Truong\Documents\coding\ekyc-face-pad\data\raw\celeba_spoof\SpoofingData\012493.jpg,012493,photo,1,0.8781263828277588,1,1
C:\Users\Zander Truong\Documents\coding\ekyc-face-pad\data\raw\celeba_spoof\SpoofingData\012494.jpg,012494,photo,1,0.942453920841217,1,1
C:\Users\Zander Truong\Documents\coding\ekyc-face-pad\data\raw\celeba_spoof\SpoofingData\005649.jpg,005649,bona_fide,0,0.1344497948884964,0,1
C:\Users\Zander Truong\Documents\coding\ekyc-face-pad\data\raw\celeba_spoof\SpoofingData\017787.jpg,017787,photo,1,0.9631531238555908,1,1
C:\Users\Zander Truong\Documents\coding\ekyc-face-pad\data\raw\celeba_spoof\SpoofingData\006624.jpg,006624,photo,1,0.9907394647598267,1,1
C:\Users\Zander Truong\Documents\coding\ekyc-face-pad\data\raw\celeba_spoof\SpoofingData\007288.jpg,007288,photo,1,0.9789214730262756,1,1
C:\Users\Zander Truong\Documents\coding\ekyc-face-pad\data\raw\celeba_spoof\SpoofingData\015603.jpg,015603,photo,1,0.979840099811554,1,1
C:\Users\Zander Truong\Documents\coding\ekyc-face-pad\data\raw\celeba_spoof\SpoofingData\009095.jpg,009095,bona_fide,0,0.007112428545951843,0,1
C:\Users\Zander Truong\Documents\coding\ekyc-face-pad\data\raw\celeba_spoof\SpoofingData\003133.jpg,003133,photo,1,0.9716126322746277,1,1
C:\Users\Zander Truong\Documents\coding\ekyc-face-pad\data\raw\celeba_spoof\SpoofingData\005165.jpg,005165,photo,1,0.9429774880409241,1,1
C:\Users\Zander Truong\Documents\coding\ekyc-face-pad\data\raw\celeba_spoof\SpoofingData\008933.jpg,008933,photo,1,0.9587608575820923,1,1
C:\Users\Zander Truong\Documents\coding\ekyc-face-pad\data\raw\celeba_spoof\SpoofingData\017533.jpg,017533,photo,1,0.8992125988006592,1,1
C:\Users\Zander Truong\Documents\coding\ekyc-face-pad\data\raw\celeba_spoof\SpoofingData\006307.jpg,006307,photo,1,0.9864502549171448,1,1
C:\Users\Zander Truong\Documents\coding\ekyc-face-pad\data\raw\celeba_spoof\SpoofingData\003004.jpg,003004,photo,1,0.9830853343009949,1,1
C:\Users\Zander Truong\Documents\coding\ekyc-face-pad\data\raw\celeba_spoof\SpoofingData\017947.jpg,017947,bona_fide,0,0.2668749690055847,0,1
C:\Users\Zander Truong\Documents\coding\ekyc-face-pad\data\raw\celeba_spoof\SpoofingData\012072.jpg,012072,bona_fide,0,0.04763496667146683,0,1
C:\Users\Zander Truong\Documents\coding\ekyc-face-pad\data\raw\celeba_spoof\SpoofingData\012811.jpg,012811,bona_fide,0,0.06162019073963165,0,1
C:\Users\Zander Truong\Documents\coding\ekyc-face-pad\data\raw\celeba_spoof\SpoofingData\012086.jpg,012086,photo,1,0.9975314140319824,1,1
C:\Users\Zander Truong\Documents\coding\ekyc-face-pad\data\raw\celeba_spoof\SpoofingData\002604.jpg,002604,photo,1,0.8880844712257385,1,1
C:\Users\Zander Truong\Documents\coding\ekyc-face-pad\data\raw\celeba_spoof\SpoofingData\002253.jpg,002253,bona_fide,0,0.567527711391449,1,0
C:\Users\Zander Truong\Documents\coding\ekyc-face-pad\data\raw\celeba_spoof\SpoofingData\008156.jpg,008156,photo,1,0.9630588889122009,1,1
C:\Users\Zander Truong\Documents\coding\ekyc-face-pad\data\raw\celeba_spoof\SpoofingData\011935.jpg,011935,photo,1,0.7970437407493591,1,1
C:\Users\Zander Truong\Documents\coding\ekyc-face-pad\data\raw\celeba_spoof\SpoofingData\015638.jpg,015638,photo,1,0.9943814873695374,1,1
C:\Users\Zander Truong\Documents\coding\ekyc-face-pad\data\raw\celeba_spoof\SpoofingData\005882.jpg,005882,photo,1,0.9544124603271484,1,1
C:\Users\Zander Truong\Documents\coding\ekyc-face-pad\data\raw\celeba_spoof\SpoofingData\006079.jpg,006079,photo,1,0.9913086891174316,1,1
C:\Users\Zander Truong\Documents\coding\ekyc-face-pad\data\raw\celeba_spoof\SpoofingData\001244.jpg,001244,photo,1,0.9800077676773071,1,1
C:\Users\Zander Truong\Documents\coding\ekyc-face-pad\data\raw\celeba_spoof\SpoofingData\000489.jpg,000489,photo,1,0.9724250435829163,1,1
C:\Users\Zander Truong\Documents\coding\ekyc-face-pad\data\raw\celeba_spoof\SpoofingData\000788.jpg,000788,photo,1,0.7538913488388062,1,1
C:\Users\Zander Truong\Documents\coding\ekyc-face-pad\data\raw\celeba_spoof\SpoofingData\001004.jpg,001004,photo,1,0.9456149339675903,1,1
C:\Users\Zander Truong\Documents\coding\ekyc-face-pad\data\raw\celeba_spoof\SpoofingData\011642.jpg,011642,bona_fide,0,0.03257511928677559,0,1
C:\Users\Zander Truong\Documents\coding\ekyc-face-pad\data\raw\celeba_spoof\SpoofingData\015576.jpg,015576,photo,1,0.7687235474586487,1,1
C:\Users\Zander Truong\Documents\coding\ekyc-face-pad\data\raw\celeba_spoof\SpoofingData\011777.jpg,011777,photo,1,0.6647768616676331,1,1
C:\Users\Zander Truong\Documents\coding\ekyc-face-pad\data\raw\celeba_spoof\SpoofingData\016448.jpg,016448,photo,1,0.9761018753051758,1,1
C:\Users\Zander Truong\Documents\coding\ekyc-face-pad\data\raw\celeba_spoof\SpoofingData\008819.jpg,008819,bona_fide,0,0.34705379605293274,0,1
C:\Users\Zander Truong\Documents\coding\ekyc-face-pad\data\raw\celeba_spoof\SpoofingData\012842.jpg,012842,bona_fide,0,0.16488651931285858,0,1
C:\Users\Zander Truong\Documents\coding\ekyc-face-pad\data\raw\celeba_spoof\SpoofingData\017393.jpg,017393,bona_fide,0,0.3032726049423218,0,1
C:\Users\Zander Truong\Documents\coding\ekyc-face-pad\data\raw\celeba_spoof\SpoofingData\008068.jpg,008068,photo,1,0.7844192981719971,1,1
C:\Users\Zander Truong\Documents\coding\ekyc-face-pad\data\raw\celeba_spoof\SpoofingData\010092.jpg,010092,photo,1,0.985345721244812,1,1
C:\Users\Zander Truong\Documents\coding\ekyc-face-pad\data\raw\celeba_spoof\SpoofingData\017897.jpg,017897,bona_fide,0,0.16080811619758606,0,1
C:\Users\Zander Truong\Documents\coding\ekyc-face-pad\data\raw\celeba_spoof\SpoofingData\006698.jpg,006698,photo,1,0.9904828071594238,1,1
C:\Users\Zander Truong\Documents\coding\ekyc-face-pad\data\raw\celeba_spoof\SpoofingData\001548.jpg,001548,bona_fide,0,0.025493480265140533,0,1
C:\Users\Zander Truong\Documents\coding\ekyc-face-pad\data\raw\celeba_spoof\SpoofingData\008236.jpg,008236,photo,1,0.5770218968391418,1,1
C:\Users\Zander Truong\Documents\coding\ekyc-face-pad\data\raw\celeba_spoof\SpoofingData\002719.jpg,002719,bona_fide,0,0.12413643300533295,0,1
C:\Users\Zander Truong\Documents\coding\ekyc-face-pad\data\raw\celeba_spoof\SpoofingData\010259.jpg,010259,bona_fide,0,0.017651738598942757,0,1
C:\Users\Zander Truong\Documents\coding\ekyc-face-pad\data\raw\celeba_spoof\SpoofingData\007331.jpg,007331,photo,1,0.9852005243301392,1,1
C:\Users\Zander Truong\Documents\coding\ekyc-face-pad\data\raw\celeba_spoof\SpoofingData\000857.jpg,000857,photo,1,0.974262535572052,1,1
C:\Users\Zander Truong\Documents\coding\ekyc-face-pad\data\raw\celeba_spoof\SpoofingData\001258.jpg,001258,bona_fide,0,0.4058128595352173,0,1
C:\Users\Zander Truong\Documents\coding\ekyc-face-pad\data\raw\celeba_spoof\SpoofingData\001331.jpg,001331,photo,1,0.09242921322584152,0,0
C:\Users\Zander Truong\Documents\coding\ekyc-face-pad\data\raw\celeba_spoof\SpoofingData\002481.jpg,002481,bona_fide,0,0.07566497474908829,0,1
C:\Users\Zander Truong\Documents\coding\ekyc-face-pad\data\raw\celeba_spoof\SpoofingData\003497.jpg,003497,photo,1,0.7369512319564819,1,1
C:\Users\Zander Truong\Documents\coding\ekyc-face-pad\data\raw\celeba_spoof\SpoofingData\017368.jpg,017368,photo,1,0.10370238870382309,0,0
C:\Users\Zander Truong\Documents\coding\ekyc-face-pad\data\raw\celeba_spoof\SpoofingData\001567.jpg,001567,photo,1,0.9981403350830078,1,1
C:\Users\Zander Truong\Documents\coding\ekyc-face-pad\data\raw\celeba_spoof\SpoofingData\002879.jpg,002879,photo,1,0.3758999705314636,0,0
C:\Users\Zander Truong\Documents\coding\ekyc-face-pad\data\raw\celeba_spoof\SpoofingData\000300.jpg,000300,bona_fide,0,0.010500038973987103,0,1
C:\Users\Zander Truong\Documents\coding\ekyc-face-pad\data\raw\celeba_spoof\SpoofingData\002255.jpg,002255,photo,1,0.9189596176147461,1,1
C:\Users\Zander Truong\Documents\coding\ekyc-face-pad\data\raw\celeba_spoof\SpoofingData\017421.jpg,017421,photo,1,0.8787164688110352,1,1
C:\Users\Zander Truong\Documents\coding\ekyc-face-pad\data\raw\celeba_spoof\SpoofingData\009369.jpg,009369,bona_fide,0,0.02444535866379738,0,1
C:\Users\Zander Truong\Documents\coding\ekyc-face-pad\data\raw\celeba_spoof\SpoofingData\009617.jpg,009617,photo,1,0.8644161224365234,1,1
C:\Users\Zander Truong\Documents\coding\ekyc-face-pad\data\raw\celeba_spoof\SpoofingData\004865.jpg,004865,photo,1,0.9481849074363708,1,1
C:\Users\Zander Truong\Documents\coding\ekyc-face-pad\data\raw\celeba_spoof\SpoofingData\012739.jpg,012739,photo,1,0.9979444146156311,1,1
C:\Users\Zander Truong\Documents\coding\ekyc-face-pad\data\raw\celeba_spoof\SpoofingData\008352.jpg,008352,photo,1,0.751863956451416,1,1
C:\Users\Zander Truong\Documents\coding\ekyc-face-pad\data\raw\celeba_spoof\SpoofingData\006751.jpg,006751,photo,1,0.9939024448394775,1,1
C:\Users\Zander Truong\Documents\coding\ekyc-face-pad\data\raw\celeba_spoof\SpoofingData\003890.jpg,003890,photo,1,0.782982349395752,1,1
C:\Users\Zander Truong\Documents\coding\ekyc-face-pad\data\raw\celeba_spoof\SpoofingData\011001.jpg,011001,photo,1,0.9911996722221375,1,1
C:\Users\Zander Truong\Documents\coding\ekyc-face-pad\data\raw\celeba_spoof\SpoofingData\005248.jpg,005248,photo,1,0.5229079723358154,1,1
C:\Users\Zander Truong\Documents\coding\ekyc-face-pad\data\raw\celeba_spoof\SpoofingData\003659.jpg,003659,photo,1,0.8444811701774597,1,1
C:\Users\Zander Truong\Documents\coding\ekyc-face-pad\data\raw\celeba_spoof\SpoofingData\002184.jpg,002184,photo,1,0.9425868391990662,1,1
C:\Users\Zander Truong\Documents\coding\ekyc-face-pad\data\raw\celeba_spoof\SpoofingData\003438.jpg,003438,photo,1,0.948140025138855,1,1
C:\Users\Zander Truong\Documents\coding\ekyc-face-pad\data\raw\celeba_spoof\SpoofingData\006691.jpg,006691,bona_fide,0,0.9575901031494141,1,0
C:\Users\Zander Truong\Documents\coding\ekyc-face-pad\data\raw\celeba_spoof\SpoofingData\010719.jpg,010719,bona_fide,0,0.05337424576282501,0,1
C:\Users\Zander Truong\Documents\coding\ekyc-face-pad\data\raw\celeba_spoof\SpoofingData\010043.jpg,010043,photo,1,0.9795173406600952,1,1
C:\Users\Zander Truong\Documents\coding\ekyc-face-pad\data\raw\celeba_spoof\SpoofingData\008520.jpg,008520,photo,1,0.975496768951416,1,1
C:\Users\Zander Truong\Documents\coding\ekyc-face-pad\data\raw\celeba_spoof\SpoofingData\011722.jpg,011722,photo,1,0.9862229228019714,1,1
C:\Users\Zander Truong\Documents\coding\ekyc-face-pad\data\raw\celeba_spoof\SpoofingData\009239.jpg,009239,photo,1,0.6508145332336426,1,1
C:\Users\Zander Truong\Documents\coding\ekyc-face-pad\data\raw\celeba_spoof\SpoofingData\002157.jpg,002157,bona_fide,0,0.014484508894383907,0,1
C:\Users\Zander Truong\Documents\coding\ekyc-face-pad\data\raw\celeba_spoof\SpoofingData\007754.jpg,007754,photo,1,0.995559573173523,1,1
C:\Users\Zander Truong\Documents\coding\ekyc-face-pad\data\raw\celeba_spoof\SpoofingData\015939.jpg,015939,photo,1,0.49151545763015747,0,0
C:\Users\Zander Truong\Documents\coding\ekyc-face-pad\data\raw\celeba_spoof\SpoofingData\009679.jpg,009679,bona_fide,0,0.275045782327652,0,1
C:\Users\Zander Truong\Documents\coding\ekyc-face-pad\data\raw\celeba_spoof\SpoofingData\011714.jpg,011714,photo,1,0.9945992231369019,1,1
C:\Users\Zander Truong\Documents\coding\ekyc-face-pad\data\raw\celeba_spoof\SpoofingData\002448.jpg,002448,bona_fide,0,0.30677568912506104,0,1
C:\Users\Zander Truong\Documents\coding\ekyc-face-pad\data\raw\celeba_spoof\SpoofingData\016179.jpg,016179,photo,1,0.8913396000862122,1,1
C:\Users\Zander Truong\Documents\coding\ekyc-face-pad\data\raw\celeba_spoof\SpoofingData\008283.jpg,008283,photo,1,0.9795127511024475,1,1
C:\Users\Zander Truong\Documents\coding\ekyc-face-pad\data\raw\celeba_spoof\SpoofingData\003931.jpg,003931,photo,1,0.9710112810134888,1,1
C:\Users\Zander Truong\Documents\coding\ekyc-face-pad\data\raw\celeba_spoof\SpoofingData\001118.jpg,001118,photo,1,0.9966629147529602,1,1
C:\Users\Zander Truong\Documents\coding\ekyc-face-pad\data\raw\celeba_spoof\SpoofingData\004348.jpg,004348,photo,1,0.9374750256538391,1,1
C:\Users\Zander Truong\Documents\coding\ekyc-face-pad\data\raw\celeba_spoof\SpoofingData\017240.jpg,017240,photo,1,0.9164621233940125,1,1
C:\Users\Zander Truong\Documents\coding\ekyc-face-pad\data\raw\celeba_spoof\SpoofingData\009195.jpg,009195,photo,1,0.9905396699905396,1,1
C:\Users\Zander Truong\Documents\coding\ekyc-face-pad\data\raw\celeba_spoof\SpoofingData\015758.jpg,015758,bona_fide,0,0.1810835301876068,0,1
C:\Users\Zander Truong\Documents\coding\ekyc-face-pad\data\raw\celeba_spoof\SpoofingData\006616.jpg,006616,photo,1,0.970570981502533,1,1
C:\Users\Zander Truong\Documents\coding\ekyc-face-pad\data\raw\celeba_spoof\SpoofingData\017250.jpg,017250,photo,1,0.7900060415267944,1,1
C:\Users\Zander Truong\Documents\coding\ekyc-face-pad\data\raw\celeba_spoof\SpoofingData\003596.jpg,003596,photo,1,0.8488622903823853,1,1
C:\Users\Zander Truong\Documents\coding\ekyc-face-pad\data\raw\celeba_spoof\SpoofingData\000968.jpg,000968,photo,1,0.46967390179634094,0,0
C:\Users\Zander Truong\Documents\coding\ekyc-face-pad\data\raw\celeba_spoof\SpoofingData\016257.jpg,016257,photo,1,0.8820106983184814,1,1
C:\Users\Zander Truong\Documents\coding\ekyc-face-pad\data\raw\celeba_spoof\SpoofingData\000339.jpg,000339,photo,1,0.846115231513977,1,1
C:\Users\Zander Truong\Documents\coding\ekyc-face-pad\data\raw\celeba_spoof\SpoofingData\017118.jpg,017118,bona_fide,0,0.0012943630572408438,0,1
C:\Users\Zander Truong\Documents\coding\ekyc-face-pad\data\raw\celeba_spoof\SpoofingData\001096.jpg,001096,bona_fide,0,0.023396650329232216,0,1
C:\Users\Zander Truong\Documents\coding\ekyc-face-pad\data\raw\celeba_spoof\SpoofingData\014214.jpg,014214,bona_fide,0,0.9271447062492371,1,0
C:\Users\Zander Truong\Documents\coding\ekyc-face-pad\data\raw\celeba_spoof\SpoofingData\013216.jpg,013216,photo,1,0.9263942241668701,1,1
C:\Users\Zander Truong\Documents\coding\ekyc-face-pad\data\raw\celeba_spoof\SpoofingData\007878.jpg,007878,bona_fide,0,0.21910525858402252,0,1
C:\Users\Zander Truong\Documents\coding\ekyc-face-pad\data\raw\celeba_spoof\SpoofingData\006506.jpg,006506,photo,1,0.9883358478546143,1,1
C:\Users\Zander Truong\Documents\coding\ekyc-face-pad\data\raw\celeba_spoof\SpoofingData\008915.jpg,008915,bona_fide,0,0.16859956085681915,0,1
C:\Users\Zander Truong\Documents\coding\ekyc-face-pad\data\raw\celeba_spoof\SpoofingData\002351.jpg,002351,photo,1,0.79001384973526,1,1
C:\Users\Zander Truong\Documents\coding\ekyc-face-pad\data\raw\celeba_spoof\SpoofingData\011805.jpg,011805,photo,1,0.9862275719642639,1,1
C:\Users\Zander Truong\Documents\coding\ekyc-face-pad\data\raw\celeba_spoof\SpoofingData\002139.jpg,002139,bona_fide,0,0.0058553265407681465,0,1
C:\Users\Zander Truong\Documents\coding\ekyc-face-pad\data\raw\celeba_spoof\SpoofingData\007255.jpg,007255,photo,1,0.7540816068649292,1,1
C:\Users\Zander Truong\Documents\coding\ekyc-face-pad\data\raw\celeba_spoof\SpoofingData\001468.jpg,001468,photo,1,0.40404143929481506,0,0
C:\Users\Zander Truong\Documents\coding\ekyc-face-pad\data\raw\celeba_spoof\SpoofingData\000371.jpg,000371,photo,1,0.9749903082847595,1,1
C:\Users\Zander Truong\Documents\coding\ekyc-face-pad\data\raw\celeba_spoof\SpoofingData\008670.jpg,008670,photo,1,0.5885301232337952,1,1
C:\Users\Zander Truong\Documents\coding\ekyc-face-pad\data\raw\celeba_spoof\SpoofingData\007041.jpg,007041,photo,1,0.9796778559684753,1,1
C:\Users\Zander Truong\Documents\coding\ekyc-face-pad\data\raw\celeba_spoof\SpoofingData\003383.jpg,003383,photo,1,0.976432204246521,1,1
C:\Users\Zander Truong\Documents\coding\ekyc-face-pad\data\raw\celeba_spoof\SpoofingData\012110.jpg,012110,photo,1,0.9611525535583496,1,1
C:\Users\Zander Truong\Documents\coding\ekyc-face-pad\data\raw\celeba_spoof\SpoofingData\007316.jpg,007316,bona_fide,0,0.06877931952476501,0,1
C:\Users\Zander Truong\Documents\coding\ekyc-face-pad\data\raw\celeba_spoof\SpoofingData\015257.jpg,015257,photo,1,0.9863567352294922,1,1
C:\Users\Zander Truong\Documents\coding\ekyc-face-pad\data\raw\celeba_spoof\SpoofingData\004668.jpg,004668,photo,1,0.9637772440910339,1,1
C:\Users\Zander Truong\Documents\coding\ekyc-face-pad\data\raw\celeba_spoof\SpoofingData\012754.jpg,012754,bona_fide,0,0.39040157198905945,0,1
C:\Users\Zander Truong\Documents\coding\ekyc-face-pad\data\raw\celeba_spoof\SpoofingData\013703.jpg,013703,bona_fide,0,0.1499943733215332,0,1
C:\Users\Zander Truong\Documents\coding\ekyc-face-pad\data\raw\celeba_spoof\SpoofingData\010980.jpg,010980,bona_fide,0,0.11005324870347977,0,1
C:\Users\Zander Truong\Documents\coding\ekyc-face-pad\data\raw\celeba_spoof\SpoofingData\009324.jpg,009324,bona_fide,0,0.014107862487435341,0,1
C:\Users\Zander Truong\Documents\coding\ekyc-face-pad\data\raw\celeba_spoof\SpoofingData\013014.jpg,013014,bona_fide,0,0.38510915637016296,0,1
C:\Users\Zander Truong\Documents\coding\ekyc-face-pad\data\raw\celeba_spoof\SpoofingData\015706.jpg,015706,photo,1,0.9276096820831299,1,1
C:\Users\Zander Truong\Documents\coding\ekyc-face-pad\data\raw\celeba_spoof\SpoofingData\009674.jpg,009674,photo,1,0.9988816380500793,1,1
C:\Users\Zander Truong\Documents\coding\ekyc-face-pad\data\raw\celeba_spoof\SpoofingData\016453.jpg,016453,photo,1,0.99399733543396,1,1
C:\Users\Zander Truong\Documents\coding\ekyc-face-pad\data\raw\celeba_spoof\SpoofingData\002732.jpg,002732,photo,1,0.9829220771789551,1,1
C:\Users\Zander Truong\Documents\coding\ekyc-face-pad\data\raw\celeba_spoof\SpoofingData\013225.jpg,013225,photo,1,0.8780571818351746,1,1
C:\Users\Zander Truong\Documents\coding\ekyc-face-pad\data\raw\celeba_spoof\SpoofingData\012953.jpg,012953,photo,1,0.9612826704978943,1,1
C:\Users\Zander Truong\Documents\coding\ekyc-face-pad\data\raw\celeba_spoof\SpoofingData\005238.jpg,005238,bona_fide,0,0.2456318885087967,0,1
C:\Users\Zander Truong\Documents\coding\ekyc-face-pad\data\raw\celeba_spoof\SpoofingData\004715.jpg,004715,photo,1,0.9220381379127502,1,1
C:\Users\Zander Truong\Documents\coding\ekyc-face-pad\data\raw\celeba_spoof\SpoofingData\017175.jpg,017175,photo,1,0.9760903120040894,1,1
C:\Users\Zander Truong\Documents\coding\ekyc-face-pad\data\raw\celeba_spoof\SpoofingData\003498.jpg,003498,photo,1,0.9427095651626587,1,1
C:\Users\Zander Truong\Documents\coding\ekyc-face-pad\data\raw\celeba_spoof\SpoofingData\001608.jpg,001608,photo,1,0.381439208984375,0,0
C:\Users\Zander Truong\Documents\coding\ekyc-face-pad\data\raw\celeba_spoof\SpoofingData\007444.jpg,007444,photo,1,0.8214741349220276,1,1
C:\Users\Zander Truong\Documents\coding\ekyc-face-pad\data\raw\celeba_spoof\SpoofingData\017192.jpg,017192,photo,1,0.9950011372566223,1,1
C:\Users\Zander Truong\Documents\coding\ekyc-face-pad\data\raw\celeba_spoof\SpoofingData\009377.jpg,009377,photo,1,0.9584512710571289,1,1
C:\Users\Zander Truong\Documents\coding\ekyc-face-pad\data\raw\celeba_spoof\SpoofingData\001969.jpg,001969,photo,1,0.9875406622886658,1,1
C:\Users\Zander Truong\Documents\coding\ekyc-face-pad\data\raw\celeba_spoof\SpoofingData\001270.jpg,001270,photo,1,0.5302626490592957,1,1
C:\Users\Zander Truong\Documents\coding\ekyc-face-pad\data\raw\celeba_spoof\SpoofingData\005687.jpg,005687,photo,1,0.9717464447021484,1,1
C:\Users\Zander Truong\Documents\coding\ekyc-face-pad\data\raw\celeba_spoof\SpoofingData\004821.jpg,004821,bona_fide,0,0.3510938584804535,0,1
C:\Users\Zander Truong\Documents\coding\ekyc-face-pad\data\raw\celeba_spoof\SpoofingData\011619.jpg,011619,bona_fide,0,0.5794662237167358,1,0
C:\Users\Zander Truong\Documents\coding\ekyc-face-pad\data\raw\celeba_spoof\SpoofingData\009702.jpg,009702,photo,1,0.40432387590408325,0,0
C:\Users\Zander Truong\Documents\coding\ekyc-face-pad\data\raw\celeba_spoof\SpoofingData\006720.jpg,006720,bona_fide,0,0.008456870913505554,0,1
C:\Users\Zander Truong\Documents\coding\ekyc-face-pad\data\raw\celeba_spoof\SpoofingData\015297.jpg,015297,bona_fide,0,0.018948566168546677,0,1
C:\Users\Zander Truong\Documents\coding\ekyc-face-pad\data\raw\celeba_spoof\SpoofingData\012979.jpg,012979,photo,1,0.8200644254684448,1,1
C:\Users\Zander Truong\Documents\coding\ekyc-face-pad\data\raw\celeba_spoof\SpoofingData\002446.jpg,002446,photo,1,0.10824733227491379,0,0
C:\Users\Zander Truong\Documents\coding\ekyc-face-pad\data\raw\celeba_spoof\SpoofingData\008246.jpg,008246,bona_fide,0,0.0009690462611615658,0,1
C:\Users\Zander Truong\Documents\coding\ekyc-face-pad\data\raw\celeba_spoof\SpoofingData\001948.jpg,001948,photo,1,0.9702817797660828,1,1
C:\Users\Zander Truong\Documents\coding\ekyc-face-pad\data\raw\celeba_spoof\SpoofingData\002558.jpg,002558,bona_fide,0,0.3289179503917694,0,1
C:\Users\Zander Truong\Documents\coding\ekyc-face-pad\data\raw\celeba_spoof\SpoofingData\009503.jpg,009503,photo,1,0.8851748108863831,1,1
C:\Users\Zander Truong\Documents\coding\ekyc-face-pad\data\raw\celeba_spoof\SpoofingData\004005.jpg,004005,bona_fide,0,0.0030158597510308027,0,1
C:\Users\Zander Truong\Documents\coding\ekyc-face-pad\data\raw\celeba_spoof\SpoofingData\017288.jpg,017288,photo,1,0.8761853575706482,1,1
C:\Users\Zander Truong\Documents\coding\ekyc-face-pad\data\raw\celeba_spoof\SpoofingData\014531.jpg,014531,bona_fide,0,0.715936005115509,1,0
C:\Users\Zander Truong\Documents\coding\ekyc-face-pad\data\raw\celeba_spoof\SpoofingData\002976.jpg,002976,photo,1,0.7601543664932251,1,1
C:\Users\Zander Truong\Documents\coding\ekyc-face-pad\data\raw\celeba_spoof\SpoofingData\012340.jpg,012340,photo,1,0.866718590259552,1,1
C:\Users\Zander Truong\Documents\coding\ekyc-face-pad\data\raw\celeba_spoof\SpoofingData\017143.jpg,017143,bona_fide,0,0.03632571920752525,0,1
C:\Users\Zander Truong\Documents\coding\ekyc-face-pad\data\raw\celeba_spoof\SpoofingData\014770.jpg,014770,photo,1,0.9119575619697571,1,1
C:\Users\Zander Truong\Documents\coding\ekyc-face-pad\data\raw\celeba_spoof\SpoofingData\017039.jpg,017039,bona_fide,0,0.31728029251098633,0,1
C:\Users\Zander Truong\Documents\coding\ekyc-face-pad\data\raw\celeba_spoof\SpoofingData\014082.jpg,014082,bona_fide,0,0.07541609555482864,0,1
C:\Users\Zander Truong\Documents\coding\ekyc-face-pad\data\raw\celeba_spoof\SpoofingData\011682.jpg,011682,photo,1,0.998404324054718,1,1
C:\Users\Zander Truong\Documents\coding\ekyc-face-pad\data\raw\celeba_spoof\SpoofingData\008443.jpg,008443,bona_fide,0,0.2640717327594757,0,1
C:\Users\Zander Truong\Documents\coding\ekyc-face-pad\data\raw\celeba_spoof\SpoofingData\012876.jpg,012876,bona_fide,0,0.7234748005867004,1,0
C:\Users\Zander Truong\Documents\coding\ekyc-face-pad\data\raw\celeba_spoof\SpoofingData\014000.jpg,014000,photo,1,0.9367343783378601,1,1
C:\Users\Zander Truong\Documents\coding\ekyc-face-pad\data\raw\celeba_spoof\SpoofingData\008391.jpg,008391,photo,1,0.9572831392288208,1,1
C:\Users\Zander Truong\Documents\coding\ekyc-face-pad\data\raw\celeba_spoof\SpoofingData\016428.jpg,016428,photo,1,0.8514408469200134,1,1
C:\Users\Zander Truong\Documents\coding\ekyc-face-pad\data\raw\celeba_spoof\SpoofingData\015537.jpg,015537,photo,1,0.9088443517684937,1,1
C:\Users\Zander Truong\Documents\coding\ekyc-face-pad\data\raw\celeba_spoof\SpoofingData\004137.jpg,004137,photo,1,0.7936536073684692,1,1
C:\Users\Zander Truong\Documents\coding\ekyc-face-pad\data\raw\celeba_spoof\SpoofingData\000729.jpg,000729,photo,1,0.9448015093803406,1,1
C:\Users\Zander Truong\Documents\coding\ekyc-face-pad\data\raw\celeba_spoof\SpoofingData\013077.jpg,013077,photo,1,0.9797515273094177,1,1
C:\Users\Zander Truong\Documents\coding\ekyc-face-pad\data\raw\celeba_spoof\SpoofingData\013092.jpg,013092,photo,1,0.9545552730560303,1,1
C:\Users\Zander Truong\Documents\coding\ekyc-face-pad\data\raw\celeba_spoof\SpoofingData\001775.jpg,001775,photo,1,0.8115559816360474,1,1
C:\Users\Zander Truong\Documents\coding\ekyc-face-pad\data\raw\celeba_spoof\SpoofingData\006295.jpg,006295,photo,1,0.9941437840461731,1,1
C:\Users\Zander Truong\Documents\coding\ekyc-face-pad\data\raw\celeba_spoof\SpoofingData\009479.jpg,009479,photo,1,0.9454474449157715,1,1
C:\Users\Zander Truong\Documents\coding\ekyc-face-pad\data\raw\celeba_spoof\SpoofingData\012735.jpg,012735,photo,1,0.9667960405349731,1,1
C:\Users\Zander Truong\Documents\coding\ekyc-face-pad\data\raw\celeba_spoof\SpoofingData\006067.jpg,006067,photo,1,0.9515200257301331,1,1
C:\Users\Zander Truong\Documents\coding\ekyc-face-pad\data\raw\celeba_spoof\SpoofingData\011412.jpg,011412,bona_fide,0,0.11453042924404144,0,1
C:\Users\Zander Truong\Documents\coding\ekyc-face-pad\data\raw\celeba_spoof\SpoofingData\016152.jpg,016152,photo,1,0.8741374015808105,1,1
C:\Users\Zander Truong\Documents\coding\ekyc-face-pad\data\raw\celeba_spoof\SpoofingData\000511.jpg,000511,bona_fide,0,0.05212324485182762,0,1
C:\Users\Zander Truong\Documents\coding\ekyc-face-pad\data\raw\celeba_spoof\SpoofingData\001592.jpg,001592,photo,1,0.9344440698623657,1,1
C:\Users\Zander Truong\Documents\coding\ekyc-face-pad\data\raw\celeba_spoof\SpoofingData\011230.jpg,011230,bona_fide,0,0.021291157230734825,0,1
C:\Users\Zander Truong\Documents\coding\ekyc-face-pad\data\raw\celeba_spoof\SpoofingData\008907.jpg,008907,bona_fide,0,0.07461143285036087,0,1
C:\Users\Zander Truong\Documents\coding\ekyc-face-pad\data\raw\celeba_spoof\SpoofingData\003491.jpg,003491,photo,1,0.8789933323860168,1,1
C:\Users\Zander Truong\Documents\coding\ekyc-face-pad\data\raw\celeba_spoof\SpoofingData\007877.jpg,007877,photo,1,0.9913263916969299,1,1
C:\Users\Zander Truong\Documents\coding\ekyc-face-pad\data\raw\celeba_spoof\SpoofingData\006902.jpg,006902,bona_fide,0,0.015891866758465767,0,1
C:\Users\Zander Truong\Documents\coding\ekyc-face-pad\data\raw\celeba_spoof\SpoofingData\016771.jpg,016771,photo,1,0.9934718608856201,1,1
C:\Users\Zander Truong\Documents\coding\ekyc-face-pad\data\raw\celeba_spoof\SpoofingData\014555.jpg,014555,bona_fide,0,0.05637350678443909,0,1
C:\Users\Zander Truong\Documents\coding\ekyc-face-pad\data\raw\celeba_spoof\SpoofingData\003683.jpg,003683,photo,1,0.7770082950592041,1,1
C:\Users\Zander Truong\Documents\coding\ekyc-face-pad\data\raw\celeba_spoof\SpoofingData\013463.jpg,013463,photo,1,0.9974544644355774,1,1
C:\Users\Zander Truong\Documents\coding\ekyc-face-pad\data\raw\celeba_spoof\SpoofingData\002759.jpg,002759,photo,1,0.9797970652580261,1,1
C:\Users\Zander Truong\Documents\coding\ekyc-face-pad\data\raw\celeba_spoof\SpoofingData\004350.jpg,004350,photo,1,0.9912078380584717,1,1
C:\Users\Zander Truong\Documents\coding\ekyc-face-pad\data\raw\celeba_spoof\SpoofingData\002440.jpg,002440,photo,1,0.6221350431442261,1,1
C:\Users\Zander Truong\Documents\coding\ekyc-face-pad\data\raw\celeba_spoof\SpoofingData\012401.jpg,012401,photo,1,0.931103527545929,1,1
C:\Users\Zander Truong\Documents\coding\ekyc-face-pad\data\raw\celeba_spoof\SpoofingData\000449.jpg,000449,photo,1,0.6154060959815979,1,1
C:\Users\Zander Truong\Documents\coding\ekyc-face-pad\data\raw\celeba_spoof\SpoofingData\004796.jpg,004796,photo,1,0.9807140231132507,1,1
C:\Users\Zander Truong\Documents\coding\ekyc-face-pad\data\raw\celeba_spoof\SpoofingData\009938.jpg,009938,bona_fide,0,0.10660005360841751,0,1
C:\Users\Zander Truong\Documents\coding\ekyc-face-pad\data\raw\celeba_spoof\SpoofingData\001850.jpg,001850,bona_fide,0,0.16907832026481628,0,1
C:\Users\Zander Truong\Documents\coding\ekyc-face-pad\data\raw\celeba_spoof\SpoofingData\017859.jpg,017859,photo,1,0.9491997957229614,1,1
C:\Users\Zander Truong\Documents\coding\ekyc-face-pad\data\raw\celeba_spoof\SpoofingData\011864.jpg,011864,photo,1,0.6947720050811768,1,1
C:\Users\Zander Truong\Documents\coding\ekyc-face-pad\data\raw\celeba_spoof\SpoofingData\011432.jpg,011432,photo,1,0.9554363489151001,1,1
C:\Users\Zander Truong\Documents\coding\ekyc-face-pad\data\raw\celeba_spoof\SpoofingData\007854.jpg,007854,bona_fide,0,0.017015909776091576,0,1
C:\Users\Zander Truong\Documents\coding\ekyc-face-pad\data\raw\celeba_spoof\SpoofingData\003539.jpg,003539,photo,1,0.8719112873077393,1,1
C:\Users\Zander Truong\Documents\coding\ekyc-face-pad\data\raw\celeba_spoof\SpoofingData\017631.jpg,017631,photo,1,0.9597843289375305,1,1
C:\Users\Zander Truong\Documents\coding\ekyc-face-pad\data\raw\celeba_spoof\SpoofingData\000828.jpg,000828,photo,1,0.18694192171096802,0,0
C:\Users\Zander Truong\Documents\coding\ekyc-face-pad\data\raw\celeba_spoof\SpoofingData\004755.jpg,004755,photo,1,0.9700196981430054,1,1
C:\Users\Zander Truong\Documents\coding\ekyc-face-pad\data\raw\celeba_spoof\SpoofingData\016314.jpg,016314,photo,1,0.9366998672485352,1,1
C:\Users\Zander Truong\Documents\coding\ekyc-face-pad\data\raw\celeba_spoof\SpoofingData\008376.jpg,008376,bona_fide,0,0.028028711676597595,0,1
C:\Users\Zander Truong\Documents\coding\ekyc-face-pad\data\raw\celeba_spoof\SpoofingData\015446.jpg,015446,photo,1,0.9081032872200012,1,1
C:\Users\Zander Truong\Documents\coding\ekyc-face-pad\data\raw\celeba_spoof\SpoofingData\017445.jpg,017445,photo,1,0.9671595692634583,1,1
C:\Users\Zander Truong\Documents\coding\ekyc-face-pad\data\raw\celeba_spoof\SpoofingData\001247.jpg,001247,photo,1,0.9567422866821289,1,1
C:\Users\Zander Truong\Documents\coding\ekyc-face-pad\data\raw\celeba_spoof\SpoofingData\013299.jpg,013299,bona_fide,0,0.36018526554107666,0,1
C:\Users\Zander Truong\Documents\coding\ekyc-face-pad\data\raw\celeba_spoof\SpoofingData\014618.jpg,014618,bona_fide,0,0.012691863812506199,0,1
C:\Users\Zander Truong\Documents\coding\ekyc-face-pad\data\raw\celeba_spoof\SpoofingData\010173.jpg,010173,photo,1,0.833199679851532,1,1
C:\Users\Zander Truong\Documents\coding\ekyc-face-pad\data\raw\celeba_spoof\SpoofingData\015936.jpg,015936,photo,1,0.9809542894363403,1,1
C:\Users\Zander Truong\Documents\coding\ekyc-face-pad\data\raw\celeba_spoof\SpoofingData\003850.jpg,003850,photo,1,0.3748443126678467,0,0
C:\Users\Zander Truong\Documents\coding\ekyc-face-pad\data\raw\celeba_spoof\SpoofingData\005380.jpg,005380,photo,1,0.9723953604698181,1,1
C:\Users\Zander Truong\Documents\coding\ekyc-face-pad\data\raw\celeba_spoof\SpoofingData\009573.jpg,009573,photo,1,0.9597510695457458,1,1
C:\Users\Zander Truong\Documents\coding\ekyc-face-pad\data\raw\celeba_spoof\SpoofingData\002133.jpg,002133,photo,1,0.9643622040748596,1,1
C:\Users\Zander Truong\Documents\coding\ekyc-face-pad\data\raw\celeba_spoof\SpoofingData\003701.jpg,003701,photo,1,0.6628197431564331,1,1
C:\Users\Zander Truong\Documents\coding\ekyc-face-pad\data\raw\celeba_spoof\SpoofingData\003347.jpg,003347,bona_fide,0,0.004923360887914896,0,1
C:\Users\Zander Truong\Documents\coding\ekyc-face-pad\data\raw\celeba_spoof\SpoofingData\002130.jpg,002130,bona_fide,0,0.6766344308853149,1,0
C:\Users\Zander Truong\Documents\coding\ekyc-face-pad\data\raw\celeba_spoof\SpoofingData\011520.jpg,011520,bona_fide,0,0.017851989716291428,0,1
C:\Users\Zander Truong\Documents\coding\ekyc-face-pad\data\raw\celeba_spoof\SpoofingData\010650.jpg,010650,bona_fide,0,0.06358160078525543,0,1
C:\Users\Zander Truong\Documents\coding\ekyc-face-pad\data\raw\celeba_spoof\SpoofingData\014422.jpg,014422,bona_fide,0,0.1723403036594391,0,1
C:\Users\Zander Truong\Documents\coding\ekyc-face-pad\data\raw\celeba_spoof\SpoofingData\008429.jpg,008429,photo,1,0.8447082042694092,1,1
C:\Users\Zander Truong\Documents\coding\ekyc-face-pad\data\raw\celeba_spoof\SpoofingData\000380.jpg,000380,photo,1,0.3060947060585022,0,0
C:\Users\Zander Truong\Documents\coding\ekyc-face-pad\data\raw\celeba_spoof\SpoofingData\016736.jpg,016736,photo,1,0.9609650373458862,1,1
C:\Users\Zander Truong\Documents\coding\ekyc-face-pad\data\raw\celeba_spoof\SpoofingData\013271.jpg,013271,bona_fide,0,0.17533589899539948,0,1
C:\Users\Zander Truong\Documents\coding\ekyc-face-pad\data\raw\celeba_spoof\SpoofingData\011833.jpg,011833,photo,1,0.7463846206665039,1,1
C:\Users\Zander Truong\Documents\coding\ekyc-face-pad\data\raw\celeba_spoof\SpoofingData\008038.jpg,008038,photo,1,0.9746536612510681,1,1
C:\Users\Zander Truong\Documents\coding\ekyc-face-pad\data\raw\celeba_spoof\SpoofingData\003627.jpg,003627,bona_fide,0,0.04558588191866875,0,1
C:\Users\Zander Truong\Documents\coding\ekyc-face-pad\data\raw\celeba_spoof\SpoofingData\013212.jpg,013212,bona_fide,0,0.02761467732489109,0,1
C:\Users\Zander Truong\Documents\coding\ekyc-face-pad\data\raw\celeba_spoof\SpoofingData\002204.jpg,002204,photo,1,0.9902487397193909,1,1
C:\Users\Zander Truong\Documents\coding\ekyc-face-pad\data\raw\celeba_spoof\SpoofingData\010463.jpg,010463,bona_fide,0,0.11555328220129013,0,1
C:\Users\Zander Truong\Documents\coding\ekyc-face-pad\data\raw\celeba_spoof\SpoofingData\000749.jpg,000749,photo,1,0.8876920342445374,1,1
C:\Users\Zander Truong\Documents\coding\ekyc-face-pad\data\raw\celeba_spoof\SpoofingData\009171.jpg,009171,photo,1,0.9072696566581726,1,1
C:\Users\Zander Truong\Documents\coding\ekyc-face-pad\data\raw\celeba_spoof\SpoofingData\003050.jpg,003050,photo,1,0.9586726427078247,1,1
C:\Users\Zander Truong\Documents\coding\ekyc-face-pad\data\raw\celeba_spoof\SpoofingData\003149.jpg,003149,photo,1,0.8906958103179932,1,1
C:\Users\Zander Truong\Documents\coding\ekyc-face-pad\data\raw\celeba_spoof\SpoofingData\007064.jpg,007064,photo,1,0.9105218648910522,1,1
C:\Users\Zander Truong\Documents\coding\ekyc-face-pad\data\raw\celeba_spoof\SpoofingData\005457.jpg,005457,photo,1,0.9796565771102905,1,1
C:\Users\Zander Truong\Documents\coding\ekyc-face-pad\data\raw\celeba_spoof\SpoofingData\017883.jpg,017883,bona_fide,0,0.1103828027844429,0,1
C:\Users\Zander Truong\Documents\coding\ekyc-face-pad\data\raw\celeba_spoof\SpoofingData\017914.jpg,017914,photo,1,0.09738368541002274,0,0
C:\Users\Zander Truong\Documents\coding\ekyc-face-pad\data\raw\celeba_spoof\SpoofingData\012762.jpg,012762,bona_fide,0,0.05470049008727074,0,1
C:\Users\Zander Truong\Documents\coding\ekyc-face-pad\data\raw\celeba_spoof\SpoofingData\015407.jpg,015407,bona_fide,0,0.010376712307333946,0,1
C:\Users\Zander Truong\Documents\coding\ekyc-face-pad\data\raw\celeba_spoof\SpoofingData\010362.jpg,010362,photo,1,0.9696334004402161,1,1
C:\Users\Zander Truong\Documents\coding\ekyc-face-pad\data\raw\celeba_spoof\SpoofingData\000451.jpg,000451,photo,1,0.7073197364807129,1,1
C:\Users\Zander Truong\Documents\coding\ekyc-face-pad\data\raw\celeba_spoof\SpoofingData\016214.jpg,016214,photo,1,0.994192898273468,1,1
C:\Users\Zander Truong\Documents\coding\ekyc-face-pad\data\raw\celeba_spoof\SpoofingData\014458.jpg,014458,bona_fide,0,0.022307703271508217,0,1
C:\Users\Zander Truong\Documents\coding\ekyc-face-pad\data\raw\celeba_spoof\SpoofingData\007761.jpg,007761,photo,1,0.3175943195819855,0,0
C:\Users\Zander Truong\Documents\coding\ekyc-face-pad\data\raw\celeba_spoof\SpoofingData\003358.jpg,003358,photo,1,0.9878107905387878,1,1
C:\Users\Zander Truong\Documents\coding\ekyc-face-pad\data\raw\celeba_spoof\SpoofingData\015029.jpg,015029,bona_fide,0,0.14533735811710358,0,1
C:\Users\Zander Truong\Documents\coding\ekyc-face-pad\data\raw\celeba_spoof\SpoofingData\011585.jpg,011585,photo,1,0.9453516602516174,1,1
C:\Users\Zander Truong\Documents\coding\ekyc-face-pad\data\raw\celeba_spoof\SpoofingData\014941.jpg,014941,bona_fide,0,0.03338507562875748,0,1
C:\Users\Zander Truong\Documents\coding\ekyc-face-pad\data\raw\celeba_spoof\SpoofingData\001545.jpg,001545,bona_fide,0,0.23009799420833588,0,1
C:\Users\Zander Truong\Documents\coding\ekyc-face-pad\data\raw\celeba_spoof\SpoofingData\007595.jpg,007595,bona_fide,0,0.032664768397808075,0,1
C:\Users\Zander Truong\Documents\coding\ekyc-face-pad\data\raw\celeba_spoof\SpoofingData\012068.jpg,012068,photo,1,0.9756643772125244,1,1
C:\Users\Zander Truong\Documents\coding\ekyc-face-pad\data\raw\celeba_spoof\SpoofingData\014185.jpg,014185,bona_fide,0,0.009930387139320374,0,1
C:\Users\Zander Truong\Documents\coding\ekyc-face-pad\data\raw\celeba_spoof\SpoofingData\000354.jpg,000354,photo,1,0.5789996385574341,1,1
C:\Users\Zander Truong\Documents\coding\ekyc-face-pad\data\raw\celeba_spoof\SpoofingData\016628.jpg,016628,bona_fide,0,0.5441977977752686,1,0
C:\Users\Zander Truong\Documents\coding\ekyc-face-pad\data\raw\celeba_spoof\SpoofingData\016210.jpg,016210,bona_fide,0,0.20942500233650208,0,1
C:\Users\Zander Truong\Documents\coding\ekyc-face-pad\data\raw\celeba_spoof\SpoofingData\004249.jpg,004249,bona_fide,0,0.007736680097877979,0,1
C:\Users\Zander Truong\Documents\coding\ekyc-face-pad\data\raw\celeba_spoof\SpoofingData\009924.jpg,009924,photo,1,0.9933258295059204,1,1
C:\Users\Zander Truong\Documents\coding\ekyc-face-pad\data\raw\celeba_spoof\SpoofingData\012932.jpg,012932,bona_fide,0,0.006072227843105793,0,1
C:\Users\Zander Truong\Documents\coding\ekyc-face-pad\data\raw\celeba_spoof\SpoofingData\002653.jpg,002653,photo,1,0.36290478706359863,0,0
C:\Users\Zander Truong\Documents\coding\ekyc-face-pad\data\raw\celeba_spoof\SpoofingData\010842.jpg,010842,photo,1,0.9038344621658325,1,1
C:\Users\Zander Truong\Documents\coding\ekyc-face-pad\data\raw\celeba_spoof\SpoofingData\004503.jpg,004503,photo,1,0.9744760990142822,1,1
C:\Users\Zander Truong\Documents\coding\ekyc-face-pad\data\raw\celeba_spoof\SpoofingData\010444.jpg,010444,photo,1,0.7546449899673462,1,1
C:\Users\Zander Truong\Documents\coding\ekyc-face-pad\data\raw\celeba_spoof\SpoofingData\005335.jpg,005335,photo,1,0.29463979601860046,0,0
C:\Users\Zander Truong\Documents\coding\ekyc-face-pad\data\raw\celeba_spoof\SpoofingData\013187.jpg,013187,photo,1,0.8673714995384216,1,1
C:\Users\Zander Truong\Documents\coding\ekyc-face-pad\data\raw\celeba_spoof\SpoofingData\004153.jpg,004153,photo,1,0.9971030354499817,1,1
C:\Users\Zander Truong\Documents\coding\ekyc-face-pad\data\raw\celeba_spoof\SpoofingData\009690.jpg,009690,bona_fide,0,0.12277393788099289,0,1
C:\Users\Zander Truong\Documents\coding\ekyc-face-pad\data\raw\celeba_spoof\SpoofingData\012858.jpg,012858,photo,1,0.9533761739730835,1,1
C:\Users\Zander Truong\Documents\coding\ekyc-face-pad\data\raw\celeba_spoof\SpoofingData\002984.jpg,002984,photo,1,0.5936703085899353,1,1
C:\Users\Zander Truong\Documents\coding\ekyc-face-pad\data\raw\celeba_spoof\SpoofingData\013408.jpg,013408,bona_fide,0,0.11026524007320404,0,1
C:\Users\Zander Truong\Documents\coding\ekyc-face-pad\data\raw\celeba_spoof\SpoofingData\012789.jpg,012789,photo,1,0.9430727958679199,1,1
C:\Users\Zander Truong\Documents\coding\ekyc-face-pad\data\raw\celeba_spoof\SpoofingData\016512.jpg,016512,photo,1,0.9863198399543762,1,1
C:\Users\Zander Truong\Documents\coding\ekyc-face-pad\data\raw\celeba_spoof\SpoofingData\007280.jpg,007280,photo,1,0.9572224020957947,1,1
C:\Users\Zander Truong\Documents\coding\ekyc-face-pad\data\raw\celeba_spoof\SpoofingData\004603.jpg,004603,bona_fide,0,0.316119909286499,0,1
C:\Users\Zander Truong\Documents\coding\ekyc-face-pad\data\raw\celeba_spoof\SpoofingData\012383.jpg,012383,photo,1,0.9876275062561035,1,1
C:\Users\Zander Truong\Documents\coding\ekyc-face-pad\data\raw\celeba_spoof\SpoofingData\001556.jpg,001556,bona_fide,0,0.5823937654495239,1,0
C:\Users\Zander Truong\Documents\coding\ekyc-face-pad\data\raw\celeba_spoof\SpoofingData\003690.jpg,003690,photo,1,0.47259753942489624,0,0
C:\Users\Zander Truong\Documents\coding\ekyc-face-pad\data\raw\celeba_spoof\SpoofingData\009082.jpg,009082,bona_fide,0,0.45142585039138794,0,1
C:\Users\Zander Truong\Documents\coding\ekyc-face-pad\data\raw\celeba_spoof\SpoofingData\010570.jpg,010570,photo,1,0.9533593654632568,1,1
C:\Users\Zander Truong\Documents\coding\ekyc-face-pad\data\raw\celeba_spoof\SpoofingData\011806.jpg,011806,bona_fide,0,0.02943308837711811,0,1
C:\Users\Zander Truong\Documents\coding\ekyc-face-pad\data\raw\celeba_spoof\SpoofingData\006386.jpg,006386,photo,1,0.9728575348854065,1,1
C:\Users\Zander Truong\Documents\coding\ekyc-face-pad\data\raw\celeba_spoof\SpoofingData\014904.jpg,014904,bona_fide,0,0.35723742842674255,0,1
C:\Users\Zander Truong\Documents\coding\ekyc-face-pad\data\raw\celeba_spoof\SpoofingData\011147.jpg,011147,photo,1,0.9361153244972229,1,1
C:\Users\Zander Truong\Documents\coding\ekyc-face-pad\data\raw\celeba_spoof\SpoofingData\003622.jpg,003622,bona_fide,0,0.3716084063053131,0,1
C:\Users\Zander Truong\Documents\coding\ekyc-face-pad\data\raw\celeba_spoof\SpoofingData\000158.jpg,000158,photo,1,0.9954186677932739,1,1
C:\Users\Zander Truong\Documents\coding\ekyc-face-pad\data\raw\celeba_spoof\SpoofingData\017300.jpg,017300,photo,1,0.9678367376327515,1,1
C:\Users\Zander Truong\Documents\coding\ekyc-face-pad\data\raw\celeba_spoof\SpoofingData\008016.jpg,008016,photo,1,0.9341551661491394,1,1
C:\Users\Zander Truong\Documents\coding\ekyc-face-pad\data\raw\celeba_spoof\SpoofingData\010854.jpg,010854,photo,1,0.9797260165214539,1,1
C:\Users\Zander Truong\Documents\coding\ekyc-face-pad\data\raw\celeba_spoof\SpoofingData\001921.jpg,001921,bona_fide,0,0.004628883209079504,0,1
C:\Users\Zander Truong\Documents\coding\ekyc-face-pad\data\raw\celeba_spoof\SpoofingData\007032.jpg,007032,bona_fide,0,0.8714455366134644,1,0
C:\Users\Zander Truong\Documents\coding\ekyc-face-pad\data\raw\celeba_spoof\SpoofingData\000715.jpg,000715,photo,1,0.9802753329277039,1,1
C:\Users\Zander Truong\Documents\coding\ekyc-face-pad\data\raw\celeba_spoof\SpoofingData\012968.jpg,012968,photo,1,0.9957833290100098,1,1
C:\Users\Zander Truong\Documents\coding\ekyc-face-pad\data\raw\celeba_spoof\SpoofingData\017497.jpg,017497,bona_fide,0,0.865010142326355,1,0
C:\Users\Zander Truong\Documents\coding\ekyc-face-pad\data\raw\celeba_spoof\SpoofingData\015433.jpg,015433,bona_fide,0,0.041613053530454636,0,1
C:\Users\Zander Truong\Documents\coding\ekyc-face-pad\data\raw\celeba_spoof\SpoofingData\005506.jpg,005506,bona_fide,0,0.12780417501926422,0,1
C:\Users\Zander Truong\Documents\coding\ekyc-face-pad\data\raw\celeba_spoof\SpoofingData\012615.jpg,012615,photo,1,0.9797887206077576,1,1
C:\Users\Zander Truong\Documents\coding\ekyc-face-pad\data\raw\celeba_spoof\SpoofingData\009288.jpg,009288,bona_fide,0,0.23766390979290009,0,1
C:\Users\Zander Truong\Documents\coding\ekyc-face-pad\data\raw\celeba_spoof\SpoofingData\017626.jpg,017626,photo,1,0.7017760276794434,1,1
C:\Users\Zander Truong\Documents\coding\ekyc-face-pad\data\raw\celeba_spoof\SpoofingData\000546.jpg,000546,photo,1,0.15205828845500946,0,0
C:\Users\Zander Truong\Documents\coding\ekyc-face-pad\data\raw\celeba_spoof\SpoofingData\015167.jpg,015167,photo,1,0.986301064491272,1,1
C:\Users\Zander Truong\Documents\coding\ekyc-face-pad\data\raw\celeba_spoof\SpoofingData\016616.jpg,016616,photo,1,0.6111917495727539,1,1
C:\Users\Zander Truong\Documents\coding\ekyc-face-pad\data\raw\celeba_spoof\SpoofingData\009072.jpg,009072,photo,1,0.999358594417572,1,1
C:\Users\Zander Truong\Documents\coding\ekyc-face-pad\data\raw\celeba_spoof\SpoofingData\012555.jpg,012555,photo,1,0.9430409073829651,1,1
C:\Users\Zander Truong\Documents\coding\ekyc-face-pad\data\raw\celeba_spoof\SpoofingData\011934.jpg,011934,photo,1,0.9607066512107849,1,1
C:\Users\Zander Truong\Documents\coding\ekyc-face-pad\data\raw\celeba_spoof\SpoofingData\006283.jpg,006283,photo,1,0.47670838236808777,0,0
C:\Users\Zander Truong\Documents\coding\ekyc-face-pad\data\raw\celeba_spoof\SpoofingData\013211.jpg,013211,bona_fide,0,0.14443767070770264,0,1
C:\Users\Zander Truong\Documents\coding\ekyc-face-pad\data\raw\celeba_spoof\SpoofingData\010076.jpg,010076,photo,1,0.9543867111206055,1,1
C:\Users\Zander Truong\Documents\coding\ekyc-face-pad\data\raw\celeba_spoof\SpoofingData\008468.jpg,008468,photo,1,0.9762353897094727,1,1
C:\Users\Zander Truong\Documents\coding\ekyc-face-pad\data\raw\celeba_spoof\SpoofingData\009813.jpg,009813,bona_fide,0,0.041154876351356506,0,1
C:\Users\Zander Truong\Documents\coding\ekyc-face-pad\data\raw\celeba_spoof\SpoofingData\012626.jpg,012626,bona_fide,0,0.26731038093566895,0,1
C:\Users\Zander Truong\Documents\coding\ekyc-face-pad\data\raw\celeba_spoof\SpoofingData\016426.jpg,016426,photo,1,0.9007720351219177,1,1
C:\Users\Zander Truong\Documents\coding\ekyc-face-pad\data\raw\celeba_spoof\SpoofingData\003388.jpg,003388,photo,1,0.8340882062911987,1,1
C:\Users\Zander Truong\Documents\coding\ekyc-face-pad\data\raw\celeba_spoof\SpoofingData\013074.jpg,013074,bona_fide,0,0.07428126037120819,0,1
C:\Users\Zander Truong\Documents\coding\ekyc-face-pad\data\raw\celeba_spoof\SpoofingData\002261.jpg,002261,photo,1,0.9736495018005371,1,1
C:\Users\Zander Truong\Documents\coding\ekyc-face-pad\data\raw\celeba_spoof\SpoofingData\009726.jpg,009726,bona_fide,0,0.03906521201133728,0,1
C:\Users\Zander Truong\Documents\coding\ekyc-face-pad\data\raw\celeba_spoof\SpoofingData\016955.jpg,016955,photo,1,0.8795531392097473,1,1
C:\Users\Zander Truong\Documents\coding\ekyc-face-pad\data\raw\celeba_spoof\SpoofingData\005814.jpg,005814,photo,1,0.9976451992988586,1,1
C:\Users\Zander Truong\Documents\coding\ekyc-face-pad\data\raw\celeba_spoof\SpoofingData\017176.jpg,017176,photo,1,0.9905390739440918,1,1
C:\Users\Zander Truong\Documents\coding\ekyc-face-pad\data\raw\celeba_spoof\SpoofingData\013720.jpg,013720,bona_fide,0,0.10956013947725296,0,1
C:\Users\Zander Truong\Documents\coding\ekyc-face-pad\data\raw\celeba_spoof\SpoofingData\001029.jpg,001029,bona_fide,0,0.32365959882736206,0,1
C:\Users\Zander Truong\Documents\coding\ekyc-face-pad\data\raw\celeba_spoof\SpoofingData\002141.jpg,002141,bona_fide,0,0.00440609734505415,0,1
C:\Users\Zander Truong\Documents\coding\ekyc-face-pad\data\raw\celeba_spoof\SpoofingData\004750.jpg,004750,photo,1,0.8484902381896973,1,1
C:\Users\Zander Truong\Documents\coding\ekyc-face-pad\data\raw\celeba_spoof\SpoofingData\013569.jpg,013569,photo,1,0.9653648138046265,1,1
C:\Users\Zander Truong\Documents\coding\ekyc-face-pad\data\raw\celeba_spoof\SpoofingData\015267.jpg,015267,photo,1,0.9546968340873718,1,1
C:\Users\Zander Truong\Documents\coding\ekyc-face-pad\data\raw\celeba_spoof\SpoofingData\014129.jpg,014129,photo,1,0.7012141346931458,1,1
C:\Users\Zander Truong\Documents\coding\ekyc-face-pad\data\raw\celeba_spoof\SpoofingData\016877.jpg,016877,bona_fide,0,0.9571568965911865,1,0
C:\Users\Zander Truong\Documents\coding\ekyc-face-pad\data\raw\celeba_spoof\SpoofingData\012991.jpg,012991,photo,1,0.559636652469635,1,1
C:\Users\Zander Truong\Documents\coding\ekyc-face-pad\data\raw\celeba_spoof\SpoofingData\007021.jpg,007021,photo,1,0.9878820180892944,1,1
C:\Users\Zander Truong\Documents\coding\ekyc-face-pad\data\raw\celeba_spoof\SpoofingData\014201.jpg,014201,bona_fide,0,0.2649233639240265,0,1
C:\Users\Zander Truong\Documents\coding\ekyc-face-pad\data\raw\celeba_spoof\SpoofingData\000194.jpg,000194,bona_fide,0,0.25749069452285767,0,1
C:\Users\Zander Truong\Documents\coding\ekyc-face-pad\data\raw\celeba_spoof\SpoofingData\013597.jpg,013597,photo,1,0.9881270527839661,1,1
C:\Users\Zander Truong\Documents\coding\ekyc-face-pad\data\raw\celeba_spoof\SpoofingData\006085.jpg,006085,photo,1,0.9731606841087341,1,1
C:\Users\Zander Truong\Documents\coding\ekyc-face-pad\data\raw\celeba_spoof\SpoofingData\002279.jpg,002279,bona_fide,0,0.92389315366745,1,0
C:\Users\Zander Truong\Documents\coding\ekyc-face-pad\data\raw\celeba_spoof\SpoofingData\012837.jpg,012837,photo,1,0.9360700845718384,1,1
C:\Users\Zander Truong\Documents\coding\ekyc-face-pad\data\raw\celeba_spoof\SpoofingData\016009.jpg,016009,photo,1,0.9969911575317383,1,1
C:\Users\Zander Truong\Documents\coding\ekyc-face-pad\data\raw\celeba_spoof\SpoofingData\013937.jpg,013937,photo,1,0.6516696214675903,1,1
C:\Users\Zander Truong\Documents\coding\ekyc-face-pad\data\raw\celeba_spoof\SpoofingData\016213.jpg,016213,bona_fide,0,0.008010569028556347,0,1
C:\Users\Zander Truong\Documents\coding\ekyc-face-pad\data\raw\celeba_spoof\SpoofingData\000189.jpg,000189,bona_fide,0,0.1396244615316391,0,1
C:\Users\Zander Truong\Documents\coding\ekyc-face-pad\data\raw\celeba_spoof\SpoofingData\012984.jpg,012984,photo,1,0.9389558434486389,1,1
C:\Users\Zander Truong\Documents\coding\ekyc-face-pad\data\raw\celeba_spoof\SpoofingData\004656.jpg,004656,bona_fide,0,0.040791116654872894,0,1
C:\Users\Zander Truong\Documents\coding\ekyc-face-pad\data\raw\celeba_spoof\SpoofingData\008824.jpg,008824,photo,1,0.9887187480926514,1,1
C:\Users\Zander Truong\Documents\coding\ekyc-face-pad\data\raw\celeba_spoof\SpoofingData\011737.jpg,011737,photo,1,0.9638176560401917,1,1
C:\Users\Zander Truong\Documents\coding\ekyc-face-pad\data\raw\celeba_spoof\SpoofingData\005272.jpg,005272,photo,1,0.9934305548667908,1,1
C:\Users\Zander Truong\Documents\coding\ekyc-face-pad\data\raw\celeba_spoof\SpoofingData\000983.jpg,000983,photo,1,0.40873679518699646,0,0
C:\Users\Zander Truong\Documents\coding\ekyc-face-pad\data\raw\celeba_spoof\SpoofingData\005931.jpg,005931,photo,1,0.9042074084281921,1,1
C:\Users\Zander Truong\Documents\coding\ekyc-face-pad\data\raw\celeba_spoof\SpoofingData\008751.jpg,008751,photo,1,0.982528805732727,1,1
C:\Users\Zander Truong\Documents\coding\ekyc-face-pad\data\raw\celeba_spoof\SpoofingData\015246.jpg,015246,photo,1,0.7307412028312683,1,1
C:\Users\Zander Truong\Documents\coding\ekyc-face-pad\data\raw\celeba_spoof\SpoofingData\003040.jpg,003040,photo,1,0.8020583391189575,1,1
C:\Users\Zander Truong\Documents\coding\ekyc-face-pad\data\raw\celeba_spoof\SpoofingData\016019.jpg,016019,photo,1,0.9465188980102539,1,1
C:\Users\Zander Truong\Documents\coding\ekyc-face-pad\data\raw\celeba_spoof\SpoofingData\004406.jpg,004406,bona_fide,0,0.30379247665405273,0,1
C:\Users\Zander Truong\Documents\coding\ekyc-face-pad\data\raw\celeba_spoof\SpoofingData\006558.jpg,006558,photo,1,0.9166083335876465,1,1
C:\Users\Zander Truong\Documents\coding\ekyc-face-pad\data\raw\celeba_spoof\SpoofingData\014360.jpg,014360,photo,1,0.945287823677063,1,1
C:\Users\Zander Truong\Documents\coding\ekyc-face-pad\data\raw\celeba_spoof\SpoofingData\013656.jpg,013656,bona_fide,0,0.14071550965309143,0,1
C:\Users\Zander Truong\Documents\coding\ekyc-face-pad\data\raw\celeba_spoof\SpoofingData\002643.jpg,002643,photo,1,0.45992425084114075,0,0
C:\Users\Zander Truong\Documents\coding\ekyc-face-pad\data\raw\celeba_spoof\SpoofingData\012065.jpg,012065,photo,1,0.9960610270500183,1,1
C:\Users\Zander Truong\Documents\coding\ekyc-face-pad\data\raw\celeba_spoof\SpoofingData\006525.jpg,006525,photo,1,0.9313164949417114,1,1
C:\Users\Zander Truong\Documents\coding\ekyc-face-pad\data\raw\celeba_spoof\SpoofingData\010883.jpg,010883,bona_fide,0,0.004037782084196806,0,1
C:\Users\Zander Truong\Documents\coding\ekyc-face-pad\data\raw\celeba_spoof\SpoofingData\010835.jpg,010835,bona_fide,0,0.3269633948802948,0,1
C:\Users\Zander Truong\Documents\coding\ekyc-face-pad\data\raw\celeba_spoof\SpoofingData\002875.jpg,002875,photo,1,0.949479341506958,1,1
C:\Users\Zander Truong\Documents\coding\ekyc-face-pad\data\raw\celeba_spoof\SpoofingData\010499.jpg,010499,photo,1,0.8583043813705444,1,1
C:\Users\Zander Truong\Documents\coding\ekyc-face-pad\data\raw\celeba_spoof\SpoofingData\001415.jpg,001415,photo,1,0.9407841563224792,1,1
C:\Users\Zander Truong\Documents\coding\ekyc-face-pad\data\raw\celeba_spoof\SpoofingData\016440.jpg,016440,photo,1,0.7488794922828674,1,1
C:\Users\Zander Truong\Documents\coding\ekyc-face-pad\data\raw\celeba_spoof\SpoofingData\001034.jpg,001034,photo,1,0.9689919352531433,1,1
C:\Users\Zander Truong\Documents\coding\ekyc-face-pad\data\raw\celeba_spoof\SpoofingData\012010.jpg,012010,photo,1,0.9687703847885132,1,1
C:\Users\Zander Truong\Documents\coding\ekyc-face-pad\data\raw\celeba_spoof\SpoofingData\000226.jpg,000226,photo,1,0.9963136315345764,1,1
C:\Users\Zander Truong\Documents\coding\ekyc-face-pad\data\raw\celeba_spoof\SpoofingData\009947.jpg,009947,photo,1,0.9039943814277649,1,1
C:\Users\Zander Truong\Documents\coding\ekyc-face-pad\data\raw\celeba_spoof\SpoofingData\004148.jpg,004148,photo,1,0.9606997966766357,1,1
C:\Users\Zander Truong\Documents\coding\ekyc-face-pad\data\raw\celeba_spoof\SpoofingData\014175.jpg,014175,photo,1,0.8919740319252014,1,1
C:\Users\Zander Truong\Documents\coding\ekyc-face-pad\data\raw\celeba_spoof\SpoofingData\007747.jpg,007747,photo,1,0.4929056763648987,0,0
C:\Users\Zander Truong\Documents\coding\ekyc-face-pad\data\raw\celeba_spoof\SpoofingData\012701.jpg,012701,photo,1,0.7858759164810181,1,1
C:\Users\Zander Truong\Documents\coding\ekyc-face-pad\data\raw\celeba_spoof\SpoofingData\000996.jpg,000996,photo,1,0.9181804060935974,1,1
C:\Users\Zander Truong\Documents\coding\ekyc-face-pad\data\raw\celeba_spoof\SpoofingData\001108.jpg,001108,photo,1,0.9863831996917725,1,1
C:\Users\Zander Truong\Documents\coding\ekyc-face-pad\data\raw\celeba_spoof\SpoofingData\015637.jpg,015637,bona_fide,0,0.024801988154649734,0,1
C:\Users\Zander Truong\Documents\coding\ekyc-face-pad\data\raw\celeba_spoof\SpoofingData\005259.jpg,005259,bona_fide,0,0.47480177879333496,0,1
C:\Users\Zander Truong\Documents\coding\ekyc-face-pad\data\raw\celeba_spoof\SpoofingData\000157.jpg,000157,bona_fide,0,0.047964807599782944,0,1
C:\Users\Zander Truong\Documents\coding\ekyc-face-pad\data\raw\celeba_spoof\SpoofingData\013557.jpg,013557,photo,1,0.7949562668800354,1,1
C:\Users\Zander Truong\Documents\coding\ekyc-face-pad\data\raw\celeba_spoof\SpoofingData\001696.jpg,001696,photo,1,0.9700585007667542,1,1
C:\Users\Zander Truong\Documents\coding\ekyc-face-pad\data\raw\celeba_spoof\SpoofingData\015018.jpg,015018,photo,1,0.9047203660011292,1,1
C:\Users\Zander Truong\Documents\coding\ekyc-face-pad\data\raw\celeba_spoof\SpoofingData\012963.jpg,012963,bona_fide,0,0.9656499624252319,1,0
C:\Users\Zander Truong\Documents\coding\ekyc-face-pad\data\raw\celeba_spoof\SpoofingData\015322.jpg,015322,photo,1,0.8530676364898682,1,1
C:\Users\Zander Truong\Documents\coding\ekyc-face-pad\data\raw\celeba_spoof\SpoofingData\010403.jpg,010403,photo,1,0.7775437831878662,1,1
C:\Users\Zander Truong\Documents\coding\ekyc-face-pad\data\raw\celeba_spoof\SpoofingData\004434.jpg,004434,photo,1,0.964232861995697,1,1
C:\Users\Zander Truong\Documents\coding\ekyc-face-pad\data\raw\celeba_spoof\SpoofingData\016752.jpg,016752,photo,1,0.8086791038513184,1,1
C:\Users\Zander Truong\Documents\coding\ekyc-face-pad\data\raw\celeba_spoof\SpoofingData\015525.jpg,015525,photo,1,0.9593300223350525,1,1
C:\Users\Zander Truong\Documents\coding\ekyc-face-pad\data\raw\celeba_spoof\SpoofingData\002341.jpg,002341,bona_fide,0,0.9174326658248901,1,0
C:\Users\Zander Truong\Documents\coding\ekyc-face-pad\data\raw\celeba_spoof\SpoofingData\015807.jpg,015807,bona_fide,0,0.08054405450820923,0,1
C:\Users\Zander Truong\Documents\coding\ekyc-face-pad\data\raw\celeba_spoof\SpoofingData\011145.jpg,011145,photo,1,0.8789055943489075,1,1
C:\Users\Zander Truong\Documents\coding\ekyc-face-pad\data\raw\celeba_spoof\SpoofingData\013159.jpg,013159,bona_fide,0,0.07598528265953064,0,1
C:\Users\Zander Truong\Documents\coding\ekyc-face-pad\data\raw\celeba_spoof\SpoofingData\006837.jpg,006837,photo,1,0.9710561037063599,1,1
C:\Users\Zander Truong\Documents\coding\ekyc-face-pad\data\raw\celeba_spoof\SpoofingData\004030.jpg,004030,bona_fide,0,0.37309831380844116,0,1
C:\Users\Zander Truong\Documents\coding\ekyc-face-pad\data\raw\celeba_spoof\SpoofingData\012784.jpg,012784,bona_fide,0,0.06619202345609665,0,1
C:\Users\Zander Truong\Documents\coding\ekyc-face-pad\data\raw\celeba_spoof\SpoofingData\017727.jpg,017727,photo,1,0.9197083115577698,1,1
C:\Users\Zander Truong\Documents\coding\ekyc-face-pad\data\raw\celeba_spoof\SpoofingData\006736.jpg,006736,bona_fide,0,0.1413479596376419,0,1
C:\Users\Zander Truong\Documents\coding\ekyc-face-pad\data\raw\celeba_spoof\SpoofingData\005313.jpg,005313,photo,1,0.9843063354492188,1,1
C:\Users\Zander Truong\Documents\coding\ekyc-face-pad\data\raw\celeba_spoof\SpoofingData\012361.jpg,012361,photo,1,0.9910433292388916,1,1
C:\Users\Zander Truong\Documents\coding\ekyc-face-pad\data\raw\celeba_spoof\SpoofingData\008961.jpg,008961,photo,1,0.9590810537338257,1,1
C:\Users\Zander Truong\Documents\coding\ekyc-face-pad\data\raw\celeba_spoof\SpoofingData\010981.jpg,010981,photo,1,0.9993271827697754,1,1
C:\Users\Zander Truong\Documents\coding\ekyc-face-pad\data\raw\celeba_spoof\SpoofingData\011379.jpg,011379,photo,1,0.947737991809845,1,1
C:\Users\Zander Truong\Documents\coding\ekyc-face-pad\data\raw\celeba_spoof\SpoofingData\009190.jpg,009190,bona_fide,0,0.03825707733631134,0,1
C:\Users\Zander Truong\Documents\coding\ekyc-face-pad\data\raw\celeba_spoof\SpoofingData\002152.jpg,002152,photo,1,0.16470278799533844,0,0
C:\Users\Zander Truong\Documents\coding\ekyc-face-pad\data\raw\celeba_spoof\SpoofingData\004895.jpg,004895,bona_fide,0,0.11822520941495895,0,1
C:\Users\Zander Truong\Documents\coding\ekyc-face-pad\data\raw\celeba_spoof\SpoofingData\010777.jpg,010777,photo,1,0.8163990378379822,1,1
C:\Users\Zander Truong\Documents\coding\ekyc-face-pad\data\raw\celeba_spoof\SpoofingData\001236.jpg,001236,photo,1,0.5484353303909302,1,1
C:\Users\Zander Truong\Documents\coding\ekyc-face-pad\data\raw\celeba_spoof\SpoofingData\007245.jpg,007245,bona_fide,0,0.377915620803833,0,1
C:\Users\Zander Truong\Documents\coding\ekyc-face-pad\data\raw\celeba_spoof\SpoofingData\002526.jpg,002526,bona_fide,0,0.3668765723705292,0,1
C:\Users\Zander Truong\Documents\coding\ekyc-face-pad\data\raw\celeba_spoof\SpoofingData\000477.jpg,000477,photo,1,0.9803329110145569,1,1
C:\Users\Zander Truong\Documents\coding\ekyc-face-pad\data\raw\celeba_spoof\SpoofingData\005670.jpg,005670,bona_fide,0,0.6813697814941406,1,0
C:\Users\Zander Truong\Documents\coding\ekyc-face-pad\data\raw\celeba_spoof\SpoofingData\007430.jpg,007430,bona_fide,0,0.022987833246588707,0,1
C:\Users\Zander Truong\Documents\coding\ekyc-face-pad\data\raw\celeba_spoof\SpoofingData\006979.jpg,006979,bona_fide,0,0.5184872150421143,1,0
C:\Users\Zander Truong\Documents\coding\ekyc-face-pad\data\raw\celeba_spoof\SpoofingData\009527.jpg,009527,bona_fide,0,0.004910228308290243,0,1
C:\Users\Zander Truong\Documents\coding\ekyc-face-pad\data\raw\celeba_spoof\SpoofingData\013777.jpg,013777,bona_fide,0,0.07537490874528885,0,1
C:\Users\Zander Truong\Documents\coding\ekyc-face-pad\data\raw\celeba_spoof\SpoofingData\003565.jpg,003565,bona_fide,0,0.012637871317565441,0,1
C:\Users\Zander Truong\Documents\coding\ekyc-face-pad\data\raw\celeba_spoof\SpoofingData\010376.jpg,010376,photo,1,0.9795278310775757,1,1
C:\Users\Zander Truong\Documents\coding\ekyc-face-pad\data\raw\celeba_spoof\SpoofingData\011149.jpg,011149,photo,1,0.9704328775405884,1,1
C:\Users\Zander Truong\Documents\coding\ekyc-face-pad\data\raw\celeba_spoof\SpoofingData\014224.jpg,014224,photo,1,0.8493856191635132,1,1
C:\Users\Zander Truong\Documents\coding\ekyc-face-pad\data\raw\celeba_spoof\SpoofingData\014787.jpg,014787,photo,1,0.9387333989143372,1,1
C:\Users\Zander Truong\Documents\coding\ekyc-face-pad\data\raw\celeba_spoof\SpoofingData\015607.jpg,015607,bona_fide,0,0.2337466925382614,0,1
C:\Users\Zander Truong\Documents\coding\ekyc-face-pad\data\raw\celeba_spoof\SpoofingData\000206.jpg,000206,photo,1,0.10508512705564499,0,0
C:\Users\Zander Truong\Documents\coding\ekyc-face-pad\data\raw\celeba_spoof\SpoofingData\010580.jpg,010580,photo,1,0.9248367547988892,1,1
C:\Users\Zander Truong\Documents\coding\ekyc-face-pad\data\raw\celeba_spoof\SpoofingData\009481.jpg,009481,bona_fide,0,0.6023701429367065,1,0
C:\Users\Zander Truong\Documents\coding\ekyc-face-pad\data\raw\celeba_spoof\SpoofingData\000224.jpg,000224,bona_fide,0,0.9861138463020325,1,0
C:\Users\Zander Truong\Documents\coding\ekyc-face-pad\data\raw\celeba_spoof\SpoofingData\012181.jpg,012181,photo,1,0.871051013469696,1,1
C:\Users\Zander Truong\Documents\coding\ekyc-face-pad\data\raw\celeba_spoof\SpoofingData\012515.jpg,012515,photo,1,0.8670958876609802,1,1
C:\Users\Zander Truong\Documents\coding\ekyc-face-pad\data\raw\celeba_spoof\SpoofingData\015859.jpg,015859,bona_fide,0,0.8628964424133301,1,0
C:\Users\Zander Truong\Documents\coding\ekyc-face-pad\data\raw\celeba_spoof\SpoofingData\007772.jpg,007772,bona_fide,0,0.9356735348701477,1,0
C:\Users\Zander Truong\Documents\coding\ekyc-face-pad\data\raw\celeba_spoof\SpoofingData\011763.jpg,011763,bona_fide,0,0.08930788934230804,0,1
C:\Users\Zander Truong\Documents\coding\ekyc-face-pad\data\raw\celeba_spoof\SpoofingData\014724.jpg,014724,bona_fide,0,0.062639519572258,0,1
C:\Users\Zander Truong\Documents\coding\ekyc-face-pad\data\raw\celeba_spoof\SpoofingData\010488.jpg,010488,photo,1,0.9976757168769836,1,1
C:\Users\Zander Truong\Documents\coding\ekyc-face-pad\data\raw\celeba_spoof\SpoofingData\003734.jpg,003734,bona_fide,0,0.003981377463787794,0,1
C:\Users\Zander Truong\Documents\coding\ekyc-face-pad\data\raw\celeba_spoof\SpoofingData\015687.jpg,015687,photo,1,0.9835141897201538,1,1
C:\Users\Zander Truong\Documents\coding\ekyc-face-pad\data\raw\celeba_spoof\SpoofingData\009227.jpg,009227,photo,1,0.9985414743423462,1,1
C:\Users\Zander Truong\Documents\coding\ekyc-face-pad\data\raw\celeba_spoof\SpoofingData\004026.jpg,004026,bona_fide,0,0.33258697390556335,0,1
C:\Users\Zander Truong\Documents\coding\ekyc-face-pad\data\raw\celeba_spoof\SpoofingData\010575.jpg,010575,photo,1,0.9947779178619385,1,1
C:\Users\Zander Truong\Documents\coding\ekyc-face-pad\data\raw\celeba_spoof\SpoofingData\002707.jpg,002707,photo,1,0.5454431772232056,1,1
C:\Users\Zander Truong\Documents\coding\ekyc-face-pad\data\raw\celeba_spoof\SpoofingData\005138.jpg,005138,photo,1,0.9231783747673035,1,1
C:\Users\Zander Truong\Documents\coding\ekyc-face-pad\data\raw\celeba_spoof\SpoofingData\013040.jpg,013040,photo,1,0.9937519431114197,1,1
C:\Users\Zander Truong\Documents\coding\ekyc-face-pad\data\raw\celeba_spoof\SpoofingData\012040.jpg,012040,bona_fide,0,0.2541956901550293,0,1
C:\Users\Zander Truong\Documents\coding\ekyc-face-pad\data\raw\celeba_spoof\SpoofingData\009014.jpg,009014,bona_fide,0,0.041721317917108536,0,1
C:\Users\Zander Truong\Documents\coding\ekyc-face-pad\data\raw\celeba_spoof\SpoofingData\008691.jpg,008691,photo,1,0.8766350150108337,1,1
C:\Users\Zander Truong\Documents\coding\ekyc-face-pad\data\raw\celeba_spoof\SpoofingData\014073.jpg,014073,photo,1,0.9228829145431519,1,1
C:\Users\Zander Truong\Documents\coding\ekyc-face-pad\data\raw\celeba_spoof\SpoofingData\017080.jpg,017080,photo,1,0.5774305462837219,1,1
C:\Users\Zander Truong\Documents\coding\ekyc-face-pad\data\raw\celeba_spoof\SpoofingData\007912.jpg,007912,photo,1,0.9711582660675049,1,1
C:\Users\Zander Truong\Documents\coding\ekyc-face-pad\data\raw\celeba_spoof\SpoofingData\006974.jpg,006974,photo,1,0.9971470236778259,1,1
C:\Users\Zander Truong\Documents\coding\ekyc-face-pad\data\raw\celeba_spoof\SpoofingData\016806.jpg,016806,bona_fide,0,0.4079832136631012,0,1
C:\Users\Zander Truong\Documents\coding\ekyc-face-pad\data\raw\celeba_spoof\SpoofingData\001922.jpg,001922,photo,1,0.9270557761192322,1,1
C:\Users\Zander Truong\Documents\coding\ekyc-face-pad\data\raw\celeba_spoof\SpoofingData\004166.jpg,004166,bona_fide,0,0.022046107798814774,0,1
C:\Users\Zander Truong\Documents\coding\ekyc-face-pad\data\raw\celeba_spoof\SpoofingData\016723.jpg,016723,bona_fide,0,0.6141486167907715,1,0
C:\Users\Zander Truong\Documents\coding\ekyc-face-pad\data\raw\celeba_spoof\SpoofingData\002359.jpg,002359,photo,1,0.9916912317276001,1,1
C:\Users\Zander Truong\Documents\coding\ekyc-face-pad\data\raw\celeba_spoof\SpoofingData\011385.jpg,011385,bona_fide,0,0.07588786631822586,0,1
C:\Users\Zander Truong\Documents\coding\ekyc-face-pad\data\raw\celeba_spoof\SpoofingData\010062.jpg,010062,photo,1,0.993590235710144,1,1
C:\Users\Zander Truong\Documents\coding\ekyc-face-pad\data\raw\celeba_spoof\SpoofingData\013913.jpg,013913,bona_fide,0,0.055450428277254105,0,1
C:\Users\Zander Truong\Documents\coding\ekyc-face-pad\data\raw\celeba_spoof\SpoofingData\016750.jpg,016750,photo,1,0.7041832208633423,1,1
C:\Users\Zander Truong\Documents\coding\ekyc-face-pad\data\raw\celeba_spoof\SpoofingData\013964.jpg,013964,photo,1,0.8928444981575012,1,1
C:\Users\Zander Truong\Documents\coding\ekyc-face-pad\data\raw\celeba_spoof\SpoofingData\009465.jpg,009465,photo,1,0.9666113257408142,1,1
C:\Users\Zander Truong\Documents\coding\ekyc-face-pad\data\raw\celeba_spoof\SpoofingData\000732.jpg,000732,photo,1,0.16684220731258392,0,0
C:\Users\Zander Truong\Documents\coding\ekyc-face-pad\data\raw\celeba_spoof\SpoofingData\008142.jpg,008142,photo,1,0.8890858888626099,1,1
C:\Users\Zander Truong\Documents\coding\ekyc-face-pad\data\raw\celeba_spoof\SpoofingData\003558.jpg,003558,photo,1,0.9791420102119446,1,1
C:\Users\Zander Truong\Documents\coding\ekyc-face-pad\data\raw\celeba_spoof\SpoofingData\006143.jpg,006143,bona_fide,0,0.15201731026172638,0,1
C:\Users\Zander Truong\Documents\coding\ekyc-face-pad\data\raw\celeba_spoof\SpoofingData\004521.jpg,004521,photo,1,0.9817314743995667,1,1
C:\Users\Zander Truong\Documents\coding\ekyc-face-pad\data\raw\celeba_spoof\SpoofingData\010337.jpg,010337,photo,1,0.8202419877052307,1,1
C:\Users\Zander Truong\Documents\coding\ekyc-face-pad\data\raw\celeba_spoof\SpoofingData\004201.jpg,004201,photo,1,0.439599871635437,0,0
C:\Users\Zander Truong\Documents\coding\ekyc-face-pad\data\raw\celeba_spoof\SpoofingData\006758.jpg,006758,photo,1,0.983862578868866,1,1
C:\Users\Zander Truong\Documents\coding\ekyc-face-pad\data\raw\celeba_spoof\SpoofingData\000015.jpg,000015,photo,1,0.9041843414306641,1,1
C:\Users\Zander Truong\Documents\coding\ekyc-face-pad\data\raw\celeba_spoof\SpoofingData\011528.jpg,011528,bona_fide,0,0.027851514518260956,0,1
C:\Users\Zander Truong\Documents\coding\ekyc-face-pad\data\raw\celeba_spoof\SpoofingData\005299.jpg,005299,photo,1,0.9912686347961426,1,1
C:\Users\Zander Truong\Documents\coding\ekyc-face-pad\data\raw\celeba_spoof\SpoofingData\004018.jpg,004018,photo,1,0.9885764718055725,1,1
C:\Users\Zander Truong\Documents\coding\ekyc-face-pad\data\raw\celeba_spoof\SpoofingData\005798.jpg,005798,photo,1,0.9572532176971436,1,1
C:\Users\Zander Truong\Documents\coding\ekyc-face-pad\data\raw\celeba_spoof\SpoofingData\005381.jpg,005381,photo,1,0.48031067848205566,0,0
C:\Users\Zander Truong\Documents\coding\ekyc-face-pad\data\raw\celeba_spoof\SpoofingData\011765.jpg,011765,photo,1,0.9507943987846375,1,1
C:\Users\Zander Truong\Documents\coding\ekyc-face-pad\data\raw\celeba_spoof\SpoofingData\016278.jpg,016278,bona_fide,0,0.03455779701471329,0,1
C:\Users\Zander Truong\Documents\coding\ekyc-face-pad\data\raw\celeba_spoof\SpoofingData\015403.jpg,015403,photo,1,0.9964966177940369,1,1
C:\Users\Zander Truong\Documents\coding\ekyc-face-pad\data\raw\celeba_spoof\SpoofingData\008922.jpg,008922,photo,1,0.5602225065231323,1,1
C:\Users\Zander Truong\Documents\coding\ekyc-face-pad\data\raw\celeba_spoof\SpoofingData\004203.jpg,004203,bona_fide,0,0.5850969552993774,1,0
C:\Users\Zander Truong\Documents\coding\ekyc-face-pad\data\raw\celeba_spoof\SpoofingData\011844.jpg,011844,photo,1,0.9234257340431213,1,1
C:\Users\Zander Truong\Documents\coding\ekyc-face-pad\data\raw\celeba_spoof\SpoofingData\010918.jpg,010918,photo,1,0.9979931116104126,1,1
C:\Users\Zander Truong\Documents\coding\ekyc-face-pad\data\raw\celeba_spoof\SpoofingData\002281.jpg,002281,bona_fide,0,0.6841531991958618,1,0
C:\Users\Zander Truong\Documents\coding\ekyc-face-pad\data\raw\celeba_spoof\SpoofingData\014754.jpg,014754,photo,1,0.9403246641159058,1,1
C:\Users\Zander Truong\Documents\coding\ekyc-face-pad\data\raw\celeba_spoof\SpoofingData\005360.jpg,005360,photo,1,0.9980790615081787,1,1
C:\Users\Zander Truong\Documents\coding\ekyc-face-pad\data\raw\celeba_spoof\SpoofingData\010397.jpg,010397,bona_fide,0,0.2693716585636139,0,1
C:\Users\Zander Truong\Documents\coding\ekyc-face-pad\data\raw\celeba_spoof\SpoofingData\011788.jpg,011788,photo,1,0.9533605575561523,1,1
C:\Users\Zander Truong\Documents\coding\ekyc-face-pad\data\raw\celeba_spoof\SpoofingData\007378.jpg,007378,bona_fide,0,0.6096388697624207,1,0
C:\Users\Zander Truong\Documents\coding\ekyc-face-pad\data\raw\celeba_spoof\SpoofingData\008815.jpg,008815,photo,1,0.980343222618103,1,1
C:\Users\Zander Truong\Documents\coding\ekyc-face-pad\data\raw\celeba_spoof\SpoofingData\008840.jpg,008840,photo,1,0.7933365106582642,1,1
C:\Users\Zander Truong\Documents\coding\ekyc-face-pad\data\raw\celeba_spoof\SpoofingData\013196.jpg,013196,bona_fide,0,0.0035082462709397078,0,1
C:\Users\Zander Truong\Documents\coding\ekyc-face-pad\data\raw\celeba_spoof\SpoofingData\016561.jpg,016561,photo,1,0.9866117238998413,1,1
C:\Users\Zander Truong\Documents\coding\ekyc-face-pad\data\raw\celeba_spoof\SpoofingData\000204.jpg,000204,photo,1,0.9329710006713867,1,1
C:\Users\Zander Truong\Documents\coding\ekyc-face-pad\data\raw\celeba_spoof\SpoofingData\007879.jpg,007879,photo,1,0.42263883352279663,0,0
C:\Users\Zander Truong\Documents\coding\ekyc-face-pad\data\raw\celeba_spoof\SpoofingData\011399.jpg,011399,photo,1,0.9581875205039978,1,1
C:\Users\Zander Truong\Documents\coding\ekyc-face-pad\data\raw\celeba_spoof\SpoofingData\013819.jpg,013819,photo,1,0.9897770285606384,1,1
C:\Users\Zander Truong\Documents\coding\ekyc-face-pad\data\raw\celeba_spoof\SpoofingData\011928.jpg,011928,photo,1,0.624434232711792,1,1
C:\Users\Zander Truong\Documents\coding\ekyc-face-pad\data\raw\celeba_spoof\SpoofingData\015903.jpg,015903,bona_fide,0,0.051565125584602356,0,1
C:\Users\Zander Truong\Documents\coding\ekyc-face-pad\data\raw\celeba_spoof\SpoofingData\006910.jpg,006910,bona_fide,0,0.13485364615917206,0,1
C:\Users\Zander Truong\Documents\coding\ekyc-face-pad\data\raw\celeba_spoof\SpoofingData\011780.jpg,011780,bona_fide,0,0.0740860104560852,0,1
C:\Users\Zander Truong\Documents\coding\ekyc-face-pad\data\raw\celeba_spoof\SpoofingData\016848.jpg,016848,bona_fide,0,0.055068936198949814,0,1
C:\Users\Zander Truong\Documents\coding\ekyc-face-pad\data\raw\celeba_spoof\SpoofingData\003770.jpg,003770,bona_fide,0,0.03138016164302826,0,1
C:\Users\Zander Truong\Documents\coding\ekyc-face-pad\data\raw\celeba_spoof\SpoofingData\016601.jpg,016601,photo,1,0.9075711965560913,1,1
C:\Users\Zander Truong\Documents\coding\ekyc-face-pad\data\raw\celeba_spoof\SpoofingData\002955.jpg,002955,photo,1,0.8140021562576294,1,1
C:\Users\Zander Truong\Documents\coding\ekyc-face-pad\data\raw\celeba_spoof\SpoofingData\012448.jpg,012448,bona_fide,0,0.8392213582992554,1,0
C:\Users\Zander Truong\Documents\coding\ekyc-face-pad\data\raw\celeba_spoof\SpoofingData\009499.jpg,009499,bona_fide,0,0.061236415058374405,0,1
C:\Users\Zander Truong\Documents\coding\ekyc-face-pad\data\raw\celeba_spoof\SpoofingData\000806.jpg,000806,photo,1,0.9822397232055664,1,1
C:\Users\Zander Truong\Documents\coding\ekyc-face-pad\data\raw\celeba_spoof\SpoofingData\003852.jpg,003852,photo,1,0.7788886427879333,1,1
C:\Users\Zander Truong\Documents\coding\ekyc-face-pad\data\raw\celeba_spoof\SpoofingData\009757.jpg,009757,bona_fide,0,0.48979493975639343,0,1
C:\Users\Zander Truong\Documents\coding\ekyc-face-pad\data\raw\celeba_spoof\SpoofingData\008618.jpg,008618,bona_fide,0,0.045175813138484955,0,1
C:\Users\Zander Truong\Documents\coding\ekyc-face-pad\data\raw\celeba_spoof\SpoofingData\003708.jpg,003708,bona_fide,0,0.04099685326218605,0,1
C:\Users\Zander Truong\Documents\coding\ekyc-face-pad\data\raw\celeba_spoof\SpoofingData\014088.jpg,014088,photo,1,0.9091669321060181,1,1
C:\Users\Zander Truong\Documents\coding\ekyc-face-pad\data\raw\celeba_spoof\SpoofingData\016007.jpg,016007,photo,1,0.9913488030433655,1,1
C:\Users\Zander Truong\Documents\coding\ekyc-face-pad\data\raw\celeba_spoof\SpoofingData\010850.jpg,010850,photo,1,0.9502103328704834,1,1
C:\Users\Zander Truong\Documents\coding\ekyc-face-pad\data\raw\celeba_spoof\SpoofingData\001980.jpg,001980,photo,1,0.9773359298706055,1,1
C:\Users\Zander Truong\Documents\coding\ekyc-face-pad\data\raw\celeba_spoof\SpoofingData\013537.jpg,013537,photo,1,0.9115166068077087,1,1
C:\Users\Zander Truong\Documents\coding\ekyc-face-pad\data\raw\celeba_spoof\SpoofingData\013754.jpg,013754,photo,1,0.8593024015426636,1,1
C:\Users\Zander Truong\Documents\coding\ekyc-face-pad\data\raw\celeba_spoof\SpoofingData\010109.jpg,010109,photo,1,0.9310657382011414,1,1
C:\Users\Zander Truong\Documents\coding\ekyc-face-pad\data\raw\celeba_spoof\SpoofingData\004368.jpg,004368,photo,1,0.9158939719200134,1,1
C:\Users\Zander Truong\Documents\coding\ekyc-face-pad\data\raw\celeba_spoof\SpoofingData\001711.jpg,001711,photo,1,0.6800931692123413,1,1
C:\Users\Zander Truong\Documents\coding\ekyc-face-pad\data\raw\celeba_spoof\SpoofingData\012843.jpg,012843,bona_fide,0,0.1899527907371521,0,1
C:\Users\Zander Truong\Documents\coding\ekyc-face-pad\data\raw\celeba_spoof\SpoofingData\010507.jpg,010507,photo,1,0.9504313468933105,1,1
C:\Users\Zander Truong\Documents\coding\ekyc-face-pad\data\raw\celeba_spoof\SpoofingData\016410.jpg,016410,photo,1,0.9962899684906006,1,1
C:\Users\Zander Truong\Documents\coding\ekyc-face-pad\data\raw\celeba_spoof\SpoofingData\009578.jpg,009578,photo,1,0.915155291557312,1,1
C:\Users\Zander Truong\Documents\coding\ekyc-face-pad\data\raw\celeba_spoof\SpoofingData\013205.jpg,013205,bona_fide,0,0.14892877638339996,0,1
C:\Users\Zander Truong\Documents\coding\ekyc-face-pad\data\raw\celeba_spoof\SpoofingData\007752.jpg,007752,photo,1,0.9557614922523499,1,1
C:\Users\Zander Truong\Documents\coding\ekyc-face-pad\data\raw\celeba_spoof\SpoofingData\005523.jpg,005523,bona_fide,0,0.24717845022678375,0,1
C:\Users\Zander Truong\Documents\coding\ekyc-face-pad\data\raw\celeba_spoof\SpoofingData\013692.jpg,013692,photo,1,0.7335087060928345,1,1
C:\Users\Zander Truong\Documents\coding\ekyc-face-pad\data\raw\celeba_spoof\SpoofingData\014269.jpg,014269,photo,1,0.9796455502510071,1,1
C:\Users\Zander Truong\Documents\coding\ekyc-face-pad\data\raw\celeba_spoof\SpoofingData\007351.jpg,007351,photo,1,0.9651697874069214,1,1
C:\Users\Zander Truong\Documents\coding\ekyc-face-pad\data\raw\celeba_spoof\SpoofingData\012678.jpg,012678,bona_fide,0,0.2602587044239044,0,1
C:\Users\Zander Truong\Documents\coding\ekyc-face-pad\data\raw\celeba_spoof\SpoofingData\014769.jpg,014769,bona_fide,0,0.8092673420906067,1,0
C:\Users\Zander Truong\Documents\coding\ekyc-face-pad\data\raw\celeba_spoof\SpoofingData\003692.jpg,003692,bona_fide,0,0.06424868851900101,0,1
C:\Users\Zander Truong\Documents\coding\ekyc-face-pad\data\raw\celeba_spoof\SpoofingData\016651.jpg,016651,photo,1,0.9856051802635193,1,1
C:\Users\Zander Truong\Documents\coding\ekyc-face-pad\data\raw\celeba_spoof\SpoofingData\008137.jpg,008137,photo,1,0.5927446484565735,1,1
C:\Users\Zander Truong\Documents\coding\ekyc-face-pad\data\raw\celeba_spoof\SpoofingData\004310.jpg,004310,photo,1,0.18101710081100464,0,0
C:\Users\Zander Truong\Documents\coding\ekyc-face-pad\data\raw\celeba_spoof\SpoofingData\005572.jpg,005572,photo,1,0.5065250396728516,1,1
C:\Users\Zander Truong\Documents\coding\ekyc-face-pad\data\raw\celeba_spoof\SpoofingData\007905.jpg,007905,bona_fide,0,0.0036829470191150904,0,1
C:\Users\Zander Truong\Documents\coding\ekyc-face-pad\data\raw\celeba_spoof\SpoofingData\003731.jpg,003731,photo,1,0.9004161357879639,1,1
C:\Users\Zander Truong\Documents\coding\ekyc-face-pad\data\raw\celeba_spoof\SpoofingData\009680.jpg,009680,bona_fide,0,0.030995389446616173,0,1
C:\Users\Zander Truong\Documents\coding\ekyc-face-pad\data\raw\celeba_spoof\SpoofingData\005581.jpg,005581,bona_fide,0,0.013332911767065525,0,1
C:\Users\Zander Truong\Documents\coding\ekyc-face-pad\data\raw\celeba_spoof\SpoofingData\007839.jpg,007839,photo,1,0.9375696182250977,1,1
C:\Users\Zander Truong\Documents\coding\ekyc-face-pad\data\raw\celeba_spoof\SpoofingData\002753.jpg,002753,photo,1,0.36962276697158813,0,0
C:\Users\Zander Truong\Documents\coding\ekyc-face-pad\data\raw\celeba_spoof\SpoofingData\004070.jpg,004070,photo,1,0.9878395199775696,1,1
C:\Users\Zander Truong\Documents\coding\ekyc-face-pad\data\raw\celeba_spoof\SpoofingData\008749.jpg,008749,photo,1,0.8036848902702332,1,1
C:\Users\Zander Truong\Documents\coding\ekyc-face-pad\data\raw\celeba_spoof\SpoofingData\002270.jpg,002270,bona_fide,0,0.1947852373123169,0,1
C:\Users\Zander Truong\Documents\coding\ekyc-face-pad\data\raw\celeba_spoof\SpoofingData\000740.jpg,000740,photo,1,0.9935228824615479,1,1
C:\Users\Zander Truong\Documents\coding\ekyc-face-pad\data\raw\celeba_spoof\SpoofingData\014278.jpg,014278,photo,1,0.9859809875488281,1,1
C:\Users\Zander Truong\Documents\coding\ekyc-face-pad\data\raw\celeba_spoof\SpoofingData\006352.jpg,006352,photo,1,0.972735583782196,1,1
C:\Users\Zander Truong\Documents\coding\ekyc-face-pad\data\raw\celeba_spoof\SpoofingData\014075.jpg,014075,bona_fide,0,0.00801874604076147,0,1
C:\Users\Zander Truong\Documents\coding\ekyc-face-pad\data\raw\celeba_spoof\SpoofingData\001916.jpg,001916,photo,1,0.9767806529998779,1,1
C:\Users\Zander Truong\Documents\coding\ekyc-face-pad\data\raw\celeba_spoof\SpoofingData\004029.jpg,004029,bona_fide,0,0.15268953144550323,0,1
C:\Users\Zander Truong\Documents\coding\ekyc-face-pad\data\raw\celeba_spoof\SpoofingData\002654.jpg,002654,bona_fide,0,0.1726001352071762,0,1
C:\Users\Zander Truong\Documents\coding\ekyc-face-pad\data\raw\celeba_spoof\SpoofingData\015004.jpg,015004,bona_fide,0,0.01477960217744112,0,1
C:\Users\Zander Truong\Documents\coding\ekyc-face-pad\data\raw\celeba_spoof\SpoofingData\017518.jpg,017518,bona_fide,0,0.06001763418316841,0,1
C:\Users\Zander Truong\Documents\coding\ekyc-face-pad\data\raw\celeba_spoof\SpoofingData\017325.jpg,017325,photo,1,0.785020112991333,1,1
C:\Users\Zander Truong\Documents\coding\ekyc-face-pad\data\raw\celeba_spoof\SpoofingData\012912.jpg,012912,bona_fide,0,0.04748515784740448,0,1
C:\Users\Zander Truong\Documents\coding\ekyc-face-pad\data\raw\celeba_spoof\SpoofingData\016772.jpg,016772,photo,1,0.8778104782104492,1,1
C:\Users\Zander Truong\Documents\coding\ekyc-face-pad\data\raw\celeba_spoof\SpoofingData\016796.jpg,016796,photo,1,0.6493983268737793,1,1
C:\Users\Zander Truong\Documents\coding\ekyc-face-pad\data\raw\celeba_spoof\SpoofingData\004461.jpg,004461,bona_fide,0,0.10542430728673935,0,1
C:\Users\Zander Truong\Documents\coding\ekyc-face-pad\data\raw\celeba_spoof\SpoofingData\016699.jpg,016699,bona_fide,0,0.19555988907814026,0,1
C:\Users\Zander Truong\Documents\coding\ekyc-face-pad\data\raw\celeba_spoof\SpoofingData\014371.jpg,014371,photo,1,0.9699147939682007,1,1
C:\Users\Zander Truong\Documents\coding\ekyc-face-pad\data\raw\celeba_spoof\SpoofingData\010989.jpg,010989,bona_fide,0,0.23292747139930725,0,1
C:\Users\Zander Truong\Documents\coding\ekyc-face-pad\data\raw\celeba_spoof\SpoofingData\006098.jpg,006098,photo,1,0.9877326488494873,1,1
C:\Users\Zander Truong\Documents\coding\ekyc-face-pad\data\raw\celeba_spoof\SpoofingData\014143.jpg,014143,photo,1,0.9621948599815369,1,1
C:\Users\Zander Truong\Documents\coding\ekyc-face-pad\data\raw\celeba_spoof\SpoofingData\006411.jpg,006411,photo,1,0.7991598844528198,1,1
C:\Users\Zander Truong\Documents\coding\ekyc-face-pad\data\raw\celeba_spoof\SpoofingData\000944.jpg,000944,photo,1,0.9861029386520386,1,1
C:\Users\Zander Truong\Documents\coding\ekyc-face-pad\data\raw\celeba_spoof\SpoofingData\005466.jpg,005466,photo,1,0.9726961851119995,1,1
C:\Users\Zander Truong\Documents\coding\ekyc-face-pad\data\raw\celeba_spoof\SpoofingData\005150.jpg,005150,photo,1,0.5260471701622009,1,1
C:\Users\Zander Truong\Documents\coding\ekyc-face-pad\data\raw\celeba_spoof\SpoofingData\012486.jpg,012486,photo,1,0.9555520415306091,1,1
C:\Users\Zander Truong\Documents\coding\ekyc-face-pad\data\raw\celeba_spoof\SpoofingData\006329.jpg,006329,photo,1,0.997730553150177,1,1
C:\Users\Zander Truong\Documents\coding\ekyc-face-pad\data\raw\celeba_spoof\SpoofingData\004242.jpg,004242,photo,1,0.8281534314155579,1,1
C:\Users\Zander Truong\Documents\coding\ekyc-face-pad\data\raw\celeba_spoof\SpoofingData\012452.jpg,012452,bona_fide,0,0.05167856812477112,0,1
C:\Users\Zander Truong\Documents\coding\ekyc-face-pad\data\raw\celeba_spoof\SpoofingData\007541.jpg,007541,photo,1,0.9970587491989136,1,1
C:\Users\Zander Truong\Documents\coding\ekyc-face-pad\data\raw\celeba_spoof\SpoofingData\003027.jpg,003027,photo,1,0.4093133211135864,0,0
C:\Users\Zander Truong\Documents\coding\ekyc-face-pad\data\raw\celeba_spoof\SpoofingData\008080.jpg,008080,photo,1,0.984918475151062,1,1
C:\Users\Zander Truong\Documents\coding\ekyc-face-pad\data\raw\celeba_spoof\SpoofingData\012637.jpg,012637,photo,1,0.9811272025108337,1,1
C:\Users\Zander Truong\Documents\coding\ekyc-face-pad\data\raw\celeba_spoof\SpoofingData\003371.jpg,003371,bona_fide,0,0.20010487735271454,0,1
C:\Users\Zander Truong\Documents\coding\ekyc-face-pad\data\raw\celeba_spoof\SpoofingData\009598.jpg,009598,photo,1,0.9883246421813965,1,1
C:\Users\Zander Truong\Documents\coding\ekyc-face-pad\data\raw\celeba_spoof\SpoofingData\005565.jpg,005565,photo,1,0.190935879945755,0,0
C:\Users\Zander Truong\Documents\coding\ekyc-face-pad\data\raw\celeba_spoof\SpoofingData\017113.jpg,017113,photo,1,0.900658369064331,1,1
C:\Users\Zander Truong\Documents\coding\ekyc-face-pad\data\raw\celeba_spoof\SpoofingData\006567.jpg,006567,photo,1,0.9573245644569397,1,1
C:\Users\Zander Truong\Documents\coding\ekyc-face-pad\data\raw\celeba_spoof\SpoofingData\006093.jpg,006093,photo,1,0.9949496984481812,1,1
C:\Users\Zander Truong\Documents\coding\ekyc-face-pad\data\raw\celeba_spoof\SpoofingData\004711.jpg,004711,bona_fide,0,0.2494615912437439,0,1
C:\Users\Zander Truong\Documents\coding\ekyc-face-pad\data\raw\celeba_spoof\SpoofingData\007125.jpg,007125,photo,1,0.9758426547050476,1,1
C:\Users\Zander Truong\Documents\coding\ekyc-face-pad\data\raw\celeba_spoof\SpoofingData\002458.jpg,002458,photo,1,0.17940744757652283,0,0
C:\Users\Zander Truong\Documents\coding\ekyc-face-pad\data\raw\celeba_spoof\SpoofingData\014412.jpg,014412,photo,1,0.9890404343605042,1,1
C:\Users\Zander Truong\Documents\coding\ekyc-face-pad\data\raw\celeba_spoof\SpoofingData\015192.jpg,015192,photo,1,0.9975541234016418,1,1
C:\Users\Zander Truong\Documents\coding\ekyc-face-pad\data\raw\celeba_spoof\SpoofingData\013566.jpg,013566,photo,1,0.9912262558937073,1,1
C:\Users\Zander Truong\Documents\coding\ekyc-face-pad\data\raw\celeba_spoof\SpoofingData\006952.jpg,006952,bona_fide,0,0.1840728521347046,0,1
C:\Users\Zander Truong\Documents\coding\ekyc-face-pad\data\raw\celeba_spoof\SpoofingData\016235.jpg,016235,bona_fide,0,0.007721217814832926,0,1
C:\Users\Zander Truong\Documents\coding\ekyc-face-pad\data\raw\celeba_spoof\SpoofingData\011335.jpg,011335,bona_fide,0,0.14262931048870087,0,1
C:\Users\Zander Truong\Documents\coding\ekyc-face-pad\data\raw\celeba_spoof\SpoofingData\016337.jpg,016337,photo,1,0.969964861869812,1,1
C:\Users\Zander Truong\Documents\coding\ekyc-face-pad\data\raw\celeba_spoof\SpoofingData\006928.jpg,006928,photo,1,0.9959535598754883,1,1
C:\Users\Zander Truong\Documents\coding\ekyc-face-pad\data\raw\celeba_spoof\SpoofingData\000684.jpg,000684,photo,1,0.8664938807487488,1,1
C:\Users\Zander Truong\Documents\coding\ekyc-face-pad\data\raw\celeba_spoof\SpoofingData\017585.jpg,017585,photo,1,0.8772708773612976,1,1
C:\Users\Zander Truong\Documents\coding\ekyc-face-pad\data\raw\celeba_spoof\SpoofingData\010418.jpg,010418,bona_fide,0,0.006343756336718798,0,1
C:\Users\Zander Truong\Documents\coding\ekyc-face-pad\data\raw\celeba_spoof\SpoofingData\002297.jpg,002297,bona_fide,0,0.6398196816444397,1,0
C:\Users\Zander Truong\Documents\coding\ekyc-face-pad\data\raw\celeba_spoof\SpoofingData\001229.jpg,001229,photo,1,0.9194294810295105,1,1
C:\Users\Zander Truong\Documents\coding\ekyc-face-pad\data\raw\celeba_spoof\SpoofingData\004657.jpg,004657,photo,1,0.7182713150978088,1,1
C:\Users\Zander Truong\Documents\coding\ekyc-face-pad\data\raw\celeba_spoof\SpoofingData\003720.jpg,003720,photo,1,0.9514797329902649,1,1
C:\Users\Zander Truong\Documents\coding\ekyc-face-pad\data\raw\celeba_spoof\SpoofingData\010014.jpg,010014,photo,1,0.9517862200737,1,1
C:\Users\Zander Truong\Documents\coding\ekyc-face-pad\data\raw\celeba_spoof\SpoofingData\016481.jpg,016481,photo,1,0.8791071772575378,1,1
C:\Users\Zander Truong\Documents\coding\ekyc-face-pad\data\raw\celeba_spoof\SpoofingData\013741.jpg,013741,photo,1,0.9943365454673767,1,1
C:\Users\Zander Truong\Documents\coding\ekyc-face-pad\data\raw\celeba_spoof\SpoofingData\001873.jpg,001873,photo,1,0.984028160572052,1,1
C:\Users\Zander Truong\Documents\coding\ekyc-face-pad\data\raw\celeba_spoof\SpoofingData\004847.jpg,004847,photo,1,0.9430364370346069,1,1
C:\Users\Zander Truong\Documents\coding\ekyc-face-pad\data\raw\celeba_spoof\SpoofingData\001345.jpg,001345,photo,1,0.8637905120849609,1,1
C:\Users\Zander Truong\Documents\coding\ekyc-face-pad\data\raw\celeba_spoof\SpoofingData\012922.jpg,012922,photo,1,0.9923737645149231,1,1
C:\Users\Zander Truong\Documents\coding\ekyc-face-pad\data\raw\celeba_spoof\SpoofingData\003261.jpg,003261,bona_fide,0,0.891090452671051,1,0
C:\Users\Zander Truong\Documents\coding\ekyc-face-pad\data\raw\celeba_spoof\SpoofingData\015840.jpg,015840,bona_fide,0,0.00441235164180398,0,1
C:\Users\Zander Truong\Documents\coding\ekyc-face-pad\data\raw\celeba_spoof\SpoofingData\007140.jpg,007140,bona_fide,0,0.011062713339924812,0,1
C:\Users\Zander Truong\Documents\coding\ekyc-face-pad\data\raw\celeba_spoof\SpoofingData\010037.jpg,010037,photo,1,0.6828890442848206,1,1
C:\Users\Zander Truong\Documents\coding\ekyc-face-pad\data\raw\celeba_spoof\SpoofingData\007589.jpg,007589,photo,1,0.9473325610160828,1,1
C:\Users\Zander Truong\Documents\coding\ekyc-face-pad\data\raw\celeba_spoof\SpoofingData\006482.jpg,006482,bona_fide,0,0.154000923037529,0,1
C:\Users\Zander Truong\Documents\coding\ekyc-face-pad\data\raw\celeba_spoof\SpoofingData\012276.jpg,012276,photo,1,0.9749762415885925,1,1
C:\Users\Zander Truong\Documents\coding\ekyc-face-pad\data\raw\celeba_spoof\SpoofingData\012442.jpg,012442,bona_fide,0,0.16562803089618683,0,1
C:\Users\Zander Truong\Documents\coding\ekyc-face-pad\data\raw\celeba_spoof\SpoofingData\005487.jpg,005487,photo,1,0.9275367259979248,1,1
C:\Users\Zander Truong\Documents\coding\ekyc-face-pad\data\raw\celeba_spoof\SpoofingData\009877.jpg,009877,bona_fide,0,0.05764200538396835,0,1
C:\Users\Zander Truong\Documents\coding\ekyc-face-pad\data\raw\celeba_spoof\SpoofingData\010964.jpg,010964,photo,1,0.8728418350219727,1,1
C:\Users\Zander Truong\Documents\coding\ekyc-face-pad\data\raw\celeba_spoof\SpoofingData\003524.jpg,003524,photo,1,0.8777652978897095,1,1
C:\Users\Zander Truong\Documents\coding\ekyc-face-pad\data\raw\celeba_spoof\SpoofingData\001763.jpg,001763,photo,1,0.9565929174423218,1,1
C:\Users\Zander Truong\Documents\coding\ekyc-face-pad\data\raw\celeba_spoof\SpoofingData\016383.jpg,016383,photo,1,0.9982750415802002,1,1
C:\Users\Zander Truong\Documents\coding\ekyc-face-pad\data\raw\celeba_spoof\SpoofingData\013685.jpg,013685,photo,1,0.7527557611465454,1,1
C:\Users\Zander Truong\Documents\coding\ekyc-face-pad\data\raw\celeba_spoof\SpoofingData\008146.jpg,008146,photo,1,0.9954521059989929,1,1
C:\Users\Zander Truong\Documents\coding\ekyc-face-pad\data\raw\celeba_spoof\SpoofingData\004808.jpg,004808,photo,1,0.9598211050033569,1,1
C:\Users\Zander Truong\Documents\coding\ekyc-face-pad\data\raw\celeba_spoof\SpoofingData\001173.jpg,001173,photo,1,0.9806393980979919,1,1
C:\Users\Zander Truong\Documents\coding\ekyc-face-pad\data\raw\celeba_spoof\SpoofingData\005140.jpg,005140,photo,1,0.9398581385612488,1,1
C:\Users\Zander Truong\Documents\coding\ekyc-face-pad\data\raw\celeba_spoof\SpoofingData\003150.jpg,003150,bona_fide,0,0.16852542757987976,0,1
C:\Users\Zander Truong\Documents\coding\ekyc-face-pad\data\raw\celeba_spoof\SpoofingData\001919.jpg,001919,bona_fide,0,0.04810772091150284,0,1
C:\Users\Zander Truong\Documents\coding\ekyc-face-pad\data\raw\celeba_spoof\SpoofingData\014187.jpg,014187,bona_fide,0,0.013366532512009144,0,1
C:\Users\Zander Truong\Documents\coding\ekyc-face-pad\data\raw\celeba_spoof\SpoofingData\014037.jpg,014037,photo,1,0.9823828935623169,1,1
C:\Users\Zander Truong\Documents\coding\ekyc-face-pad\data\raw\celeba_spoof\SpoofingData\004412.jpg,004412,photo,1,0.9907240271568298,1,1
C:\Users\Zander Truong\Documents\coding\ekyc-face-pad\data\raw\celeba_spoof\SpoofingData\000086.jpg,000086,photo,1,0.1600431203842163,0,0
C:\Users\Zander Truong\Documents\coding\ekyc-face-pad\data\raw\celeba_spoof\SpoofingData\012279.jpg,012279,bona_fide,0,0.18741939961910248,0,1
C:\Users\Zander Truong\Documents\coding\ekyc-face-pad\data\raw\celeba_spoof\SpoofingData\002795.jpg,002795,photo,1,0.4046139121055603,0,0
C:\Users\Zander Truong\Documents\coding\ekyc-face-pad\data\raw\celeba_spoof\SpoofingData\012165.jpg,012165,bona_fide,0,0.06418690830469131,0,1
C:\Users\Zander Truong\Documents\coding\ekyc-face-pad\data\raw\celeba_spoof\SpoofingData\005538.jpg,005538,photo,1,0.9828959703445435,1,1
C:\Users\Zander Truong\Documents\coding\ekyc-face-pad\data\raw\celeba_spoof\SpoofingData\017769.jpg,017769,bona_fide,0,0.010807299055159092,0,1
C:\Users\Zander Truong\Documents\coding\ekyc-face-pad\data\raw\celeba_spoof\SpoofingData\000569.jpg,000569,bona_fide,0,0.09985749423503876,0,1
C:\Users\Zander Truong\Documents\coding\ekyc-face-pad\data\raw\celeba_spoof\SpoofingData\011790.jpg,011790,photo,1,0.9790267944335938,1,1
C:\Users\Zander Truong\Documents\coding\ekyc-face-pad\data\raw\celeba_spoof\SpoofingData\014740.jpg,014740,bona_fide,0,0.005127967335283756,0,1
C:\Users\Zander Truong\Documents\coding\ekyc-face-pad\data\raw\celeba_spoof\SpoofingData\003823.jpg,003823,bona_fide,0,0.4095771312713623,0,1
C:\Users\Zander Truong\Documents\coding\ekyc-face-pad\data\raw\celeba_spoof\SpoofingData\001238.jpg,001238,photo,1,0.9386345744132996,1,1
C:\Users\Zander Truong\Documents\coding\ekyc-face-pad\data\raw\celeba_spoof\SpoofingData\001237.jpg,001237,photo,1,0.9911623001098633,1,1
C:\Users\Zander Truong\Documents\coding\ekyc-face-pad\data\raw\celeba_spoof\SpoofingData\002843.jpg,002843,photo,1,0.5044047236442566,1,1
C:\Users\Zander Truong\Documents\coding\ekyc-face-pad\data\raw\celeba_spoof\SpoofingData\014877.jpg,014877,photo,1,0.7365974187850952,1,1
C:\Users\Zander Truong\Documents\coding\ekyc-face-pad\data\raw\celeba_spoof\SpoofingData\007221.jpg,007221,photo,1,0.5257302522659302,1,1
C:\Users\Zander Truong\Documents\coding\ekyc-face-pad\data\raw\celeba_spoof\SpoofingData\006061.jpg,006061,photo,1,0.9770594239234924,1,1
C:\Users\Zander Truong\Documents\coding\ekyc-face-pad\data\raw\celeba_spoof\SpoofingData\015155.jpg,015155,photo,1,0.6650556325912476,1,1
C:\Users\Zander Truong\Documents\coding\ekyc-face-pad\data\raw\celeba_spoof\SpoofingData\001935.jpg,001935,photo,1,0.6031286120414734,1,1
C:\Users\Zander Truong\Documents\coding\ekyc-face-pad\data\raw\celeba_spoof\SpoofingData\013403.jpg,013403,bona_fide,0,0.48518645763397217,0,1
C:\Users\Zander Truong\Documents\coding\ekyc-face-pad\data\raw\celeba_spoof\SpoofingData\001801.jpg,001801,photo,1,0.7468507289886475,1,1
C:\Users\Zander Truong\Documents\coding\ekyc-face-pad\data\raw\celeba_spoof\SpoofingData\014262.jpg,014262,photo,1,0.9793074727058411,1,1
C:\Users\Zander Truong\Documents\coding\ekyc-face-pad\data\raw\celeba_spoof\SpoofingData\005250.jpg,005250,photo,1,0.9839527010917664,1,1
C:\Users\Zander Truong\Documents\coding\ekyc-face-pad\data\raw\celeba_spoof\SpoofingData\007548.jpg,007548,photo,1,0.9897929430007935,1,1
C:\Users\Zander Truong\Documents\coding\ekyc-face-pad\data\raw\celeba_spoof\SpoofingData\017822.jpg,017822,bona_fide,0,0.021331235766410828,0,1
C:\Users\Zander Truong\Documents\coding\ekyc-face-pad\data\raw\celeba_spoof\SpoofingData\010367.jpg,010367,bona_fide,0,0.014204886741936207,0,1
C:\Users\Zander Truong\Documents\coding\ekyc-face-pad\data\raw\celeba_spoof\SpoofingData\007584.jpg,007584,photo,1,0.990418016910553,1,1
C:\Users\Zander Truong\Documents\coding\ekyc-face-pad\data\raw\celeba_spoof\SpoofingData\012019.jpg,012019,photo,1,0.9865304827690125,1,1
C:\Users\Zander Truong\Documents\coding\ekyc-face-pad\data\raw\celeba_spoof\SpoofingData\003330.jpg,003330,photo,1,0.8902727961540222,1,1
C:\Users\Zander Truong\Documents\coding\ekyc-face-pad\data\raw\celeba_spoof\SpoofingData\012332.jpg,012332,photo,1,0.9473632574081421,1,1
C:\Users\Zander Truong\Documents\coding\ekyc-face-pad\data\raw\celeba_spoof\SpoofingData\014951.jpg,014951,photo,1,0.9896557331085205,1,1
C:\Users\Zander Truong\Documents\coding\ekyc-face-pad\data\raw\celeba_spoof\SpoofingData\012769.jpg,012769,photo,1,0.9939801692962646,1,1
C:\Users\Zander Truong\Documents\coding\ekyc-face-pad\data\raw\celeba_spoof\SpoofingData\011630.jpg,011630,photo,1,0.9371563196182251,1,1
C:\Users\Zander Truong\Documents\coding\ekyc-face-pad\data\raw\celeba_spoof\SpoofingData\000889.jpg,000889,photo,1,0.8129810690879822,1,1
C:\Users\Zander Truong\Documents\coding\ekyc-face-pad\data\raw\celeba_spoof\SpoofingData\008257.jpg,008257,photo,1,0.9021087288856506,1,1
C:\Users\Zander Truong\Documents\coding\ekyc-face-pad\data\raw\celeba_spoof\SpoofingData\015059.jpg,015059,photo,1,0.5047699809074402,1,1
C:\Users\Zander Truong\Documents\coding\ekyc-face-pad\data\raw\celeba_spoof\SpoofingData\009966.jpg,009966,photo,1,0.7643253803253174,1,1
C:\Users\Zander Truong\Documents\coding\ekyc-face-pad\data\raw\celeba_spoof\SpoofingData\002397.jpg,002397,photo,1,0.9030608534812927,1,1
C:\Users\Zander Truong\Documents\coding\ekyc-face-pad\data\raw\celeba_spoof\SpoofingData\001642.jpg,001642,photo,1,0.9288687109947205,1,1
C:\Users\Zander Truong\Documents\coding\ekyc-face-pad\data\raw\celeba_spoof\SpoofingData\013828.jpg,013828,photo,1,0.44769173860549927,0,0
C:\Users\Zander Truong\Documents\coding\ekyc-face-pad\data\raw\celeba_spoof\SpoofingData\008722.jpg,008722,bona_fide,0,0.09667649120092392,0,1
C:\Users\Zander Truong\Documents\coding\ekyc-face-pad\data\raw\celeba_spoof\SpoofingData\003316.jpg,003316,bona_fide,0,0.5583500266075134,1,0
C:\Users\Zander Truong\Documents\coding\ekyc-face-pad\data\raw\celeba_spoof\SpoofingData\004001.jpg,004001,photo,1,0.9974772334098816,1,1
C:\Users\Zander Truong\Documents\coding\ekyc-face-pad\data\raw\celeba_spoof\SpoofingData\005061.jpg,005061,bona_fide,0,0.03991347923874855,0,1
C:\Users\Zander Truong\Documents\coding\ekyc-face-pad\data\raw\celeba_spoof\SpoofingData\001811.jpg,001811,photo,1,0.9379419684410095,1,1
C:\Users\Zander Truong\Documents\coding\ekyc-face-pad\data\raw\celeba_spoof\SpoofingData\011312.jpg,011312,photo,1,0.9784296751022339,1,1
C:\Users\Zander Truong\Documents\coding\ekyc-face-pad\data\raw\celeba_spoof\SpoofingData\011063.jpg,011063,bona_fide,0,0.13858437538146973,0,1
C:\Users\Zander Truong\Documents\coding\ekyc-face-pad\data\raw\celeba_spoof\SpoofingData\000390.jpg,000390,photo,1,0.927611231803894,1,1
C:\Users\Zander Truong\Documents\coding\ekyc-face-pad\data\raw\celeba_spoof\SpoofingData\000834.jpg,000834,photo,1,0.9827587008476257,1,1
C:\Users\Zander Truong\Documents\coding\ekyc-face-pad\data\raw\celeba_spoof\SpoofingData\000606.jpg,000606,photo,1,0.9850249886512756,1,1
C:\Users\Zander Truong\Documents\coding\ekyc-face-pad\data\raw\celeba_spoof\SpoofingData\004276.jpg,004276,photo,1,0.9552785754203796,1,1
C:\Users\Zander Truong\Documents\coding\ekyc-face-pad\data\raw\celeba_spoof\SpoofingData\009704.jpg,009704,photo,1,0.9227713346481323,1,1
C:\Users\Zander Truong\Documents\coding\ekyc-face-pad\data\raw\celeba_spoof\SpoofingData\001155.jpg,001155,photo,1,0.9492318630218506,1,1
C:\Users\Zander Truong\Documents\coding\ekyc-face-pad\data\raw\celeba_spoof\SpoofingData\006181.jpg,006181,bona_fide,0,0.03836153447628021,0,1
C:\Users\Zander Truong\Documents\coding\ekyc-face-pad\data\raw\celeba_spoof\SpoofingData\005464.jpg,005464,photo,1,0.7450712323188782,1,1
C:\Users\Zander Truong\Documents\coding\ekyc-face-pad\data\raw\celeba_spoof\SpoofingData\001800.jpg,001800,photo,1,0.938746452331543,1,1
C:\Users\Zander Truong\Documents\coding\ekyc-face-pad\data\raw\celeba_spoof\SpoofingData\017417.jpg,017417,photo,1,0.9925529360771179,1,1
C:\Users\Zander Truong\Documents\coding\ekyc-face-pad\data\raw\celeba_spoof\SpoofingData\013198.jpg,013198,bona_fide,0,0.10114132612943649,0,1
C:\Users\Zander Truong\Documents\coding\ekyc-face-pad\data\raw\celeba_spoof\SpoofingData\007995.jpg,007995,photo,1,0.9808012843132019,1,1
C:\Users\Zander Truong\Documents\coding\ekyc-face-pad\data\raw\celeba_spoof\SpoofingData\004713.jpg,004713,bona_fide,0,0.05384701117873192,0,1
C:\Users\Zander Truong\Documents\coding\ekyc-face-pad\data\raw\celeba_spoof\SpoofingData\008420.jpg,008420,photo,1,0.9716920852661133,1,1
C:\Users\Zander Truong\Documents\coding\ekyc-face-pad\data\raw\celeba_spoof\SpoofingData\009951.jpg,009951,photo,1,0.5567871332168579,1,1
C:\Users\Zander Truong\Documents\coding\ekyc-face-pad\data\raw\celeba_spoof\SpoofingData\008701.jpg,008701,photo,1,0.8826315402984619,1,1
C:\Users\Zander Truong\Documents\coding\ekyc-face-pad\data\raw\celeba_spoof\SpoofingData\007515.jpg,007515,photo,1,0.9883171916007996,1,1
C:\Users\Zander Truong\Documents\coding\ekyc-face-pad\data\raw\celeba_spoof\SpoofingData\000097.jpg,000097,bona_fide,0,0.004151472356170416,0,1
C:\Users\Zander Truong\Documents\coding\ekyc-face-pad\data\raw\celeba_spoof\SpoofingData\014611.jpg,014611,photo,1,0.9420139789581299,1,1
C:\Users\Zander Truong\Documents\coding\ekyc-face-pad\data\raw\celeba_spoof\SpoofingData\004900.jpg,004900,bona_fide,0,0.5396451354026794,1,0
C:\Users\Zander Truong\Documents\coding\ekyc-face-pad\data\raw\celeba_spoof\SpoofingData\008124.jpg,008124,photo,1,0.9239938855171204,1,1
C:\Users\Zander Truong\Documents\coding\ekyc-face-pad\data\raw\celeba_spoof\SpoofingData\008507.jpg,008507,bona_fide,0,0.6609174013137817,1,0
C:\Users\Zander Truong\Documents\coding\ekyc-face-pad\data\raw\celeba_spoof\SpoofingData\007677.jpg,007677,bona_fide,0,0.003320802003145218,0,1
C:\Users\Zander Truong\Documents\coding\ekyc-face-pad\data\raw\celeba_spoof\SpoofingData\008238.jpg,008238,photo,1,0.9902363419532776,1,1
C:\Users\Zander Truong\Documents\coding\ekyc-face-pad\data\raw\celeba_spoof\SpoofingData\010511.jpg,010511,photo,1,0.9494470953941345,1,1
C:\Users\Zander Truong\Documents\coding\ekyc-face-pad\data\raw\celeba_spoof\SpoofingData\007209.jpg,007209,photo,1,0.970801591873169,1,1
C:\Users\Zander Truong\Documents\coding\ekyc-face-pad\data\raw\celeba_spoof\SpoofingData\011657.jpg,011657,bona_fide,0,0.0879468321800232,0,1
C:\Users\Zander Truong\Documents\coding\ekyc-face-pad\data\raw\celeba_spoof\SpoofingData\002057.jpg,002057,bona_fide,0,0.025884831324219704,0,1
C:\Users\Zander Truong\Documents\coding\ekyc-face-pad\data\raw\celeba_spoof\SpoofingData\003597.jpg,003597,bona_fide,0,0.24455830454826355,0,1
C:\Users\Zander Truong\Documents\coding\ekyc-face-pad\data\raw\celeba_spoof\SpoofingData\004772.jpg,004772,photo,1,0.9037671089172363,1,1
C:\Users\Zander Truong\Documents\coding\ekyc-face-pad\data\raw\celeba_spoof\SpoofingData\017063.jpg,017063,bona_fide,0,0.0460989736020565,0,1
C:\Users\Zander Truong\Documents\coding\ekyc-face-pad\data\raw\celeba_spoof\SpoofingData\017028.jpg,017028,bona_fide,0,0.0808897614479065,0,1
C:\Users\Zander Truong\Documents\coding\ekyc-face-pad\data\raw\celeba_spoof\SpoofingData\012081.jpg,012081,bona_fide,0,0.564299464225769,1,0
C:\Users\Zander Truong\Documents\coding\ekyc-face-pad\data\raw\celeba_spoof\SpoofingData\001216.jpg,001216,photo,1,0.7868255376815796,1,1
C:\Users\Zander Truong\Documents\coding\ekyc-face-pad\data\raw\celeba_spoof\SpoofingData\007834.jpg,007834,bona_fide,0,0.1967460960149765,0,1
C:\Users\Zander Truong\Documents\coding\ekyc-face-pad\data\raw\celeba_spoof\SpoofingData\007143.jpg,007143,photo,1,0.7758241295814514,1,1
C:\Users\Zander Truong\Documents\coding\ekyc-face-pad\data\raw\celeba_spoof\SpoofingData\005952.jpg,005952,photo,1,0.8881282210350037,1,1
C:\Users\Zander Truong\Documents\coding\ekyc-face-pad\data\raw\celeba_spoof\SpoofingData\011787.jpg,011787,photo,1,0.9405162334442139,1,1
C:\Users\Zander Truong\Documents\coding\ekyc-face-pad\data\raw\celeba_spoof\SpoofingData\015909.jpg,015909,bona_fide,0,0.07785121351480484,0,1
C:\Users\Zander Truong\Documents\coding\ekyc-face-pad\data\raw\celeba_spoof\SpoofingData\012667.jpg,012667,bona_fide,0,0.6252691745758057,1,0
C:\Users\Zander Truong\Documents\coding\ekyc-face-pad\data\raw\celeba_spoof\SpoofingData\017419.jpg,017419,bona_fide,0,0.01872914470732212,0,1
C:\Users\Zander Truong\Documents\coding\ekyc-face-pad\data\raw\celeba_spoof\SpoofingData\006990.jpg,006990,photo,1,0.42587676644325256,0,0
C:\Users\Zander Truong\Documents\coding\ekyc-face-pad\data\raw\celeba_spoof\SpoofingData\003611.jpg,003611,photo,1,0.9498285055160522,1,1
C:\Users\Zander Truong\Documents\coding\ekyc-face-pad\data\raw\celeba_spoof\SpoofingData\008095.jpg,008095,bona_fide,0,0.8908008933067322,1,0
C:\Users\Zander Truong\Documents\coding\ekyc-face-pad\data\raw\celeba_spoof\SpoofingData\012098.jpg,012098,photo,1,0.9359134435653687,1,1
C:\Users\Zander Truong\Documents\coding\ekyc-face-pad\data\raw\celeba_spoof\SpoofingData\014477.jpg,014477,photo,1,0.8541030287742615,1,1
C:\Users\Zander Truong\Documents\coding\ekyc-face-pad\data\raw\celeba_spoof\SpoofingData\012247.jpg,012247,bona_fide,0,0.41684091091156006,0,1
C:\Users\Zander Truong\Documents\coding\ekyc-face-pad\data\raw\celeba_spoof\SpoofingData\009515.jpg,009515,photo,1,0.9967775940895081,1,1
C:\Users\Zander Truong\Documents\coding\ekyc-face-pad\data\raw\celeba_spoof\SpoofingData\014471.jpg,014471,bona_fide,0,0.08757054060697556,0,1
C:\Users\Zander Truong\Documents\coding\ekyc-face-pad\data\raw\celeba_spoof\SpoofingData\007963.jpg,007963,photo,1,0.9938229322433472,1,1
C:\Users\Zander Truong\Documents\coding\ekyc-face-pad\data\raw\celeba_spoof\SpoofingData\007545.jpg,007545,photo,1,0.9979787468910217,1,1
C:\Users\Zander Truong\Documents\coding\ekyc-face-pad\data\raw\celeba_spoof\SpoofingData\012463.jpg,012463,photo,1,0.9849697351455688,1,1
C:\Users\Zander Truong\Documents\coding\ekyc-face-pad\data\raw\celeba_spoof\SpoofingData\006248.jpg,006248,bona_fide,0,0.715922474861145,1,0
C:\Users\Zander Truong\Documents\coding\ekyc-face-pad\data\raw\celeba_spoof\SpoofingData\003315.jpg,003315,photo,1,0.2113160640001297,0,0
C:\Users\Zander Truong\Documents\coding\ekyc-face-pad\data\raw\celeba_spoof\SpoofingData\008980.jpg,008980,photo,1,0.33477234840393066,0,0
C:\Users\Zander Truong\Documents\coding\ekyc-face-pad\data\raw\celeba_spoof\SpoofingData\001156.jpg,001156,bona_fide,0,0.03736906126141548,0,1
C:\Users\Zander Truong\Documents\coding\ekyc-face-pad\data\raw\celeba_spoof\SpoofingData\006603.jpg,006603,photo,1,0.9594628810882568,1,1
C:\Users\Zander Truong\Documents\coding\ekyc-face-pad\data\raw\celeba_spoof\SpoofingData\005689.jpg,005689,photo,1,0.8068163394927979,1,1
C:\Users\Zander Truong\Documents\coding\ekyc-face-pad\data\raw\celeba_spoof\SpoofingData\017604.jpg,017604,bona_fide,0,0.08047446608543396,0,1
C:\Users\Zander Truong\Documents\coding\ekyc-face-pad\data\raw\celeba_spoof\SpoofingData\009307.jpg,009307,photo,1,0.9461665153503418,1,1
C:\Users\Zander Truong\Documents\coding\ekyc-face-pad\data\raw\celeba_spoof\SpoofingData\013922.jpg,013922,photo,1,0.9516277313232422,1,1
C:\Users\Zander Truong\Documents\coding\ekyc-face-pad\data\raw\celeba_spoof\SpoofingData\003118.jpg,003118,photo,1,0.9862757921218872,1,1
C:\Users\Zander Truong\Documents\coding\ekyc-face-pad\data\raw\celeba_spoof\SpoofingData\001191.jpg,001191,bona_fide,0,0.1845376342535019,0,1
C:\Users\Zander Truong\Documents\coding\ekyc-face-pad\data\raw\celeba_spoof\SpoofingData\001206.jpg,001206,photo,1,0.32642361521720886,0,0
C:\Users\Zander Truong\Documents\coding\ekyc-face-pad\data\raw\celeba_spoof\SpoofingData\006148.jpg,006148,photo,1,0.9275631308555603,1,1
C:\Users\Zander Truong\Documents\coding\ekyc-face-pad\data\raw\celeba_spoof\SpoofingData\007719.jpg,007719,bona_fide,0,0.0064787049777805805,0,1
C:\Users\Zander Truong\Documents\coding\ekyc-face-pad\data\raw\celeba_spoof\SpoofingData\004047.jpg,004047,bona_fide,0,0.013726443983614445,0,1
C:\Users\Zander Truong\Documents\coding\ekyc-face-pad\data\raw\celeba_spoof\SpoofingData\015505.jpg,015505,photo,1,0.9959895014762878,1,1
C:\Users\Zander Truong\Documents\coding\ekyc-face-pad\data\raw\celeba_spoof\SpoofingData\012224.jpg,012224,photo,1,0.8042371869087219,1,1
C:\Users\Zander Truong\Documents\coding\ekyc-face-pad\data\raw\celeba_spoof\SpoofingData\011782.jpg,011782,photo,1,0.9708002209663391,1,1
C:\Users\Zander Truong\Documents\coding\ekyc-face-pad\data\raw\celeba_spoof\SpoofingData\010549.jpg,010549,photo,1,0.9852672815322876,1,1
C:\Users\Zander Truong\Documents\coding\ekyc-face-pad\data\raw\celeba_spoof\SpoofingData\016060.jpg,016060,photo,1,0.898282527923584,1,1
C:\Users\Zander Truong\Documents\coding\ekyc-face-pad\data\raw\celeba_spoof\SpoofingData\008022.jpg,008022,bona_fide,0,0.10317569226026535,0,1
C:\Users\Zander Truong\Documents\coding\ekyc-face-pad\data\raw\celeba_spoof\SpoofingData\001293.jpg,001293,photo,1,0.977493166923523,1,1
C:\Users\Zander Truong\Documents\coding\ekyc-face-pad\data\raw\celeba_spoof\SpoofingData\006581.jpg,006581,bona_fide,0,0.0152834951877594,0,1
C:\Users\Zander Truong\Documents\coding\ekyc-face-pad\data\raw\celeba_spoof\SpoofingData\009562.jpg,009562,photo,1,0.937943696975708,1,1
C:\Users\Zander Truong\Documents\coding\ekyc-face-pad\data\raw\celeba_spoof\SpoofingData\000923.jpg,000923,bona_fide,0,0.18175065517425537,0,1
C:\Users\Zander Truong\Documents\coding\ekyc-face-pad\data\raw\celeba_spoof\SpoofingData\014883.jpg,014883,bona_fide,0,0.020107844844460487,0,1
C:\Users\Zander Truong\Documents\coding\ekyc-face-pad\data\raw\celeba_spoof\SpoofingData\016567.jpg,016567,bona_fide,0,0.29682233929634094,0,1
C:\Users\Zander Truong\Documents\coding\ekyc-face-pad\data\raw\celeba_spoof\SpoofingData\004926.jpg,004926,photo,1,0.4915630519390106,0,0
C:\Users\Zander Truong\Documents\coding\ekyc-face-pad\data\raw\celeba_spoof\SpoofingData\015428.jpg,015428,photo,1,0.8044037818908691,1,1
C:\Users\Zander Truong\Documents\coding\ekyc-face-pad\data\raw\celeba_spoof\SpoofingData\017178.jpg,017178,photo,1,0.6156242489814758,1,1
C:\Users\Zander Truong\Documents\coding\ekyc-face-pad\data\raw\celeba_spoof\SpoofingData\011449.jpg,011449,photo,1,0.5569661855697632,1,1
C:\Users\Zander Truong\Documents\coding\ekyc-face-pad\data\raw\celeba_spoof\SpoofingData\007913.jpg,007913,bona_fide,0,0.8626700639724731,1,0
C:\Users\Zander Truong\Documents\coding\ekyc-face-pad\data\raw\celeba_spoof\SpoofingData\002187.jpg,002187,bona_fide,0,0.09944655746221542,0,1
C:\Users\Zander Truong\Documents\coding\ekyc-face-pad\data\raw\celeba_spoof\SpoofingData\001403.jpg,001403,photo,1,0.9918341636657715,1,1
C:\Users\Zander Truong\Documents\coding\ekyc-face-pad\data\raw\celeba_spoof\SpoofingData\005208.jpg,005208,photo,1,0.9799172282218933,1,1
C:\Users\Zander Truong\Documents\coding\ekyc-face-pad\data\raw\celeba_spoof\SpoofingData\003702.jpg,003702,photo,1,0.19857056438922882,0,0
C:\Users\Zander Truong\Documents\coding\ekyc-face-pad\data\raw\celeba_spoof\SpoofingData\004651.jpg,004651,bona_fide,0,0.01614668220281601,0,1
C:\Users\Zander Truong\Documents\coding\ekyc-face-pad\data\raw\celeba_spoof\SpoofingData\017941.jpg,017941,photo,1,0.9898294806480408,1,1
C:\Users\Zander Truong\Documents\coding\ekyc-face-pad\data\raw\celeba_spoof\SpoofingData\011401.jpg,011401,photo,1,0.8733661770820618,1,1
C:\Users\Zander Truong\Documents\coding\ekyc-face-pad\data\raw\celeba_spoof\SpoofingData\009854.jpg,009854,photo,1,0.9955031275749207,1,1
C:\Users\Zander Truong\Documents\coding\ekyc-face-pad\data\raw\celeba_spoof\SpoofingData\004490.jpg,004490,bona_fide,0,0.08166700601577759,0,1
C:\Users\Zander Truong\Documents\coding\ekyc-face-pad\data\raw\celeba_spoof\SpoofingData\004353.jpg,004353,photo,1,0.9893474578857422,1,1
C:\Users\Zander Truong\Documents\coding\ekyc-face-pad\data\raw\celeba_spoof\SpoofingData\016405.jpg,016405,photo,1,0.9931471943855286,1,1
C:\Users\Zander Truong\Documents\coding\ekyc-face-pad\data\raw\celeba_spoof\SpoofingData\008230.jpg,008230,photo,1,0.928619384765625,1,1
C:\Users\Zander Truong\Documents\coding\ekyc-face-pad\data\raw\celeba_spoof\SpoofingData\006102.jpg,006102,photo,1,0.8159856200218201,1,1
C:\Users\Zander Truong\Documents\coding\ekyc-face-pad\data\raw\celeba_spoof\SpoofingData\017436.jpg,017436,photo,1,0.9581487774848938,1,1
C:\Users\Zander Truong\Documents\coding\ekyc-face-pad\data\raw\celeba_spoof\SpoofingData\002892.jpg,002892,photo,1,0.3978767693042755,0,0
C:\Users\Zander Truong\Documents\coding\ekyc-face-pad\data\raw\celeba_spoof\SpoofingData\010902.jpg,010902,photo,1,0.9489954113960266,1,1
C:\Users\Zander Truong\Documents\coding\ekyc-face-pad\data\raw\celeba_spoof\SpoofingData\004322.jpg,004322,photo,1,0.7891223430633545,1,1
C:\Users\Zander Truong\Documents\coding\ekyc-face-pad\data\raw\celeba_spoof\SpoofingData\003752.jpg,003752,photo,1,0.9785481691360474,1,1
C:\Users\Zander Truong\Documents\coding\ekyc-face-pad\data\raw\celeba_spoof\SpoofingData\012097.jpg,012097,photo,1,0.9802263975143433,1,1
C:\Users\Zander Truong\Documents\coding\ekyc-face-pad\data\raw\celeba_spoof\SpoofingData\015938.jpg,015938,bona_fide,0,0.14207103848457336,0,1
C:\Users\Zander Truong\Documents\coding\ekyc-face-pad\data\raw\celeba_spoof\SpoofingData\006712.jpg,006712,photo,1,0.9702391624450684,1,1
C:\Users\Zander Truong\Documents\coding\ekyc-face-pad\data\raw\celeba_spoof\SpoofingData\007113.jpg,007113,photo,1,0.8557869791984558,1,1
C:\Users\Zander Truong\Documents\coding\ekyc-face-pad\data\raw\celeba_spoof\SpoofingData\012140.jpg,012140,bona_fide,0,0.3811313509941101,0,1
C:\Users\Zander Truong\Documents\coding\ekyc-face-pad\data\raw\celeba_spoof\SpoofingData\009753.jpg,009753,bona_fide,0,0.3511717617511749,0,1
C:\Users\Zander Truong\Documents\coding\ekyc-face-pad\data\raw\celeba_spoof\SpoofingData\004776.jpg,004776,photo,1,0.9679144620895386,1,1
C:\Users\Zander Truong\Documents\coding\ekyc-face-pad\data\raw\celeba_spoof\SpoofingData\015301.jpg,015301,photo,1,0.7897645831108093,1,1
C:\Users\Zander Truong\Documents\coding\ekyc-face-pad\data\raw\celeba_spoof\SpoofingData\010473.jpg,010473,photo,1,0.9567126631736755,1,1
C:\Users\Zander Truong\Documents\coding\ekyc-face-pad\data\raw\celeba_spoof\SpoofingData\001149.jpg,001149,photo,1,0.9484570026397705,1,1
C:\Users\Zander Truong\Documents\coding\ekyc-face-pad\data\raw\celeba_spoof\SpoofingData\016907.jpg,016907,photo,1,0.656897783279419,1,1
C:\Users\Zander Truong\Documents\coding\ekyc-face-pad\data\raw\celeba_spoof\SpoofingData\003933.jpg,003933,bona_fide,0,0.1792527735233307,0,1
C:\Users\Zander Truong\Documents\coding\ekyc-face-pad\data\raw\celeba_spoof\SpoofingData\015145.jpg,015145,bona_fide,0,0.06558220833539963,0,1
C:\Users\Zander Truong\Documents\coding\ekyc-face-pad\data\raw\celeba_spoof\SpoofingData\016582.jpg,016582,photo,1,0.9449816942214966,1,1
C:\Users\Zander Truong\Documents\coding\ekyc-face-pad\data\raw\celeba_spoof\SpoofingData\010563.jpg,010563,photo,1,0.9719931483268738,1,1
C:\Users\Zander Truong\Documents\coding\ekyc-face-pad\data\raw\celeba_spoof\SpoofingData\003526.jpg,003526,photo,1,0.9960094690322876,1,1
C:\Users\Zander Truong\Documents\coding\ekyc-face-pad\data\raw\celeba_spoof\SpoofingData\009794.jpg,009794,bona_fide,0,0.006765494588762522,0,1
C:\Users\Zander Truong\Documents\coding\ekyc-face-pad\data\raw\celeba_spoof\SpoofingData\007314.jpg,007314,photo,1,0.9909141063690186,1,1
C:\Users\Zander Truong\Documents\coding\ekyc-face-pad\data\raw\celeba_spoof\SpoofingData\009567.jpg,009567,photo,1,0.9778485894203186,1,1
C:\Users\Zander Truong\Documents\coding\ekyc-face-pad\data\raw\celeba_spoof\SpoofingData\001815.jpg,001815,photo,1,0.9764825105667114,1,1
C:\Users\Zander Truong\Documents\coding\ekyc-face-pad\data\raw\celeba_spoof\SpoofingData\010303.jpg,010303,bona_fide,0,0.5914106369018555,1,0
C:\Users\Zander Truong\Documents\coding\ekyc-face-pad\data\raw\celeba_spoof\SpoofingData\008024.jpg,008024,photo,1,0.8650848865509033,1,1
C:\Users\Zander Truong\Documents\coding\ekyc-face-pad\data\raw\celeba_spoof\SpoofingData\005317.jpg,005317,bona_fide,0,0.9751429557800293,1,0
C:\Users\Zander Truong\Documents\coding\ekyc-face-pad\data\raw\celeba_spoof\SpoofingData\010176.jpg,010176,photo,1,0.9947966933250427,1,1
C:\Users\Zander Truong\Documents\coding\ekyc-face-pad\data\raw\celeba_spoof\SpoofingData\007749.jpg,007749,photo,1,0.9897186756134033,1,1
C:\Users\Zander Truong\Documents\coding\ekyc-face-pad\data\raw\celeba_spoof\SpoofingData\000041.jpg,000041,photo,1,0.7470896244049072,1,1
C:\Users\Zander Truong\Documents\coding\ekyc-face-pad\data\raw\celeba_spoof\SpoofingData\014305.jpg,014305,photo,1,0.8282486200332642,1,1
C:\Users\Zander Truong\Documents\coding\ekyc-face-pad\data\raw\celeba_spoof\SpoofingData\000286.jpg,000286,bona_fide,0,0.06172924116253853,0,1
C:\Users\Zander Truong\Documents\coding\ekyc-face-pad\data\raw\celeba_spoof\SpoofingData\012788.jpg,012788,bona_fide,0,0.49439048767089844,0,1
C:\Users\Zander Truong\Documents\coding\ekyc-face-pad\data\raw\celeba_spoof\SpoofingData\005858.jpg,005858,photo,1,0.878975510597229,1,1
C:\Users\Zander Truong\Documents\coding\ekyc-face-pad\data\raw\celeba_spoof\SpoofingData\011378.jpg,011378,photo,1,0.918056070804596,1,1
C:\Users\Zander Truong\Documents\coding\ekyc-face-pad\data\raw\celeba_spoof\SpoofingData\001361.jpg,001361,photo,1,0.9820793867111206,1,1
C:\Users\Zander Truong\Documents\coding\ekyc-face-pad\data\raw\celeba_spoof\SpoofingData\017151.jpg,017151,bona_fide,0,0.27154821157455444,0,1
C:\Users\Zander Truong\Documents\coding\ekyc-face-pad\data\raw\celeba_spoof\SpoofingData\016274.jpg,016274,photo,1,0.9832661151885986,1,1
C:\Users\Zander Truong\Documents\coding\ekyc-face-pad\data\raw\celeba_spoof\SpoofingData\003334.jpg,003334,bona_fide,0,0.10014308243989944,0,1
C:\Users\Zander Truong\Documents\coding\ekyc-face-pad\data\raw\celeba_spoof\SpoofingData\009393.jpg,009393,bona_fide,0,0.11921418458223343,0,1
C:\Users\Zander Truong\Documents\coding\ekyc-face-pad\data\raw\celeba_spoof\SpoofingData\002202.jpg,002202,photo,1,0.980073869228363,1,1
C:\Users\Zander Truong\Documents\coding\ekyc-face-pad\data\raw\celeba_spoof\SpoofingData\010714.jpg,010714,bona_fide,0,0.12707678973674774,0,1
C:\Users\Zander Truong\Documents\coding\ekyc-face-pad\data\raw\celeba_spoof\SpoofingData\002663.jpg,002663,photo,1,0.6781349182128906,1,1
C:\Users\Zander Truong\Documents\coding\ekyc-face-pad\data\raw\celeba_spoof\SpoofingData\004465.jpg,004465,photo,1,0.9342331886291504,1,1
C:\Users\Zander Truong\Documents\coding\ekyc-face-pad\data\raw\celeba_spoof\SpoofingData\015860.jpg,015860,bona_fide,0,0.0030701083596795797,0,1
C:\Users\Zander Truong\Documents\coding\ekyc-face-pad\data\raw\celeba_spoof\SpoofingData\015827.jpg,015827,photo,1,0.9985523819923401,1,1
C:\Users\Zander Truong\Documents\coding\ekyc-face-pad\data\raw\celeba_spoof\SpoofingData\010212.jpg,010212,bona_fide,0,0.9173387885093689,1,0
C:\Users\Zander Truong\Documents\coding\ekyc-face-pad\data\raw\celeba_spoof\SpoofingData\008649.jpg,008649,photo,1,0.9957488179206848,1,1
C:\Users\Zander Truong\Documents\coding\ekyc-face-pad\data\raw\celeba_spoof\SpoofingData\001414.jpg,001414,photo,1,0.8439169526100159,1,1
C:\Users\Zander Truong\Documents\coding\ekyc-face-pad\data\raw\celeba_spoof\SpoofingData\010837.jpg,010837,bona_fide,0,0.022610576823353767,0,1
C:\Users\Zander Truong\Documents\coding\ekyc-face-pad\data\raw\celeba_spoof\SpoofingData\006816.jpg,006816,photo,1,0.9790690541267395,1,1
C:\Users\Zander Truong\Documents\coding\ekyc-face-pad\data\raw\celeba_spoof\SpoofingData\009993.jpg,009993,photo,1,0.9946404099464417,1,1
C:\Users\Zander Truong\Documents\coding\ekyc-face-pad\data\raw\celeba_spoof\SpoofingData\014677.jpg,014677,photo,1,0.987184464931488,1,1
C:\Users\Zander Truong\Documents\coding\ekyc-face-pad\data\raw\celeba_spoof\SpoofingData\012131.jpg,012131,photo,1,0.8396710157394409,1,1
C:\Users\Zander Truong\Documents\coding\ekyc-face-pad\data\raw\celeba_spoof\SpoofingData\000644.jpg,000644,photo,1,0.9138254523277283,1,1
C:\Users\Zander Truong\Documents\coding\ekyc-face-pad\data\raw\celeba_spoof\SpoofingData\014266.jpg,014266,photo,1,0.806468665599823,1,1
C:\Users\Zander Truong\Documents\coding\ekyc-face-pad\data\raw\celeba_spoof\SpoofingData\000915.jpg,000915,bona_fide,0,0.07732981443405151,0,1
C:\Users\Zander Truong\Documents\coding\ekyc-face-pad\data\raw\celeba_spoof\SpoofingData\017259.jpg,017259,photo,1,0.7880373597145081,1,1
C:\Users\Zander Truong\Documents\coding\ekyc-face-pad\data\raw\celeba_spoof\SpoofingData\006701.jpg,006701,bona_fide,0,0.033808816224336624,0,1
C:\Users\Zander Truong\Documents\coding\ekyc-face-pad\data\raw\celeba_spoof\SpoofingData\014227.jpg,014227,bona_fide,0,0.12740802764892578,0,1
C:\Users\Zander Truong\Documents\coding\ekyc-face-pad\data\raw\celeba_spoof\SpoofingData\016985.jpg,016985,bona_fide,0,0.05653276666998863,0,1
C:\Users\Zander Truong\Documents\coding\ekyc-face-pad\data\raw\celeba_spoof\SpoofingData\005803.jpg,005803,photo,1,0.5976923704147339,1,1
C:\Users\Zander Truong\Documents\coding\ekyc-face-pad\data\raw\celeba_spoof\SpoofingData\015802.jpg,015802,photo,1,0.6142750382423401,1,1
C:\Users\Zander Truong\Documents\coding\ekyc-face-pad\data\raw\celeba_spoof\SpoofingData\016078.jpg,016078,photo,1,0.9609819054603577,1,1
C:\Users\Zander Truong\Documents\coding\ekyc-face-pad\data\raw\celeba_spoof\SpoofingData\009033.jpg,009033,bona_fide,0,0.25147950649261475,0,1
C:\Users\Zander Truong\Documents\coding\ekyc-face-pad\data\raw\celeba_spoof\SpoofingData\001054.jpg,001054,photo,1,0.710662841796875,1,1
C:\Users\Zander Truong\Documents\coding\ekyc-face-pad\data\raw\celeba_spoof\SpoofingData\004243.jpg,004243,photo,1,0.9577873349189758,1,1
C:\Users\Zander Truong\Documents\coding\ekyc-face-pad\data\raw\celeba_spoof\SpoofingData\007787.jpg,007787,bona_fide,0,0.5062152147293091,1,0
C:\Users\Zander Truong\Documents\coding\ekyc-face-pad\data\raw\celeba_spoof\SpoofingData\000074.jpg,000074,photo,1,0.5542977452278137,1,1
C:\Users\Zander Truong\Documents\coding\ekyc-face-pad\data\raw\celeba_spoof\SpoofingData\005870.jpg,005870,photo,1,0.9733760356903076,1,1
C:\Users\Zander Truong\Documents\coding\ekyc-face-pad\data\raw\celeba_spoof\SpoofingData\013624.jpg,013624,photo,1,0.6357306241989136,1,1
C:\Users\Zander Truong\Documents\coding\ekyc-face-pad\data\raw\celeba_spoof\SpoofingData\004582.jpg,004582,bona_fide,0,0.38739457726478577,0,1
C:\Users\Zander Truong\Documents\coding\ekyc-face-pad\data\raw\celeba_spoof\SpoofingData\008794.jpg,008794,photo,1,0.9207063317298889,1,1
C:\Users\Zander Truong\Documents\coding\ekyc-face-pad\data\raw\celeba_spoof\SpoofingData\012508.jpg,012508,bona_fide,0,0.05252082273364067,0,1
C:\Users\Zander Truong\Documents\coding\ekyc-face-pad\data\raw\celeba_spoof\SpoofingData\002597.jpg,002597,photo,1,0.9735884070396423,1,1
C:\Users\Zander Truong\Documents\coding\ekyc-face-pad\data\raw\celeba_spoof\SpoofingData\014198.jpg,014198,bona_fide,0,0.057179421186447144,0,1
C:\Users\Zander Truong\Documents\coding\ekyc-face-pad\data\raw\celeba_spoof\SpoofingData\015989.jpg,015989,bona_fide,0,0.008717142045497894,0,1
C:\Users\Zander Truong\Documents\coding\ekyc-face-pad\data\raw\celeba_spoof\SpoofingData\016407.jpg,016407,photo,1,0.9494363069534302,1,1
C:\Users\Zander Truong\Documents\coding\ekyc-face-pad\data\raw\celeba_spoof\SpoofingData\004291.jpg,004291,bona_fide,0,0.1197458952665329,0,1
C:\Users\Zander Truong\Documents\coding\ekyc-face-pad\data\raw\celeba_spoof\SpoofingData\017266.jpg,017266,photo,1,0.7981387972831726,1,1
C:\Users\Zander Truong\Documents\coding\ekyc-face-pad\data\raw\celeba_spoof\SpoofingData\009405.jpg,009405,bona_fide,0,0.013155009597539902,0,1
C:\Users\Zander Truong\Documents\coding\ekyc-face-pad\data\raw\celeba_spoof\SpoofingData\012673.jpg,012673,photo,1,0.9612869620323181,1,1
C:\Users\Zander Truong\Documents\coding\ekyc-face-pad\data\raw\celeba_spoof\SpoofingData\005279.jpg,005279,bona_fide,0,0.973726749420166,1,0
C:\Users\Zander Truong\Documents\coding\ekyc-face-pad\data\raw\celeba_spoof\SpoofingData\004891.jpg,004891,bona_fide,0,0.02856174111366272,0,1
C:\Users\Zander Truong\Documents\coding\ekyc-face-pad\data\raw\celeba_spoof\SpoofingData\001339.jpg,001339,photo,1,0.9192981123924255,1,1
C:\Users\Zander Truong\Documents\coding\ekyc-face-pad\data\raw\celeba_spoof\SpoofingData\013867.jpg,013867,photo,1,0.9820574522018433,1,1
C:\Users\Zander Truong\Documents\coding\ekyc-face-pad\data\raw\celeba_spoof\SpoofingData\016908.jpg,016908,bona_fide,0,0.11002249270677567,0,1
C:\Users\Zander Truong\Documents\coding\ekyc-face-pad\data\raw\celeba_spoof\SpoofingData\011618.jpg,011618,bona_fide,0,0.007150617893785238,0,1
C:\Users\Zander Truong\Documents\coding\ekyc-face-pad\data\raw\celeba_spoof\SpoofingData\007813.jpg,007813,bona_fide,0,0.17208342254161835,0,1
C:\Users\Zander Truong\Documents\coding\ekyc-face-pad\data\raw\celeba_spoof\SpoofingData\016180.jpg,016180,photo,1,0.9936527013778687,1,1
C:\Users\Zander Truong\Documents\coding\ekyc-face-pad\data\raw\celeba_spoof\SpoofingData\010080.jpg,010080,bona_fide,0,0.039708495140075684,0,1
C:\Users\Zander Truong\Documents\coding\ekyc-face-pad\data\raw\celeba_spoof\SpoofingData\012746.jpg,012746,bona_fide,0,0.05839449167251587,0,1
C:\Users\Zander Truong\Documents\coding\ekyc-face-pad\data\raw\celeba_spoof\SpoofingData\017744.jpg,017744,photo,1,0.9820972084999084,1,1
C:\Users\Zander Truong\Documents\coding\ekyc-face-pad\data\raw\celeba_spoof\SpoofingData\013333.jpg,013333,photo,1,0.9782538414001465,1,1
C:\Users\Zander Truong\Documents\coding\ekyc-face-pad\data\raw\celeba_spoof\SpoofingData\005219.jpg,005219,photo,1,0.9657535552978516,1,1
C:\Users\Zander Truong\Documents\coding\ekyc-face-pad\data\raw\celeba_spoof\SpoofingData\013453.jpg,013453,bona_fide,0,0.34586548805236816,0,1
C:\Users\Zander Truong\Documents\coding\ekyc-face-pad\data\raw\celeba_spoof\SpoofingData\011153.jpg,011153,photo,1,0.9570044279098511,1,1
C:\Users\Zander Truong\Documents\coding\ekyc-face-pad\data\raw\celeba_spoof\SpoofingData\015279.jpg,015279,photo,1,0.8531737923622131,1,1
C:\Users\Zander Truong\Documents\coding\ekyc-face-pad\data\raw\celeba_spoof\SpoofingData\003034.jpg,003034,photo,1,0.6373778581619263,1,1
C:\Users\Zander Truong\Documents\coding\ekyc-face-pad\data\raw\celeba_spoof\SpoofingData\012054.jpg,012054,photo,1,0.9962803721427917,1,1
C:\Users\Zander Truong\Documents\coding\ekyc-face-pad\data\raw\celeba_spoof\SpoofingData\000483.jpg,000483,photo,1,0.8767936825752258,1,1
C:\Users\Zander Truong\Documents\coding\ekyc-face-pad\data\raw\celeba_spoof\SpoofingData\010201.jpg,010201,photo,1,0.8019523620605469,1,1
C:\Users\Zander Truong\Documents\coding\ekyc-face-pad\data\raw\celeba_spoof\SpoofingData\009742.jpg,009742,bona_fide,0,0.02558065950870514,0,1
C:\Users\Zander Truong\Documents\coding\ekyc-face-pad\data\raw\celeba_spoof\SpoofingData\002603.jpg,002603,photo,1,0.9880858659744263,1,1
C:\Users\Zander Truong\Documents\coding\ekyc-face-pad\data\raw\celeba_spoof\SpoofingData\016173.jpg,016173,photo,1,0.9317559599876404,1,1
C:\Users\Zander Truong\Documents\coding\ekyc-face-pad\data\raw\celeba_spoof\SpoofingData\012324.jpg,012324,photo,1,0.9835547804832458,1,1
C:\Users\Zander Truong\Documents\coding\ekyc-face-pad\data\raw\celeba_spoof\SpoofingData\003224.jpg,003224,photo,1,0.8465211391448975,1,1
C:\Users\Zander Truong\Documents\coding\ekyc-face-pad\data\raw\celeba_spoof\SpoofingData\012290.jpg,012290,bona_fide,0,0.02695605903863907,0,1
C:\Users\Zander Truong\Documents\coding\ekyc-face-pad\data\raw\celeba_spoof\SpoofingData\006246.jpg,006246,photo,1,0.8923698663711548,1,1
C:\Users\Zander Truong\Documents\coding\ekyc-face-pad\data\raw\celeba_spoof\SpoofingData\010791.jpg,010791,photo,1,0.9339501857757568,1,1
C:\Users\Zander Truong\Documents\coding\ekyc-face-pad\data\raw\celeba_spoof\SpoofingData\012447.jpg,012447,bona_fide,0,0.013648699969053268,0,1
C:\Users\Zander Truong\Documents\coding\ekyc-face-pad\data\raw\celeba_spoof\SpoofingData\014226.jpg,014226,photo,1,0.9764683246612549,1,1
C:\Users\Zander Truong\Documents\coding\ekyc-face-pad\data\raw\celeba_spoof\SpoofingData\017837.jpg,017837,photo,1,0.9983276724815369,1,1
C:\Users\Zander Truong\Documents\coding\ekyc-face-pad\data\raw\celeba_spoof\SpoofingData\008556.jpg,008556,photo,1,0.9678052663803101,1,1
C:\Users\Zander Truong\Documents\coding\ekyc-face-pad\data\raw\celeba_spoof\SpoofingData\005225.jpg,005225,photo,1,0.971827507019043,1,1
C:\Users\Zander Truong\Documents\coding\ekyc-face-pad\data\raw\celeba_spoof\SpoofingData\008931.jpg,008931,photo,1,0.9874795079231262,1,1
C:\Users\Zander Truong\Documents\coding\ekyc-face-pad\data\raw\celeba_spoof\SpoofingData\005311.jpg,005311,photo,1,0.9618772268295288,1,1
C:\Users\Zander Truong\Documents\coding\ekyc-face-pad\data\raw\celeba_spoof\SpoofingData\014620.jpg,014620,photo,1,0.9799516797065735,1,1
C:\Users\Zander Truong\Documents\coding\ekyc-face-pad\data\raw\celeba_spoof\SpoofingData\008643.jpg,008643,photo,1,0.8710431456565857,1,1
C:\Users\Zander Truong\Documents\coding\ekyc-face-pad\data\raw\celeba_spoof\SpoofingData\014488.jpg,014488,photo,1,0.9644437432289124,1,1
C:\Users\Zander Truong\Documents\coding\ekyc-face-pad\data\raw\celeba_spoof\SpoofingData\004818.jpg,004818,bona_fide,0,0.6162477731704712,1,0
C:\Users\Zander Truong\Documents\coding\ekyc-face-pad\data\raw\celeba_spoof\SpoofingData\010045.jpg,010045,bona_fide,0,0.006588934920728207,0,1
C:\Users\Zander Truong\Documents\coding\ekyc-face-pad\data\raw\celeba_spoof\SpoofingData\011724.jpg,011724,photo,1,0.9887292981147766,1,1
C:\Users\Zander Truong\Documents\coding\ekyc-face-pad\data\raw\celeba_spoof\SpoofingData\006107.jpg,006107,photo,1,0.6620139479637146,1,1
C:\Users\Zander Truong\Documents\coding\ekyc-face-pad\data\raw\celeba_spoof\SpoofingData\005486.jpg,005486,photo,1,0.907892107963562,1,1
C:\Users\Zander Truong\Documents\coding\ekyc-face-pad\data\raw\celeba_spoof\SpoofingData\012891.jpg,012891,bona_fide,0,0.012339772656559944,0,1
C:\Users\Zander Truong\Documents\coding\ekyc-face-pad\data\raw\celeba_spoof\SpoofingData\005940.jpg,005940,photo,1,0.7107003927230835,1,1
C:\Users\Zander Truong\Documents\coding\ekyc-face-pad\data\raw\celeba_spoof\SpoofingData\015780.jpg,015780,photo,1,0.9583722949028015,1,1
C:\Users\Zander Truong\Documents\coding\ekyc-face-pad\data\raw\celeba_spoof\SpoofingData\008743.jpg,008743,bona_fide,0,0.4419792592525482,0,1
C:\Users\Zander Truong\Documents\coding\ekyc-face-pad\data\raw\celeba_spoof\SpoofingData\007776.jpg,007776,photo,1,0.9852774739265442,1,1
C:\Users\Zander Truong\Documents\coding\ekyc-face-pad\data\raw\celeba_spoof\SpoofingData\014079.jpg,014079,bona_fide,0,0.5415467619895935,1,0
C:\Users\Zander Truong\Documents\coding\ekyc-face-pad\data\raw\celeba_spoof\SpoofingData\013324.jpg,013324,bona_fide,0,0.14733152091503143,0,1
C:\Users\Zander Truong\Documents\coding\ekyc-face-pad\data\raw\celeba_spoof\SpoofingData\010078.jpg,010078,photo,1,0.9846709966659546,1,1
C:\Users\Zander Truong\Documents\coding\ekyc-face-pad\data\raw\celeba_spoof\SpoofingData\011589.jpg,011589,photo,1,0.9687871932983398,1,1
C:\Users\Zander Truong\Documents\coding\ekyc-face-pad\data\raw\celeba_spoof\SpoofingData\005997.jpg,005997,bona_fide,0,0.014466998167335987,0,1
C:\Users\Zander Truong\Documents\coding\ekyc-face-pad\data\raw\celeba_spoof\SpoofingData\010780.jpg,010780,bona_fide,0,0.0010104081593453884,0,1
C:\Users\Zander Truong\Documents\coding\ekyc-face-pad\data\raw\celeba_spoof\SpoofingData\014499.jpg,014499,photo,1,0.9022763967514038,1,1
C:\Users\Zander Truong\Documents\coding\ekyc-face-pad\data\raw\celeba_spoof\SpoofingData\009652.jpg,009652,bona_fide,0,0.03063538298010826,0,1
C:\Users\Zander Truong\Documents\coding\ekyc-face-pad\data\raw\celeba_spoof\SpoofingData\006443.jpg,006443,bona_fide,0,0.137427419424057,0,1
C:\Users\Zander Truong\Documents\coding\ekyc-face-pad\data\raw\celeba_spoof\SpoofingData\012395.jpg,012395,photo,1,0.9758713841438293,1,1
C:\Users\Zander Truong\Documents\coding\ekyc-face-pad\data\raw\celeba_spoof\SpoofingData\010351.jpg,010351,bona_fide,0,0.14181683957576752,0,1
C:\Users\Zander Truong\Documents\coding\ekyc-face-pad\data\raw\celeba_spoof\SpoofingData\006893.jpg,006893,photo,1,0.9587863683700562,1,1
C:\Users\Zander Truong\Documents\coding\ekyc-face-pad\data\raw\celeba_spoof\SpoofingData\017274.jpg,017274,photo,1,0.9897240400314331,1,1
C:\Users\Zander Truong\Documents\coding\ekyc-face-pad\data\raw\celeba_spoof\SpoofingData\015866.jpg,015866,photo,1,0.9828488230705261,1,1
C:\Users\Zander Truong\Documents\coding\ekyc-face-pad\data\raw\celeba_spoof\SpoofingData\015146.jpg,015146,photo,1,0.8630356192588806,1,1
C:\Users\Zander Truong\Documents\coding\ekyc-face-pad\data\raw\celeba_spoof\SpoofingData\015912.jpg,015912,bona_fide,0,0.06244225054979324,0,1
C:\Users\Zander Truong\Documents\coding\ekyc-face-pad\data\raw\celeba_spoof\SpoofingData\008402.jpg,008402,photo,1,0.8036147952079773,1,1
C:\Users\Zander Truong\Documents\coding\ekyc-face-pad\data\raw\celeba_spoof\SpoofingData\016418.jpg,016418,photo,1,0.8488086462020874,1,1
C:\Users\Zander Truong\Documents\coding\ekyc-face-pad\data\raw\celeba_spoof\SpoofingData\007471.jpg,007471,photo,1,0.9492427110671997,1,1
C:\Users\Zander Truong\Documents\coding\ekyc-face-pad\data\raw\celeba_spoof\SpoofingData\010663.jpg,010663,bona_fide,0,0.3363330066204071,0,1
C:\Users\Zander Truong\Documents\coding\ekyc-face-pad\data\raw\celeba_spoof\SpoofingData\012210.jpg,012210,photo,1,0.8489800691604614,1,1
C:\Users\Zander Truong\Documents\coding\ekyc-face-pad\data\raw\celeba_spoof\SpoofingData\007807.jpg,007807,photo,1,0.9691398739814758,1,1
C:\Users\Zander Truong\Documents\coding\ekyc-face-pad\data\raw\celeba_spoof\SpoofingData\000151.jpg,000151,bona_fide,0,0.009539802558720112,0,1
C:\Users\Zander Truong\Documents\coding\ekyc-face-pad\data\raw\celeba_spoof\SpoofingData\007274.jpg,007274,photo,1,0.9974116683006287,1,1
C:\Users\Zander Truong\Documents\coding\ekyc-face-pad\data\raw\celeba_spoof\SpoofingData\014223.jpg,014223,photo,1,0.9624361395835876,1,1
C:\Users\Zander Truong\Documents\coding\ekyc-face-pad\data\raw\celeba_spoof\SpoofingData\015902.jpg,015902,bona_fide,0,0.05912343040108681,0,1
C:\Users\Zander Truong\Documents\coding\ekyc-face-pad\data\raw\celeba_spoof\SpoofingData\002854.jpg,002854,bona_fide,0,0.3843008577823639,0,1
C:\Users\Zander Truong\Documents\coding\ekyc-face-pad\data\raw\celeba_spoof\SpoofingData\016039.jpg,016039,bona_fide,0,0.11033564060926437,0,1
C:\Users\Zander Truong\Documents\coding\ekyc-face-pad\data\raw\celeba_spoof\SpoofingData\000340.jpg,000340,photo,1,0.9375234246253967,1,1
C:\Users\Zander Truong\Documents\coding\ekyc-face-pad\data\raw\celeba_spoof\SpoofingData\017894.jpg,017894,photo,1,0.9169641137123108,1,1
C:\Users\Zander Truong\Documents\coding\ekyc-face-pad\data\raw\celeba_spoof\SpoofingData\006711.jpg,006711,photo,1,0.5042588114738464,1,1
C:\Users\Zander Truong\Documents\coding\ekyc-face-pad\data\raw\celeba_spoof\SpoofingData\000506.jpg,000506,photo,1,0.8770285844802856,1,1
C:\Users\Zander Truong\Documents\coding\ekyc-face-pad\data\raw\celeba_spoof\SpoofingData\017257.jpg,017257,bona_fide,0,0.13676093518733978,0,1
C:\Users\Zander Truong\Documents\coding\ekyc-face-pad\data\raw\celeba_spoof\SpoofingData\013827.jpg,013827,bona_fide,0,0.1796993911266327,0,1
C:\Users\Zander Truong\Documents\coding\ekyc-face-pad\data\raw\celeba_spoof\SpoofingData\006016.jpg,006016,photo,1,0.9226664304733276,1,1
C:\Users\Zander Truong\Documents\coding\ekyc-face-pad\data\raw\celeba_spoof\SpoofingData\009034.jpg,009034,photo,1,0.9879434704780579,1,1
C:\Users\Zander Truong\Documents\coding\ekyc-face-pad\data\raw\celeba_spoof\SpoofingData\004265.jpg,004265,bona_fide,0,0.005613549146801233,0,1
C:\Users\Zander Truong\Documents\coding\ekyc-face-pad\data\raw\celeba_spoof\SpoofingData\007400.jpg,007400,photo,1,0.8698634505271912,1,1
C:\Users\Zander Truong\Documents\coding\ekyc-face-pad\data\raw\celeba_spoof\SpoofingData\003940.jpg,003940,photo,1,0.9720814228057861,1,1
C:\Users\Zander Truong\Documents\coding\ekyc-face-pad\data\raw\celeba_spoof\SpoofingData\016659.jpg,016659,photo,1,0.995705783367157,1,1
C:\Users\Zander Truong\Documents\coding\ekyc-face-pad\data\raw\celeba_spoof\SpoofingData\005178.jpg,005178,photo,1,0.9446890354156494,1,1
C:\Users\Zander Truong\Documents\coding\ekyc-face-pad\data\raw\celeba_spoof\SpoofingData\000296.jpg,000296,photo,1,0.7465445399284363,1,1
C:\Users\Zander Truong\Documents\coding\ekyc-face-pad\data\raw\celeba_spoof\SpoofingData\011995.jpg,011995,photo,1,0.9824073314666748,1,1
C:\Users\Zander Truong\Documents\coding\ekyc-face-pad\data\raw\celeba_spoof\SpoofingData\006258.jpg,006258,photo,1,0.973121166229248,1,1
C:\Users\Zander Truong\Documents\coding\ekyc-face-pad\data\raw\celeba_spoof\SpoofingData\011249.jpg,011249,bona_fide,0,0.7684181332588196,1,0
C:\Users\Zander Truong\Documents\coding\ekyc-face-pad\data\raw\celeba_spoof\SpoofingData\017982.jpg,017982,bona_fide,0,0.05749674141407013,0,1
C:\Users\Zander Truong\Documents\coding\ekyc-face-pad\data\raw\celeba_spoof\SpoofingData\008714.jpg,008714,photo,1,0.9383894801139832,1,1
C:\Users\Zander Truong\Documents\coding\ekyc-face-pad\data\raw\celeba_spoof\SpoofingData\013029.jpg,013029,photo,1,0.9396381378173828,1,1
C:\Users\Zander Truong\Documents\coding\ekyc-face-pad\data\raw\celeba_spoof\SpoofingData\009815.jpg,009815,photo,1,0.8597463369369507,1,1
C:\Users\Zander Truong\Documents\coding\ekyc-face-pad\data\raw\celeba_spoof\SpoofingData\011305.jpg,011305,bona_fide,0,0.0809127688407898,0,1
C:\Users\Zander Truong\Documents\coding\ekyc-face-pad\data\raw\celeba_spoof\SpoofingData\007818.jpg,007818,bona_fide,0,0.7917964458465576,1,0
C:\Users\Zander Truong\Documents\coding\ekyc-face-pad\data\raw\celeba_spoof\SpoofingData\014558.jpg,014558,photo,1,0.6827617883682251,1,1
C:\Users\Zander Truong\Documents\coding\ekyc-face-pad\data\raw\celeba_spoof\SpoofingData\000571.jpg,000571,photo,1,0.8843367695808411,1,1
C:\Users\Zander Truong\Documents\coding\ekyc-face-pad\data\raw\celeba_spoof\SpoofingData\004374.jpg,004374,bona_fide,0,0.00443540932610631,0,1
C:\Users\Zander Truong\Documents\coding\ekyc-face-pad\data\raw\celeba_spoof\SpoofingData\007897.jpg,007897,bona_fide,0,0.6677456498146057,1,0
C:\Users\Zander Truong\Documents\coding\ekyc-face-pad\data\raw\celeba_spoof\SpoofingData\010982.jpg,010982,bona_fide,0,0.6034815311431885,1,0
C:\Users\Zander Truong\Documents\coding\ekyc-face-pad\data\raw\celeba_spoof\SpoofingData\015069.jpg,015069,bona_fide,0,0.8838449716567993,1,0
C:\Users\Zander Truong\Documents\coding\ekyc-face-pad\data\raw\celeba_spoof\SpoofingData\008798.jpg,008798,photo,1,0.9931218028068542,1,1
C:\Users\Zander Truong\Documents\coding\ekyc-face-pad\data\raw\celeba_spoof\SpoofingData\009222.jpg,009222,photo,1,0.8399274945259094,1,1
C:\Users\Zander Truong\Documents\coding\ekyc-face-pad\data\raw\celeba_spoof\SpoofingData\004558.jpg,004558,bona_fide,0,0.21841363608837128,0,1
C:\Users\Zander Truong\Documents\coding\ekyc-face-pad\data\raw\celeba_spoof\SpoofingData\014914.jpg,014914,photo,1,0.9938050508499146,1,1
C:\Users\Zander Truong\Documents\coding\ekyc-face-pad\data\raw\celeba_spoof\SpoofingData\008319.jpg,008319,bona_fide,0,0.23061153292655945,0,1
C:\Users\Zander Truong\Documents\coding\ekyc-face-pad\data\raw\celeba_spoof\SpoofingData\014431.jpg,014431,photo,1,0.9853891730308533,1,1
C:\Users\Zander Truong\Documents\coding\ekyc-face-pad\data\raw\celeba_spoof\SpoofingData\010480.jpg,010480,photo,1,0.9646748304367065,1,1
C:\Users\Zander Truong\Documents\coding\ekyc-face-pad\data\raw\celeba_spoof\SpoofingData\000289.jpg,000289,photo,1,0.6821190118789673,1,1
C:\Users\Zander Truong\Documents\coding\ekyc-face-pad\data\raw\celeba_spoof\SpoofingData\011508.jpg,011508,photo,1,0.8307409882545471,1,1
C:\Users\Zander Truong\Documents\coding\ekyc-face-pad\data\raw\celeba_spoof\SpoofingData\000973.jpg,000973,photo,1,0.7508208751678467,1,1
C:\Users\Zander Truong\Documents\coding\ekyc-face-pad\data\raw\celeba_spoof\SpoofingData\000614.jpg,000614,photo,1,0.9526869654655457,1,1
C:\Users\Zander Truong\Documents\coding\ekyc-face-pad\data\raw\celeba_spoof\SpoofingData\010031.jpg,010031,photo,1,0.9484908580780029,1,1
C:\Users\Zander Truong\Documents\coding\ekyc-face-pad\data\raw\celeba_spoof\SpoofingData\017718.jpg,017718,bona_fide,0,0.012506643310189247,0,1
C:\Users\Zander Truong\Documents\coding\ekyc-face-pad\data\raw\celeba_spoof\SpoofingData\006006.jpg,006006,photo,1,0.9864652156829834,1,1
C:\Users\Zander Truong\Documents\coding\ekyc-face-pad\data\raw\celeba_spoof\SpoofingData\006824.jpg,006824,photo,1,0.9888733625411987,1,1
C:\Users\Zander Truong\Documents\coding\ekyc-face-pad\data\raw\celeba_spoof\SpoofingData\013582.jpg,013582,photo,1,0.2320442646741867,0,0
C:\Users\Zander Truong\Documents\coding\ekyc-face-pad\data\raw\celeba_spoof\SpoofingData\006249.jpg,006249,photo,1,0.8330348134040833,1,1
C:\Users\Zander Truong\Documents\coding\ekyc-face-pad\data\raw\celeba_spoof\SpoofingData\017888.jpg,017888,photo,1,0.9963240623474121,1,1
C:\Users\Zander Truong\Documents\coding\ekyc-face-pad\data\raw\celeba_spoof\SpoofingData\009232.jpg,009232,photo,1,0.362133651971817,0,0
C:\Users\Zander Truong\Documents\coding\ekyc-face-pad\data\raw\celeba_spoof\SpoofingData\010844.jpg,010844,photo,1,0.9554562568664551,1,1
C:\Users\Zander Truong\Documents\coding\ekyc-face-pad\data\raw\celeba_spoof\SpoofingData\001532.jpg,001532,bona_fide,0,0.6393265724182129,1,0
C:\Users\Zander Truong\Documents\coding\ekyc-face-pad\data\raw\celeba_spoof\SpoofingData\011397.jpg,011397,photo,1,0.7694475650787354,1,1
C:\Users\Zander Truong\Documents\coding\ekyc-face-pad\data\raw\celeba_spoof\SpoofingData\011551.jpg,011551,photo,1,0.9551623463630676,1,1
C:\Users\Zander Truong\Documents\coding\ekyc-face-pad\data\raw\celeba_spoof\SpoofingData\003948.jpg,003948,photo,1,0.9011701345443726,1,1
C:\Users\Zander Truong\Documents\coding\ekyc-face-pad\data\raw\celeba_spoof\SpoofingData\015826.jpg,015826,bona_fide,0,0.001274104812182486,0,1
C:\Users\Zander Truong\Documents\coding\ekyc-face-pad\data\raw\celeba_spoof\SpoofingData\013013.jpg,013013,photo,1,0.9749788641929626,1,1
C:\Users\Zander Truong\Documents\coding\ekyc-face-pad\data\raw\celeba_spoof\SpoofingData\013812.jpg,013812,photo,1,0.36905530095100403,0,0
C:\Users\Zander Truong\Documents\coding\ekyc-face-pad\data\raw\celeba_spoof\SpoofingData\006059.jpg,006059,photo,1,0.9859122633934021,1,1
C:\Users\Zander Truong\Documents\coding\ekyc-face-pad\data\raw\celeba_spoof\SpoofingData\010445.jpg,010445,photo,1,0.9578270316123962,1,1
C:\Users\Zander Truong\Documents\coding\ekyc-face-pad\data\raw\celeba_spoof\SpoofingData\016397.jpg,016397,photo,1,0.9686512351036072,1,1
C:\Users\Zander Truong\Documents\coding\ekyc-face-pad\data\raw\celeba_spoof\SpoofingData\001215.jpg,001215,photo,1,0.8384287357330322,1,1
C:\Users\Zander Truong\Documents\coding\ekyc-face-pad\data\raw\celeba_spoof\SpoofingData\014651.jpg,014651,bona_fide,0,0.12517590820789337,0,1
C:\Users\Zander Truong\Documents\coding\ekyc-face-pad\data\raw\celeba_spoof\SpoofingData\000587.jpg,000587,photo,1,0.9081719517707825,1,1
C:\Users\Zander Truong\Documents\coding\ekyc-face-pad\data\raw\celeba_spoof\SpoofingData\013808.jpg,013808,photo,1,0.9805278778076172,1,1
C:\Users\Zander Truong\Documents\coding\ekyc-face-pad\data\raw\celeba_spoof\SpoofingData\017513.jpg,017513,bona_fide,0,0.012091530486941338,0,1
C:\Users\Zander Truong\Documents\coding\ekyc-face-pad\data\raw\celeba_spoof\SpoofingData\008133.jpg,008133,bona_fide,0,0.3602209687232971,0,1
C:\Users\Zander Truong\Documents\coding\ekyc-face-pad\data\raw\celeba_spoof\SpoofingData\003239.jpg,003239,bona_fide,0,0.04458107054233551,0,1
C:\Users\Zander Truong\Documents\coding\ekyc-face-pad\data\raw\celeba_spoof\SpoofingData\010035.jpg,010035,photo,1,0.9256485104560852,1,1
C:\Users\Zander Truong\Documents\coding\ekyc-face-pad\data\raw\celeba_spoof\SpoofingData\003637.jpg,003637,photo,1,0.8931939601898193,1,1
C:\Users\Zander Truong\Documents\coding\ekyc-face-pad\data\raw\celeba_spoof\SpoofingData\017767.jpg,017767,bona_fide,0,0.5985815525054932,1,0
C:\Users\Zander Truong\Documents\coding\ekyc-face-pad\data\raw\celeba_spoof\SpoofingData\011191.jpg,011191,bona_fide,0,0.018594667315483093,0,1
C:\Users\Zander Truong\Documents\coding\ekyc-face-pad\data\raw\celeba_spoof\SpoofingData\006455.jpg,006455,photo,1,0.9220151305198669,1,1
C:\Users\Zander Truong\Documents\coding\ekyc-face-pad\data\raw\celeba_spoof\SpoofingData\001825.jpg,001825,bona_fide,0,0.33945828676223755,0,1
C:\Users\Zander Truong\Documents\coding\ekyc-face-pad\data\raw\celeba_spoof\SpoofingData\011007.jpg,011007,bona_fide,0,0.0614238865673542,0,1
C:\Users\Zander Truong\Documents\coding\ekyc-face-pad\data\raw\celeba_spoof\SpoofingData\002809.jpg,002809,photo,1,0.10788919031620026,0,0
C:\Users\Zander Truong\Documents\coding\ekyc-face-pad\data\raw\celeba_spoof\SpoofingData\002128.jpg,002128,bona_fide,0,0.03972327709197998,0,1
C:\Users\Zander Truong\Documents\coding\ekyc-face-pad\data\raw\celeba_spoof\SpoofingData\013164.jpg,013164,bona_fide,0,0.015240833163261414,0,1
C:\Users\Zander Truong\Documents\coding\ekyc-face-pad\data\raw\celeba_spoof\SpoofingData\017052.jpg,017052,bona_fide,0,0.07134997844696045,0,1
C:\Users\Zander Truong\Documents\coding\ekyc-face-pad\data\raw\celeba_spoof\SpoofingData\017637.jpg,017637,bona_fide,0,0.06630735844373703,0,1
C:\Users\Zander Truong\Documents\coding\ekyc-face-pad\data\raw\celeba_spoof\SpoofingData\009865.jpg,009865,bona_fide,0,0.01673985831439495,0,1
C:\Users\Zander Truong\Documents\coding\ekyc-face-pad\data\raw\celeba_spoof\SpoofingData\000248.jpg,000248,photo,1,0.8104676604270935,1,1
C:\Users\Zander Truong\Documents\coding\ekyc-face-pad\data\raw\celeba_spoof\SpoofingData\000668.jpg,000668,bona_fide,0,0.17612038552761078,0,1
C:\Users\Zander Truong\Documents\coding\ekyc-face-pad\data\raw\celeba_spoof\SpoofingData\008270.jpg,008270,photo,1,0.9608330726623535,1,1
C:\Users\Zander Truong\Documents\coding\ekyc-face-pad\data\raw\celeba_spoof\SpoofingData\014540.jpg,014540,photo,1,0.6308979988098145,1,1
C:\Users\Zander Truong\Documents\coding\ekyc-face-pad\data\raw\celeba_spoof\SpoofingData\008778.jpg,008778,photo,1,0.9564669132232666,1,1
C:\Users\Zander Truong\Documents\coding\ekyc-face-pad\data\raw\celeba_spoof\SpoofingData\003806.jpg,003806,photo,1,0.9534593820571899,1,1
C:\Users\Zander Truong\Documents\coding\ekyc-face-pad\data\raw\celeba_spoof\SpoofingData\012268.jpg,012268,photo,1,0.9863877296447754,1,1
C:\Users\Zander Truong\Documents\coding\ekyc-face-pad\data\raw\celeba_spoof\SpoofingData\015101.jpg,015101,photo,1,0.9356796145439148,1,1
C:\Users\Zander Truong\Documents\coding\ekyc-face-pad\data\raw\celeba_spoof\SpoofingData\013250.jpg,013250,bona_fide,0,0.06773614883422852,0,1
C:\Users\Zander Truong\Documents\coding\ekyc-face-pad\data\raw\celeba_spoof\SpoofingData\001555.jpg,001555,photo,1,0.9716342091560364,1,1
C:\Users\Zander Truong\Documents\coding\ekyc-face-pad\data\raw\celeba_spoof\SpoofingData\002626.jpg,002626,photo,1,0.9863519668579102,1,1
C:\Users\Zander Truong\Documents\coding\ekyc-face-pad\data\raw\celeba_spoof\SpoofingData\007451.jpg,007451,photo,1,0.9961387515068054,1,1
C:\Users\Zander Truong\Documents\coding\ekyc-face-pad\data\raw\celeba_spoof\SpoofingData\011726.jpg,011726,photo,1,0.9598391056060791,1,1
C:\Users\Zander Truong\Documents\coding\ekyc-face-pad\data\raw\celeba_spoof\SpoofingData\003660.jpg,003660,photo,1,0.9616671204566956,1,1
C:\Users\Zander Truong\Documents\coding\ekyc-face-pad\data\raw\celeba_spoof\SpoofingData\003372.jpg,003372,photo,1,0.9284831881523132,1,1
C:\Users\Zander Truong\Documents\coding\ekyc-face-pad\data\raw\celeba_spoof\SpoofingData\017896.jpg,017896,photo,1,0.9628376960754395,1,1
C:\Users\Zander Truong\Documents\coding\ekyc-face-pad\data\raw\celeba_spoof\SpoofingData\013527.jpg,013527,photo,1,0.809214174747467,1,1
C:\Users\Zander Truong\Documents\coding\ekyc-face-pad\data\raw\celeba_spoof\SpoofingData\001104.jpg,001104,photo,1,0.992635190486908,1,1
C:\Users\Zander Truong\Documents\coding\ekyc-face-pad\data\raw\celeba_spoof\SpoofingData\000499.jpg,000499,photo,1,0.27587050199508667,0,0
C:\Users\Zander Truong\Documents\coding\ekyc-face-pad\data\raw\celeba_spoof\SpoofingData\010537.jpg,010537,photo,1,0.5290390849113464,1,1
C:\Users\Zander Truong\Documents\coding\ekyc-face-pad\data\raw\celeba_spoof\SpoofingData\002442.jpg,002442,photo,1,0.9351984858512878,1,1
C:\Users\Zander Truong\Documents\coding\ekyc-face-pad\data\raw\celeba_spoof\SpoofingData\000718.jpg,000718,photo,1,0.6835733652114868,1,1
C:\Users\Zander Truong\Documents\coding\ekyc-face-pad\data\raw\celeba_spoof\SpoofingData\007473.jpg,007473,bona_fide,0,0.06675698608160019,0,1
C:\Users\Zander Truong\Documents\coding\ekyc-face-pad\data\raw\celeba_spoof\SpoofingData\013301.jpg,013301,photo,1,0.9667668342590332,1,1
C:\Users\Zander Truong\Documents\coding\ekyc-face-pad\data\raw\celeba_spoof\SpoofingData\013118.jpg,013118,photo,1,0.902022659778595,1,1
C:\Users\Zander Truong\Documents\coding\ekyc-face-pad\data\raw\celeba_spoof\SpoofingData\016594.jpg,016594,photo,1,0.9818418025970459,1,1
C:\Users\Zander Truong\Documents\coding\ekyc-face-pad\data\raw\celeba_spoof\SpoofingData\016282.jpg,016282,photo,1,0.9394475221633911,1,1
C:\Users\Zander Truong\Documents\coding\ekyc-face-pad\data\raw\celeba_spoof\SpoofingData\011075.jpg,011075,bona_fide,0,0.11629484593868256,0,1
C:\Users\Zander Truong\Documents\coding\ekyc-face-pad\data\raw\celeba_spoof\SpoofingData\016614.jpg,016614,photo,1,0.9791338443756104,1,1
C:\Users\Zander Truong\Documents\coding\ekyc-face-pad\data\raw\celeba_spoof\SpoofingData\015760.jpg,015760,bona_fide,0,0.018093612045049667,0,1
C:\Users\Zander Truong\Documents\coding\ekyc-face-pad\data\raw\celeba_spoof\SpoofingData\012748.jpg,012748,bona_fide,0,0.050111398100852966,0,1
C:\Users\Zander Truong\Documents\coding\ekyc-face-pad\data\raw\celeba_spoof\SpoofingData\012147.jpg,012147,photo,1,0.8810009360313416,1,1
C:\Users\Zander Truong\Documents\coding\ekyc-face-pad\data\raw\celeba_spoof\SpoofingData\000863.jpg,000863,bona_fide,0,0.26059284806251526,0,1
C:\Users\Zander Truong\Documents\coding\ekyc-face-pad\data\raw\celeba_spoof\SpoofingData\003959.jpg,003959,bona_fide,0,0.02260524593293667,0,1
C:\Users\Zander Truong\Documents\coding\ekyc-face-pad\data\raw\celeba_spoof\SpoofingData\017964.jpg,017964,photo,1,0.11341606825590134,0,0
C:\Users\Zander Truong\Documents\coding\ekyc-face-pad\data\raw\celeba_spoof\SpoofingData\011778.jpg,011778,photo,1,0.9838692545890808,1,1
C:\Users\Zander Truong\Documents\coding\ekyc-face-pad\data\raw\celeba_spoof\SpoofingData\014464.jpg,014464,bona_fide,0,0.4150196611881256,0,1
C:\Users\Zander Truong\Documents\coding\ekyc-face-pad\data\raw\celeba_spoof\SpoofingData\012311.jpg,012311,bona_fide,0,0.029140237718820572,0,1
C:\Users\Zander Truong\Documents\coding\ekyc-face-pad\data\raw\celeba_spoof\SpoofingData\006010.jpg,006010,photo,1,0.9953370094299316,1,1
C:\Users\Zander Truong\Documents\coding\ekyc-face-pad\data\raw\celeba_spoof\SpoofingData\014145.jpg,014145,photo,1,0.9980023503303528,1,1
C:\Users\Zander Truong\Documents\coding\ekyc-face-pad\data\raw\celeba_spoof\SpoofingData\004168.jpg,004168,bona_fide,0,0.05600474774837494,0,1
C:\Users\Zander Truong\Documents\coding\ekyc-face-pad\data\raw\celeba_spoof\SpoofingData\005852.jpg,005852,photo,1,0.9879668354988098,1,1
C:\Users\Zander Truong\Documents\coding\ekyc-face-pad\data\raw\celeba_spoof\SpoofingData\015001.jpg,015001,photo,1,0.9685842394828796,1,1
C:\Users\Zander Truong\Documents\coding\ekyc-face-pad\data\raw\celeba_spoof\SpoofingData\008456.jpg,008456,photo,1,0.7294772863388062,1,1
C:\Users\Zander Truong\Documents\coding\ekyc-face-pad\data\raw\celeba_spoof\SpoofingData\010306.jpg,010306,bona_fide,0,0.012497730553150177,0,1
C:\Users\Zander Truong\Documents\coding\ekyc-face-pad\data\raw\celeba_spoof\SpoofingData\017483.jpg,017483,photo,1,0.9924958944320679,1,1
C:\Users\Zander Truong\Documents\coding\ekyc-face-pad\data\raw\celeba_spoof\SpoofingData\008900.jpg,008900,photo,1,0.8962174654006958,1,1
C:\Users\Zander Truong\Documents\coding\ekyc-face-pad\data\raw\celeba_spoof\SpoofingData\009107.jpg,009107,photo,1,0.978846549987793,1,1
C:\Users\Zander Truong\Documents\coding\ekyc-face-pad\data\raw\celeba_spoof\SpoofingData\014128.jpg,014128,photo,1,0.9599653482437134,1,1
C:\Users\Zander Truong\Documents\coding\ekyc-face-pad\data\raw\celeba_spoof\SpoofingData\013376.jpg,013376,bona_fide,0,0.8793821334838867,1,0
C:\Users\Zander Truong\Documents\coding\ekyc-face-pad\data\raw\celeba_spoof\SpoofingData\016754.jpg,016754,bona_fide,0,0.007955294102430344,0,1
C:\Users\Zander Truong\Documents\coding\ekyc-face-pad\data\raw\celeba_spoof\SpoofingData\008654.jpg,008654,photo,1,0.9928361773490906,1,1
C:\Users\Zander Truong\Documents\coding\ekyc-face-pad\data\raw\celeba_spoof\SpoofingData\007367.jpg,007367,bona_fide,0,0.0833115503191948,0,1
C:\Users\Zander Truong\Documents\coding\ekyc-face-pad\data\raw\celeba_spoof\SpoofingData\006773.jpg,006773,photo,1,0.9693267345428467,1,1
C:\Users\Zander Truong\Documents\coding\ekyc-face-pad\data\raw\celeba_spoof\SpoofingData\013686.jpg,013686,photo,1,0.9936709403991699,1,1
C:\Users\Zander Truong\Documents\coding\ekyc-face-pad\data\raw\celeba_spoof\SpoofingData\016080.jpg,016080,photo,1,0.9709439277648926,1,1
C:\Users\Zander Truong\Documents\coding\ekyc-face-pad\data\raw\celeba_spoof\SpoofingData\016830.jpg,016830,photo,1,0.9838663935661316,1,1
C:\Users\Zander Truong\Documents\coding\ekyc-face-pad\data\raw\celeba_spoof\SpoofingData\005066.jpg,005066,photo,1,0.8319823741912842,1,1
C:\Users\Zander Truong\Documents\coding\ekyc-face-pad\data\raw\celeba_spoof\SpoofingData\005568.jpg,005568,photo,1,0.9566583633422852,1,1
C:\Users\Zander Truong\Documents\coding\ekyc-face-pad\data\raw\celeba_spoof\SpoofingData\010110.jpg,010110,photo,1,0.8227865099906921,1,1
C:\Users\Zander Truong\Documents\coding\ekyc-face-pad\data\raw\celeba_spoof\SpoofingData\002796.jpg,002796,bona_fide,0,0.0024322846438735723,0,1
C:\Users\Zander Truong\Documents\coding\ekyc-face-pad\data\raw\celeba_spoof\SpoofingData\002287.jpg,002287,photo,1,0.8158755302429199,1,1
C:\Users\Zander Truong\Documents\coding\ekyc-face-pad\data\raw\celeba_spoof\SpoofingData\012712.jpg,012712,photo,1,0.9748281836509705,1,1
C:\Users\Zander Truong\Documents\coding\ekyc-face-pad\data\raw\celeba_spoof\SpoofingData\002161.jpg,002161,photo,1,0.3907855153083801,0,0
C:\Users\Zander Truong\Documents\coding\ekyc-face-pad\data\raw\celeba_spoof\SpoofingData\006176.jpg,006176,bona_fide,0,0.056567028164863586,0,1
C:\Users\Zander Truong\Documents\coding\ekyc-face-pad\data\raw\celeba_spoof\SpoofingData\016946.jpg,016946,photo,1,0.8858963251113892,1,1
C:\Users\Zander Truong\Documents\coding\ekyc-face-pad\data\raw\celeba_spoof\SpoofingData\005564.jpg,005564,photo,1,0.9156085848808289,1,1
C:\Users\Zander Truong\Documents\coding\ekyc-face-pad\data\raw\celeba_spoof\SpoofingData\002612.jpg,002612,photo,1,0.7116740942001343,1,1
C:\Users\Zander Truong\Documents\coding\ekyc-face-pad\data\raw\celeba_spoof\SpoofingData\016288.jpg,016288,photo,1,0.9515386819839478,1,1
C:\Users\Zander Truong\Documents\coding\ekyc-face-pad\data\raw\celeba_spoof\SpoofingData\004147.jpg,004147,photo,1,0.8959813117980957,1,1
C:\Users\Zander Truong\Documents\coding\ekyc-face-pad\data\raw\celeba_spoof\SpoofingData\016444.jpg,016444,photo,1,0.9825512766838074,1,1
C:\Users\Zander Truong\Documents\coding\ekyc-face-pad\data\raw\celeba_spoof\SpoofingData\010956.jpg,010956,photo,1,0.9899073839187622,1,1
C:\Users\Zander Truong\Documents\coding\ekyc-face-pad\data\raw\celeba_spoof\SpoofingData\003291.jpg,003291,bona_fide,0,0.011617493815720081,0,1
C:\Users\Zander Truong\Documents\coding\ekyc-face-pad\data\raw\celeba_spoof\SpoofingData\000815.jpg,000815,photo,1,0.9550657272338867,1,1
C:\Users\Zander Truong\Documents\coding\ekyc-face-pad\data\raw\celeba_spoof\SpoofingData\004856.jpg,004856,photo,1,0.6083998084068298,1,1
C:\Users\Zander Truong\Documents\coding\ekyc-face-pad\data\raw\celeba_spoof\SpoofingData\006937.jpg,006937,photo,1,0.15397167205810547,0,0
C:\Users\Zander Truong\Documents\coding\ekyc-face-pad\data\raw\celeba_spoof\SpoofingData\012800.jpg,012800,bona_fide,0,0.03557493910193443,0,1
C:\Users\Zander Truong\Documents\coding\ekyc-face-pad\data\raw\celeba_spoof\SpoofingData\017107.jpg,017107,photo,1,0.9843473434448242,1,1
C:\Users\Zander Truong\Documents\coding\ekyc-face-pad\data\raw\celeba_spoof\SpoofingData\001128.jpg,001128,photo,1,0.707669734954834,1,1
C:\Users\Zander Truong\Documents\coding\ekyc-face-pad\data\raw\celeba_spoof\SpoofingData\008489.jpg,008489,bona_fide,0,0.10814175754785538,0,1
C:\Users\Zander Truong\Documents\coding\ekyc-face-pad\data\raw\celeba_spoof\SpoofingData\004382.jpg,004382,photo,1,0.9953338503837585,1,1
C:\Users\Zander Truong\Documents\coding\ekyc-face-pad\data\raw\celeba_spoof\SpoofingData\007633.jpg,007633,photo,1,0.9964667558670044,1,1
C:\Users\Zander Truong\Documents\coding\ekyc-face-pad\data\raw\celeba_spoof\SpoofingData\010229.jpg,010229,photo,1,0.8354793787002563,1,1
C:\Users\Zander Truong\Documents\coding\ekyc-face-pad\data\raw\celeba_spoof\SpoofingData\006898.jpg,006898,bona_fide,0,0.007155420258641243,0,1
C:\Users\Zander Truong\Documents\coding\ekyc-face-pad\data\raw\celeba_spoof\SpoofingData\005552.jpg,005552,bona_fide,0,0.012232882902026176,0,1
C:\Users\Zander Truong\Documents\coding\ekyc-face-pad\data\raw\celeba_spoof\SpoofingData\009472.jpg,009472,bona_fide,0,0.05202836915850639,0,1
C:\Users\Zander Truong\Documents\coding\ekyc-face-pad\data\raw\celeba_spoof\SpoofingData\005834.jpg,005834,photo,1,0.9329193234443665,1,1
C:\Users\Zander Truong\Documents\coding\ekyc-face-pad\data\raw\celeba_spoof\SpoofingData\006113.jpg,006113,photo,1,0.9969587326049805,1,1
C:\Users\Zander Truong\Documents\coding\ekyc-face-pad\data\raw\celeba_spoof\SpoofingData\011841.jpg,011841,photo,1,0.9438534379005432,1,1
C:\Users\Zander Truong\Documents\coding\ekyc-face-pad\data\raw\celeba_spoof\SpoofingData\004453.jpg,004453,bona_fide,0,0.15867678821086884,0,1
C:\Users\Zander Truong\Documents\coding\ekyc-face-pad\data\raw\celeba_spoof\SpoofingData\009181.jpg,009181,photo,1,0.978186309337616,1,1
C:\Users\Zander Truong\Documents\coding\ekyc-face-pad\data\raw\celeba_spoof\SpoofingData\015081.jpg,015081,photo,1,0.7299215793609619,1,1
C:\Users\Zander Truong\Documents\coding\ekyc-face-pad\data\raw\celeba_spoof\SpoofingData\016387.jpg,016387,photo,1,0.9295557737350464,1,1
C:\Users\Zander Truong\Documents\coding\ekyc-face-pad\data\raw\celeba_spoof\SpoofingData\005615.jpg,005615,photo,1,0.9923474788665771,1,1
C:\Users\Zander Truong\Documents\coding\ekyc-face-pad\data\raw\celeba_spoof\SpoofingData\002835.jpg,002835,bona_fide,0,0.37158411741256714,0,1
C:\Users\Zander Truong\Documents\coding\ekyc-face-pad\data\raw\celeba_spoof\SpoofingData\003180.jpg,003180,photo,1,0.9714126586914062,1,1
C:\Users\Zander Truong\Documents\coding\ekyc-face-pad\data\raw\celeba_spoof\SpoofingData\008969.jpg,008969,photo,1,0.9914924502372742,1,1
C:\Users\Zander Truong\Documents\coding\ekyc-face-pad\data\raw\celeba_spoof\SpoofingData\011209.jpg,011209,bona_fide,0,0.278717041015625,0,1
C:\Users\Zander Truong\Documents\coding\ekyc-face-pad\data\raw\celeba_spoof\SpoofingData\015147.jpg,015147,photo,1,0.975786030292511,1,1
C:\Users\Zander Truong\Documents\coding\ekyc-face-pad\data\raw\celeba_spoof\SpoofingData\000191.jpg,000191,photo,1,0.9802154302597046,1,1
C:\Users\Zander Truong\Documents\coding\ekyc-face-pad\data\raw\celeba_spoof\SpoofingData\000885.jpg,000885,bona_fide,0,0.17635853588581085,0,1
C:\Users\Zander Truong\Documents\coding\ekyc-face-pad\data\raw\celeba_spoof\SpoofingData\004749.jpg,004749,photo,1,0.8900833129882812,1,1
C:\Users\Zander Truong\Documents\coding\ekyc-face-pad\data\raw\celeba_spoof\SpoofingData\001927.jpg,001927,bona_fide,0,0.011187933385372162,0,1
C:\Users\Zander Truong\Documents\coding\ekyc-face-pad\data\raw\celeba_spoof\SpoofingData\007010.jpg,007010,photo,1,0.9740822315216064,1,1
C:\Users\Zander Truong\Documents\coding\ekyc-face-pad\data\raw\celeba_spoof\SpoofingData\005247.jpg,005247,photo,1,0.8352934122085571,1,1
C:\Users\Zander Truong\Documents\coding\ekyc-face-pad\data\raw\celeba_spoof\SpoofingData\013249.jpg,013249,photo,1,0.9810591340065002,1,1
C:\Users\Zander Truong\Documents\coding\ekyc-face-pad\data\raw\celeba_spoof\SpoofingData\014879.jpg,014879,bona_fide,0,0.1694556027650833,0,1
C:\Users\Zander Truong\Documents\coding\ekyc-face-pad\data\raw\celeba_spoof\SpoofingData\001063.jpg,001063,bona_fide,0,0.6339002251625061,1,0
C:\Users\Zander Truong\Documents\coding\ekyc-face-pad\data\raw\celeba_spoof\SpoofingData\010133.jpg,010133,photo,1,0.9464911222457886,1,1
C:\Users\Zander Truong\Documents\coding\ekyc-face-pad\data\raw\celeba_spoof\SpoofingData\010638.jpg,010638,photo,1,0.9786511063575745,1,1
C:\Users\Zander Truong\Documents\coding\ekyc-face-pad\data\raw\celeba_spoof\SpoofingData\015244.jpg,015244,photo,1,0.3992832899093628,0,0
C:\Users\Zander Truong\Documents\coding\ekyc-face-pad\data\raw\celeba_spoof\SpoofingData\010671.jpg,010671,bona_fide,0,0.1826702356338501,0,1
C:\Users\Zander Truong\Documents\coding\ekyc-face-pad\data\raw\celeba_spoof\SpoofingData\006216.jpg,006216,photo,1,0.9899673461914062,1,1
C:\Users\Zander Truong\Documents\coding\ekyc-face-pad\data\raw\celeba_spoof\SpoofingData\002106.jpg,002106,photo,1,0.9604355096817017,1,1
C:\Users\Zander Truong\Documents\coding\ekyc-face-pad\data\raw\celeba_spoof\SpoofingData\003779.jpg,003779,photo,1,0.9856897592544556,1,1
C:\Users\Zander Truong\Documents\coding\ekyc-face-pad\data\raw\celeba_spoof\SpoofingData\012633.jpg,012633,photo,1,0.3728329837322235,0,0
C:\Users\Zander Truong\Documents\coding\ekyc-face-pad\data\raw\celeba_spoof\SpoofingData\013380.jpg,013380,photo,1,0.7270001173019409,1,1
C:\Users\Zander Truong\Documents\coding\ekyc-face-pad\data\raw\celeba_spoof\SpoofingData\000866.jpg,000866,photo,1,0.835520327091217,1,1
C:\Users\Zander Truong\Documents\coding\ekyc-face-pad\data\raw\celeba_spoof\SpoofingData\013082.jpg,013082,photo,1,0.9967899918556213,1,1
C:\Users\Zander Truong\Documents\coding\ekyc-face-pad\data\raw\celeba_spoof\SpoofingData\013242.jpg,013242,bona_fide,0,0.02242407202720642,0,1
C:\Users\Zander Truong\Documents\coding\ekyc-face-pad\data\raw\celeba_spoof\SpoofingData\007601.jpg,007601,photo,1,0.9874546527862549,1,1
C:\Users\Zander Truong\Documents\coding\ekyc-face-pad\data\raw\celeba_spoof\SpoofingData\010164.jpg,010164,photo,1,0.9983980059623718,1,1
C:\Users\Zander Truong\Documents\coding\ekyc-face-pad\data\raw\celeba_spoof\SpoofingData\003657.jpg,003657,bona_fide,0,0.31173408031463623,0,1
C:\Users\Zander Truong\Documents\coding\ekyc-face-pad\data\raw\celeba_spoof\SpoofingData\002008.jpg,002008,photo,1,0.47552525997161865,0,0
C:\Users\Zander Truong\Documents\coding\ekyc-face-pad\data\raw\celeba_spoof\SpoofingData\001582.jpg,001582,photo,1,0.9864718914031982,1,1
C:\Users\Zander Truong\Documents\coding\ekyc-face-pad\data\raw\celeba_spoof\SpoofingData\000797.jpg,000797,photo,1,0.7823023200035095,1,1
C:\Users\Zander Truong\Documents\coding\ekyc-face-pad\data\raw\celeba_spoof\SpoofingData\011020.jpg,011020,photo,1,0.9516588449478149,1,1
C:\Users\Zander Truong\Documents\coding\ekyc-face-pad\data\raw\celeba_spoof\SpoofingData\016897.jpg,016897,photo,1,0.9807851314544678,1,1
C:\Users\Zander Truong\Documents\coding\ekyc-face-pad\data\raw\celeba_spoof\SpoofingData\016409.jpg,016409,bona_fide,0,0.0157774668186903,0,1
C:\Users\Zander Truong\Documents\coding\ekyc-face-pad\data\raw\celeba_spoof\SpoofingData\013547.jpg,013547,photo,1,0.6080672740936279,1,1
C:\Users\Zander Truong\Documents\coding\ekyc-face-pad\data\raw\celeba_spoof\SpoofingData\009473.jpg,009473,photo,1,0.898253858089447,1,1
C:\Users\Zander Truong\Documents\coding\ekyc-face-pad\data\raw\celeba_spoof\SpoofingData\004455.jpg,004455,photo,1,0.9967694282531738,1,1
C:\Users\Zander Truong\Documents\coding\ekyc-face-pad\data\raw\celeba_spoof\SpoofingData\006150.jpg,006150,photo,1,0.9659262895584106,1,1
C:\Users\Zander Truong\Documents\coding\ekyc-face-pad\data\raw\celeba_spoof\SpoofingData\012752.jpg,012752,photo,1,0.9906660914421082,1,1
C:\Users\Zander Truong\Documents\coding\ekyc-face-pad\data\raw\celeba_spoof\SpoofingData\012472.jpg,012472,photo,1,0.7558056116104126,1,1
C:\Users\Zander Truong\Documents\coding\ekyc-face-pad\data\raw\celeba_spoof\SpoofingData\002299.jpg,002299,photo,1,0.24120713770389557,0,0
C:\Users\Zander Truong\Documents\coding\ekyc-face-pad\data\raw\celeba_spoof\SpoofingData\004254.jpg,004254,bona_fide,0,0.1374048888683319,0,1
C:\Users\Zander Truong\Documents\coding\ekyc-face-pad\data\raw\celeba_spoof\SpoofingData\013866.jpg,013866,photo,1,0.9422808289527893,1,1
C:\Users\Zander Truong\Documents\coding\ekyc-face-pad\data\raw\celeba_spoof\SpoofingData\004786.jpg,004786,photo,1,0.9716358184814453,1,1
C:\Users\Zander Truong\Documents\coding\ekyc-face-pad\data\raw\celeba_spoof\SpoofingData\001404.jpg,001404,photo,1,0.8233782649040222,1,1
C:\Users\Zander Truong\Documents\coding\ekyc-face-pad\data\raw\celeba_spoof\SpoofingData\008793.jpg,008793,bona_fide,0,0.029635939747095108,0,1
C:\Users\Zander Truong\Documents\coding\ekyc-face-pad\data\raw\celeba_spoof\SpoofingData\016947.jpg,016947,photo,1,0.9012141823768616,1,1
C:\Users\Zander Truong\Documents\coding\ekyc-face-pad\data\raw\celeba_spoof\SpoofingData\014899.jpg,014899,bona_fide,0,0.011134003289043903,0,1
C:\Users\Zander Truong\Documents\coding\ekyc-face-pad\data\raw\celeba_spoof\SpoofingData\005063.jpg,005063,bona_fide,0,0.026657585054636,0,1
C:\Users\Zander Truong\Documents\coding\ekyc-face-pad\data\raw\celeba_spoof\SpoofingData\008081.jpg,008081,bona_fide,0,0.27543896436691284,0,1
C:\Users\Zander Truong\Documents\coding\ekyc-face-pad\data\raw\celeba_spoof\SpoofingData\017392.jpg,017392,photo,1,0.9513145685195923,1,1
C:\Users\Zander Truong\Documents\coding\ekyc-face-pad\data\raw\celeba_spoof\SpoofingData\013878.jpg,013878,photo,1,0.9972783923149109,1,1
C:\Users\Zander Truong\Documents\coding\ekyc-face-pad\data\raw\celeba_spoof\SpoofingData\006208.jpg,006208,bona_fide,0,0.011295367032289505,0,1
C:\Users\Zander Truong\Documents\coding\ekyc-face-pad\data\raw\celeba_spoof\SpoofingData\010065.jpg,010065,photo,1,0.969808042049408,1,1
C:\Users\Zander Truong\Documents\coding\ekyc-face-pad\data\raw\celeba_spoof\SpoofingData\009987.jpg,009987,bona_fide,0,0.19522689282894135,0,1
C:\Users\Zander Truong\Documents\coding\ekyc-face-pad\data\raw\celeba_spoof\SpoofingData\003144.jpg,003144,photo,1,0.8983975052833557,1,1
C:\Users\Zander Truong\Documents\coding\ekyc-face-pad\data\raw\celeba_spoof\SpoofingData\015243.jpg,015243,bona_fide,0,0.2187402993440628,0,1
C:\Users\Zander Truong\Documents\coding\ekyc-face-pad\data\raw\celeba_spoof\SpoofingData\008448.jpg,008448,photo,1,0.9782981276512146,1,1
C:\Users\Zander Truong\Documents\coding\ekyc-face-pad\data\raw\celeba_spoof\SpoofingData\005419.jpg,005419,photo,1,0.9740087985992432,1,1
C:\Users\Zander Truong\Documents\coding\ekyc-face-pad\data\raw\celeba_spoof\SpoofingData\014551.jpg,014551,bona_fide,0,0.05258067324757576,0,1
C:\Users\Zander Truong\Documents\coding\ekyc-face-pad\data\raw\celeba_spoof\SpoofingData\015885.jpg,015885,bona_fide,0,0.016512425616383553,0,1
C:\Users\Zander Truong\Documents\coding\ekyc-face-pad\data\raw\celeba_spoof\SpoofingData\005895.jpg,005895,bona_fide,0,0.004052264615893364,0,1
C:\Users\Zander Truong\Documents\coding\ekyc-face-pad\data\raw\celeba_spoof\SpoofingData\001162.jpg,001162,bona_fide,0,0.8498847484588623,1,0
C:\Users\Zander Truong\Documents\coding\ekyc-face-pad\data\raw\celeba_spoof\SpoofingData\009296.jpg,009296,photo,1,0.2450076788663864,0,0
C:\Users\Zander Truong\Documents\coding\ekyc-face-pad\data\raw\celeba_spoof\SpoofingData\014912.jpg,014912,bona_fide,0,0.04041246324777603,0,1
C:\Users\Zander Truong\Documents\coding\ekyc-face-pad\data\raw\celeba_spoof\SpoofingData\002493.jpg,002493,photo,1,0.7866230607032776,1,1
C:\Users\Zander Truong\Documents\coding\ekyc-face-pad\data\raw\celeba_spoof\SpoofingData\014663.jpg,014663,bona_fide,0,0.033689238131046295,0,1
C:\Users\Zander Truong\Documents\coding\ekyc-face-pad\data\raw\celeba_spoof\SpoofingData\012245.jpg,012245,photo,1,0.7992686033248901,1,1
C:\Users\Zander Truong\Documents\coding\ekyc-face-pad\data\raw\celeba_spoof\SpoofingData\001705.jpg,001705,photo,1,0.9793391823768616,1,1
C:\Users\Zander Truong\Documents\coding\ekyc-face-pad\data\raw\celeba_spoof\SpoofingData\014058.jpg,014058,bona_fide,0,0.0969591736793518,0,1
C:\Users\Zander Truong\Documents\coding\ekyc-face-pad\data\raw\celeba_spoof\SpoofingData\010792.jpg,010792,photo,1,0.896528959274292,1,1
C:\Users\Zander Truong\Documents\coding\ekyc-face-pad\data\raw\celeba_spoof\SpoofingData\002207.jpg,002207,photo,1,0.8520498275756836,1,1
C:\Users\Zander Truong\Documents\coding\ekyc-face-pad\data\raw\celeba_spoof\SpoofingData\015198.jpg,015198,photo,1,0.9854583740234375,1,1
C:\Users\Zander Truong\Documents\coding\ekyc-face-pad\data\raw\celeba_spoof\SpoofingData\010404.jpg,010404,bona_fide,0,0.9405331611633301,1,0
C:\Users\Zander Truong\Documents\coding\ekyc-face-pad\data\raw\celeba_spoof\SpoofingData\004585.jpg,004585,photo,1,0.9144879579544067,1,1
C:\Users\Zander Truong\Documents\coding\ekyc-face-pad\data\raw\celeba_spoof\SpoofingData\014648.jpg,014648,bona_fide,0,0.03615357354283333,0,1
C:\Users\Zander Truong\Documents\coding\ekyc-face-pad\data\raw\celeba_spoof\SpoofingData\003017.jpg,003017,photo,1,0.37804824113845825,0,0
C:\Users\Zander Truong\Documents\coding\ekyc-face-pad\data\raw\celeba_spoof\SpoofingData\005344.jpg,005344,photo,1,0.9444797039031982,1,1
C:\Users\Zander Truong\Documents\coding\ekyc-face-pad\data\raw\celeba_spoof\SpoofingData\002228.jpg,002228,bona_fide,0,0.8050496578216553,1,0
C:\Users\Zander Truong\Documents\coding\ekyc-face-pad\data\raw\celeba_spoof\SpoofingData\008463.jpg,008463,photo,1,0.9546721577644348,1,1
C:\Users\Zander Truong\Documents\coding\ekyc-face-pad\data\raw\celeba_spoof\SpoofingData\006519.jpg,006519,bona_fide,0,0.021627599373459816,0,1
C:\Users\Zander Truong\Documents\coding\ekyc-face-pad\data\raw\celeba_spoof\SpoofingData\001529.jpg,001529,photo,1,0.7017667293548584,1,1
C:\Users\Zander Truong\Documents\coding\ekyc-face-pad\data\raw\celeba_spoof\SpoofingData\005042.jpg,005042,bona_fide,0,0.9834312796592712,1,0
C:\Users\Zander Truong\Documents\coding\ekyc-face-pad\data\raw\celeba_spoof\SpoofingData\001526.jpg,001526,photo,1,0.9595635533332825,1,1
C:\Users\Zander Truong\Documents\coding\ekyc-face-pad\data\raw\celeba_spoof\SpoofingData\014843.jpg,014843,photo,1,0.15753686428070068,0,0
C:\Users\Zander Truong\Documents\coding\ekyc-face-pad\data\raw\celeba_spoof\SpoofingData\000096.jpg,000096,photo,1,0.9847736358642578,1,1
C:\Users\Zander Truong\Documents\coding\ekyc-face-pad\data\raw\celeba_spoof\SpoofingData\002031.jpg,002031,photo,1,0.9857811331748962,1,1
C:\Users\Zander Truong\Documents\coding\ekyc-face-pad\data\raw\celeba_spoof\SpoofingData\010894.jpg,010894,photo,1,0.9922310709953308,1,1
C:\Users\Zander Truong\Documents\coding\ekyc-face-pad\data\raw\celeba_spoof\SpoofingData\014687.jpg,014687,photo,1,0.9923559427261353,1,1
C:\Users\Zander Truong\Documents\coding\ekyc-face-pad\data\raw\celeba_spoof\SpoofingData\016716.jpg,016716,photo,1,0.987286388874054,1,1
C:\Users\Zander Truong\Documents\coding\ekyc-face-pad\data\raw\celeba_spoof\SpoofingData\015648.jpg,015648,photo,1,0.9953964352607727,1,1
C:\Users\Zander Truong\Documents\coding\ekyc-face-pad\data\raw\celeba_spoof\SpoofingData\001233.jpg,001233,photo,1,0.8979682326316833,1,1
C:\Users\Zander Truong\Documents\coding\ekyc-face-pad\data\raw\celeba_spoof\SpoofingData\013994.jpg,013994,photo,1,0.8783329129219055,1,1
C:\Users\Zander Truong\Documents\coding\ekyc-face-pad\data\raw\celeba_spoof\SpoofingData\016896.jpg,016896,photo,1,0.9845646619796753,1,1
C:\Users\Zander Truong\Documents\coding\ekyc-face-pad\data\raw\celeba_spoof\SpoofingData\006941.jpg,006941,photo,1,0.9986141920089722,1,1
C:\Users\Zander Truong\Documents\coding\ekyc-face-pad\data\raw\celeba_spoof\SpoofingData\002490.jpg,002490,photo,1,0.6937800645828247,1,1
C:\Users\Zander Truong\Documents\coding\ekyc-face-pad\data\raw\celeba_spoof\SpoofingData\006635.jpg,006635,photo,1,0.9868578910827637,1,1
C:\Users\Zander Truong\Documents\coding\ekyc-face-pad\data\raw\celeba_spoof\SpoofingData\007788.jpg,007788,photo,1,0.836399257183075,1,1
C:\Users\Zander Truong\Documents\coding\ekyc-face-pad\data\raw\celeba_spoof\SpoofingData\010319.jpg,010319,photo,1,0.9828273057937622,1,1
C:\Users\Zander Truong\Documents\coding\ekyc-face-pad\data\raw\celeba_spoof\SpoofingData\009046.jpg,009046,bona_fide,0,0.02088075317442417,0,1
C:\Users\Zander Truong\Documents\coding\ekyc-face-pad\data\raw\celeba_spoof\SpoofingData\002642.jpg,002642,photo,1,0.9052088260650635,1,1
C:\Users\Zander Truong\Documents\coding\ekyc-face-pad\data\raw\celeba_spoof\SpoofingData\012360.jpg,012360,bona_fide,0,0.1589026153087616,0,1
C:\Users\Zander Truong\Documents\coding\ekyc-face-pad\data\raw\celeba_spoof\SpoofingData\011012.jpg,011012,photo,1,0.8242331147193909,1,1
C:\Users\Zander Truong\Documents\coding\ekyc-face-pad\data\raw\celeba_spoof\SpoofingData\015378.jpg,015378,photo,1,0.8866556882858276,1,1
C:\Users\Zander Truong\Documents\coding\ekyc-face-pad\data\raw\celeba_spoof\SpoofingData\007394.jpg,007394,photo,1,0.9799450635910034,1,1
C:\Users\Zander Truong\Documents\coding\ekyc-face-pad\data\raw\celeba_spoof\SpoofingData\015855.jpg,015855,photo,1,0.9421147704124451,1,1
C:\Users\Zander Truong\Documents\coding\ekyc-face-pad\data\raw\celeba_spoof\SpoofingData\012176.jpg,012176,photo,1,0.9962365031242371,1,1
C:\Users\Zander Truong\Documents\coding\ekyc-face-pad\data\raw\celeba_spoof\SpoofingData\010108.jpg,010108,photo,1,0.9275055527687073,1,1
C:\Users\Zander Truong\Documents\coding\ekyc-face-pad\data\raw\celeba_spoof\SpoofingData\009254.jpg,009254,photo,1,0.9790089726448059,1,1
C:\Users\Zander Truong\Documents\coding\ekyc-face-pad\data\raw\celeba_spoof\SpoofingData\014766.jpg,014766,photo,1,0.9870420694351196,1,1
C:\Users\Zander Truong\Documents\coding\ekyc-face-pad\data\raw\celeba_spoof\SpoofingData\012312.jpg,012312,photo,1,0.9913670420646667,1,1
C:\Users\Zander Truong\Documents\coding\ekyc-face-pad\data\raw\celeba_spoof\SpoofingData\013312.jpg,013312,bona_fide,0,0.011526345275342464,0,1
C:\Users\Zander Truong\Documents\coding\ekyc-face-pad\data\raw\celeba_spoof\SpoofingData\016547.jpg,016547,photo,1,0.8370729684829712,1,1
C:\Users\Zander Truong\Documents\coding\ekyc-face-pad\data\raw\celeba_spoof\SpoofingData\006037.jpg,006037,photo,1,0.9530714750289917,1,1
C:\Users\Zander Truong\Documents\coding\ekyc-face-pad\data\raw\celeba_spoof\SpoofingData\001001.jpg,001001,photo,1,0.9667108058929443,1,1
C:\Users\Zander Truong\Documents\coding\ekyc-face-pad\data\raw\celeba_spoof\SpoofingData\011262.jpg,011262,bona_fide,0,0.3496711254119873,0,1
C:\Users\Zander Truong\Documents\coding\ekyc-face-pad\data\raw\celeba_spoof\SpoofingData\002495.jpg,002495,bona_fide,0,0.33732983469963074,0,1
C:\Users\Zander Truong\Documents\coding\ekyc-face-pad\data\raw\celeba_spoof\SpoofingData\016065.jpg,016065,bona_fide,0,0.13286572694778442,0,1
C:\Users\Zander Truong\Documents\coding\ekyc-face-pad\data\raw\celeba_spoof\SpoofingData\017811.jpg,017811,photo,1,0.9231087565422058,1,1
C:\Users\Zander Truong\Documents\coding\ekyc-face-pad\data\raw\celeba_spoof\SpoofingData\012196.jpg,012196,photo,1,0.9768908619880676,1,1
C:\Users\Zander Truong\Documents\coding\ekyc-face-pad\data\raw\celeba_spoof\SpoofingData\017829.jpg,017829,bona_fide,0,0.06297708302736282,0,1
C:\Users\Zander Truong\Documents\coding\ekyc-face-pad\data\raw\celeba_spoof\SpoofingData\015283.jpg,015283,photo,1,0.9188801050186157,1,1
C:\Users\Zander Truong\Documents\coding\ekyc-face-pad\data\raw\celeba_spoof\SpoofingData\002711.jpg,002711,photo,1,0.8396751284599304,1,1
C:\Users\Zander Truong\Documents\coding\ekyc-face-pad\data\raw\celeba_spoof\SpoofingData\012509.jpg,012509,photo,1,0.9665201306343079,1,1
C:\Users\Zander Truong\Documents\coding\ekyc-face-pad\data\raw\celeba_spoof\SpoofingData\002017.jpg,002017,bona_fide,0,0.1332937628030777,0,1
C:\Users\Zander Truong\Documents\coding\ekyc-face-pad\data\raw\celeba_spoof\SpoofingData\003357.jpg,003357,bona_fide,0,0.09584661573171616,0,1
C:\Users\Zander Truong\Documents\coding\ekyc-face-pad\data\raw\celeba_spoof\SpoofingData\011598.jpg,011598,photo,1,0.9967578053474426,1,1
C:\Users\Zander Truong\Documents\coding\ekyc-face-pad\data\raw\celeba_spoof\SpoofingData\004369.jpg,004369,photo,1,0.669809877872467,1,1
C:\Users\Zander Truong\Documents\coding\ekyc-face-pad\data\raw\celeba_spoof\SpoofingData\011542.jpg,011542,photo,1,0.9535225629806519,1,1
C:\Users\Zander Truong\Documents\coding\ekyc-face-pad\data\raw\celeba_spoof\SpoofingData\010708.jpg,010708,bona_fide,0,0.09107916057109833,0,1
C:\Users\Zander Truong\Documents\coding\ekyc-face-pad\data\raw\celeba_spoof\SpoofingData\012466.jpg,012466,bona_fide,0,0.13943645358085632,0,1
C:\Users\Zander Truong\Documents\coding\ekyc-face-pad\data\raw\celeba_spoof\SpoofingData\006646.jpg,006646,photo,1,0.3958671987056732,0,0
C:\Users\Zander Truong\Documents\coding\ekyc-face-pad\data\raw\celeba_spoof\SpoofingData\011490.jpg,011490,bona_fide,0,0.024248046800494194,0,1
C:\Users\Zander Truong\Documents\coding\ekyc-face-pad\data\raw\celeba_spoof\SpoofingData\013893.jpg,013893,bona_fide,0,0.30646243691444397,0,1
C:\Users\Zander Truong\Documents\coding\ekyc-face-pad\data\raw\celeba_spoof\SpoofingData\003633.jpg,003633,bona_fide,0,0.03007994405925274,0,1
C:\Users\Zander Truong\Documents\coding\ekyc-face-pad\data\raw\celeba_spoof\SpoofingData\007684.jpg,007684,photo,1,0.9747765064239502,1,1
C:\Users\Zander Truong\Documents\coding\ekyc-face-pad\data\raw\celeba_spoof\SpoofingData\015919.jpg,015919,photo,1,0.9751665592193604,1,1
C:\Users\Zander Truong\Documents\coding\ekyc-face-pad\data\raw\celeba_spoof\SpoofingData\013789.jpg,013789,photo,1,0.992984414100647,1,1
C:\Users\Zander Truong\Documents\coding\ekyc-face-pad\data\raw\celeba_spoof\SpoofingData\004347.jpg,004347,bona_fide,0,0.08363037556409836,0,1
C:\Users\Zander Truong\Documents\coding\ekyc-face-pad\data\raw\celeba_spoof\SpoofingData\003020.jpg,003020,photo,1,0.8856454491615295,1,1
C:\Users\Zander Truong\Documents\coding\ekyc-face-pad\data\raw\celeba_spoof\SpoofingData\010208.jpg,010208,photo,1,0.9147792458534241,1,1
C:\Users\Zander Truong\Documents\coding\ekyc-face-pad\data\raw\celeba_spoof\SpoofingData\015862.jpg,015862,bona_fide,0,0.012671755626797676,0,1
C:\Users\Zander Truong\Documents\coding\ekyc-face-pad\data\raw\celeba_spoof\SpoofingData\015055.jpg,015055,photo,1,0.9572378993034363,1,1
C:\Users\Zander Truong\Documents\coding\ekyc-face-pad\data\raw\celeba_spoof\SpoofingData\015348.jpg,015348,bona_fide,0,0.24477551877498627,0,1
C:\Users\Zander Truong\Documents\coding\ekyc-face-pad\data\raw\celeba_spoof\SpoofingData\013133.jpg,013133,bona_fide,0,0.08591632544994354,0,1
C:\Users\Zander Truong\Documents\coding\ekyc-face-pad\data\raw\celeba_spoof\SpoofingData\001787.jpg,001787,bona_fide,0,0.03150174394249916,0,1
C:\Users\Zander Truong\Documents\coding\ekyc-face-pad\data\raw\celeba_spoof\SpoofingData\009699.jpg,009699,bona_fide,0,0.09265153855085373,0,1
C:\Users\Zander Truong\Documents\coding\ekyc-face-pad\data\raw\celeba_spoof\SpoofingData\002691.jpg,002691,photo,1,0.9789182543754578,1,1
C:\Users\Zander Truong\Documents\coding\ekyc-face-pad\data\raw\celeba_spoof\SpoofingData\006857.jpg,006857,photo,1,0.9033482074737549,1,1
C:\Users\Zander Truong\Documents\coding\ekyc-face-pad\data\raw\celeba_spoof\SpoofingData\006204.jpg,006204,bona_fide,0,0.3647824823856354,0,1
C:\Users\Zander Truong\Documents\coding\ekyc-face-pad\data\raw\celeba_spoof\SpoofingData\012756.jpg,012756,photo,1,0.7895327806472778,1,1
C:\Users\Zander Truong\Documents\coding\ekyc-face-pad\data\raw\celeba_spoof\SpoofingData\000586.jpg,000586,photo,1,0.9883474707603455,1,1
C:\Users\Zander Truong\Documents\coding\ekyc-face-pad\data\raw\celeba_spoof\SpoofingData\005445.jpg,005445,bona_fide,0,0.05778278410434723,0,1
C:\Users\Zander Truong\Documents\coding\ekyc-face-pad\data\raw\celeba_spoof\SpoofingData\002145.jpg,002145,photo,1,0.7784525752067566,1,1
C:\Users\Zander Truong\Documents\coding\ekyc-face-pad\data\raw\celeba_spoof\SpoofingData\007484.jpg,007484,photo,1,0.9153572916984558,1,1
C:\Users\Zander Truong\Documents\coding\ekyc-face-pad\data\raw\celeba_spoof\SpoofingData\001712.jpg,001712,bona_fide,0,0.05129588395357132,0,1
C:\Users\Zander Truong\Documents\coding\ekyc-face-pad\data\raw\celeba_spoof\SpoofingData\001780.jpg,001780,bona_fide,0,0.0013280115090310574,0,1
C:\Users\Zander Truong\Documents\coding\ekyc-face-pad\data\raw\celeba_spoof\SpoofingData\017184.jpg,017184,photo,1,0.9444819092750549,1,1
C:\Users\Zander Truong\Documents\coding\ekyc-face-pad\data\raw\celeba_spoof\SpoofingData\013434.jpg,013434,bona_fide,0,0.03224297985434532,0,1
C:\Users\Zander Truong\Documents\coding\ekyc-face-pad\data\raw\celeba_spoof\SpoofingData\014388.jpg,014388,photo,1,0.9680849313735962,1,1
C:\Users\Zander Truong\Documents\coding\ekyc-face-pad\data\raw\celeba_spoof\SpoofingData\005056.jpg,005056,photo,1,0.9560862183570862,1,1
C:\Users\Zander Truong\Documents\coding\ekyc-face-pad\data\raw\celeba_spoof\SpoofingData\011491.jpg,011491,bona_fide,0,0.05114508792757988,0,1
C:\Users\Zander Truong\Documents\coding\ekyc-face-pad\data\raw\celeba_spoof\SpoofingData\002903.jpg,002903,bona_fide,0,0.062251072376966476,0,1
C:\Users\Zander Truong\Documents\coding\ekyc-face-pad\data\raw\celeba_spoof\SpoofingData\000580.jpg,000580,photo,1,0.40507885813713074,0,0
C:\Users\Zander Truong\Documents\coding\ekyc-face-pad\data\raw\celeba_spoof\SpoofingData\002197.jpg,002197,photo,1,0.9412238001823425,1,1
C:\Users\Zander Truong\Documents\coding\ekyc-face-pad\data\raw\celeba_spoof\SpoofingData\002125.jpg,002125,photo,1,0.9308975338935852,1,1
C:\Users\Zander Truong\Documents\coding\ekyc-face-pad\data\raw\celeba_spoof\SpoofingData\008934.jpg,008934,bona_fide,0,0.5384517312049866,1,0
C:\Users\Zander Truong\Documents\coding\ekyc-face-pad\data\raw\celeba_spoof\SpoofingData\004052.jpg,004052,photo,1,0.9963101744651794,1,1
C:\Users\Zander Truong\Documents\coding\ekyc-face-pad\data\raw\celeba_spoof\SpoofingData\007758.jpg,007758,photo,1,0.2834683358669281,0,0
C:\Users\Zander Truong\Documents\coding\ekyc-face-pad\data\raw\celeba_spoof\SpoofingData\014061.jpg,014061,bona_fide,0,0.6404208540916443,1,0
C:\Users\Zander Truong\Documents\coding\ekyc-face-pad\data\raw\celeba_spoof\SpoofingData\004574.jpg,004574,photo,1,0.9847688674926758,1,1
C:\Users\Zander Truong\Documents\coding\ekyc-face-pad\data\raw\celeba_spoof\SpoofingData\001561.jpg,001561,photo,1,0.7029961347579956,1,1
C:\Users\Zander Truong\Documents\coding\ekyc-face-pad\data\raw\celeba_spoof\SpoofingData\010545.jpg,010545,bona_fide,0,0.9440861940383911,1,0
C:\Users\Zander Truong\Documents\coding\ekyc-face-pad\data\raw\celeba_spoof\SpoofingData\006032.jpg,006032,photo,1,0.16516263782978058,0,0
C:\Users\Zander Truong\Documents\coding\ekyc-face-pad\data\raw\celeba_spoof\SpoofingData\011303.jpg,011303,photo,1,0.9826362133026123,1,1
C:\Users\Zander Truong\Documents\coding\ekyc-face-pad\data\raw\celeba_spoof\SpoofingData\012489.jpg,012489,photo,1,0.14327938854694366,0,0
C:\Users\Zander Truong\Documents\coding\ekyc-face-pad\data\raw\celeba_spoof\SpoofingData\015669.jpg,015669,bona_fide,0,0.013006011955440044,0,1
C:\Users\Zander Truong\Documents\coding\ekyc-face-pad\data\raw\celeba_spoof\SpoofingData\007706.jpg,007706,photo,1,0.8731886148452759,1,1
C:\Users\Zander Truong\Documents\coding\ekyc-face-pad\data\raw\celeba_spoof\SpoofingData\001184.jpg,001184,photo,1,0.6190833449363708,1,1
C:\Users\Zander Truong\Documents\coding\ekyc-face-pad\data\raw\celeba_spoof\SpoofingData\017470.jpg,017470,bona_fide,0,0.14461247622966766,0,1
C:\Users\Zander Truong\Documents\coding\ekyc-face-pad\data\raw\celeba_spoof\SpoofingData\008049.jpg,008049,photo,1,0.9421834945678711,1,1
C:\Users\Zander Truong\Documents\coding\ekyc-face-pad\data\raw\celeba_spoof\SpoofingData\003895.jpg,003895,photo,1,0.9887980818748474,1,1
C:\Users\Zander Truong\Documents\coding\ekyc-face-pad\data\raw\celeba_spoof\SpoofingData\005164.jpg,005164,photo,1,0.9790377616882324,1,1
C:\Users\Zander Truong\Documents\coding\ekyc-face-pad\data\raw\celeba_spoof\SpoofingData\000138.jpg,000138,photo,1,0.9908457398414612,1,1
C:\Users\Zander Truong\Documents\coding\ekyc-face-pad\data\raw\celeba_spoof\SpoofingData\001517.jpg,001517,photo,1,0.9880836606025696,1,1
C:\Users\Zander Truong\Documents\coding\ekyc-face-pad\data\raw\celeba_spoof\SpoofingData\005883.jpg,005883,photo,1,0.8605161309242249,1,1
C:\Users\Zander Truong\Documents\coding\ekyc-face-pad\data\raw\celeba_spoof\SpoofingData\005240.jpg,005240,photo,1,0.45770463347435,0,0
C:\Users\Zander Truong\Documents\coding\ekyc-face-pad\data\raw\celeba_spoof\SpoofingData\007004.jpg,007004,photo,1,0.9437595009803772,1,1
C:\Users\Zander Truong\Documents\coding\ekyc-face-pad\data\raw\celeba_spoof\SpoofingData\001966.jpg,001966,photo,1,0.9710444211959839,1,1
C:\Users\Zander Truong\Documents\coding\ekyc-face-pad\data\raw\celeba_spoof\SpoofingData\007827.jpg,007827,photo,1,0.9665670394897461,1,1
C:\Users\Zander Truong\Documents\coding\ekyc-face-pad\data\raw\celeba_spoof\SpoofingData\005705.jpg,005705,photo,1,0.6988459825515747,1,1
C:\Users\Zander Truong\Documents\coding\ekyc-face-pad\data\raw\celeba_spoof\SpoofingData\014415.jpg,014415,bona_fide,0,0.10886015743017197,0,1
C:\Users\Zander Truong\Documents\coding\ekyc-face-pad\data\raw\celeba_spoof\SpoofingData\001791.jpg,001791,photo,1,0.9330728650093079,1,1
C:\Users\Zander Truong\Documents\coding\ekyc-face-pad\data\raw\celeba_spoof\SpoofingData\014144.jpg,014144,bona_fide,0,0.007207504473626614,0,1
C:\Users\Zander Truong\Documents\coding\ekyc-face-pad\data\raw\celeba_spoof\SpoofingData\003628.jpg,003628,bona_fide,0,0.17550131678581238,0,1
C:\Users\Zander Truong\Documents\coding\ekyc-face-pad\data\raw\celeba_spoof\SpoofingData\014330.jpg,014330,bona_fide,0,0.694439709186554,1,0
C:\Users\Zander Truong\Documents\coding\ekyc-face-pad\data\raw\celeba_spoof\SpoofingData\002531.jpg,002531,bona_fide,0,0.021083621308207512,0,1
C:\Users\Zander Truong\Documents\coding\ekyc-face-pad\data\raw\celeba_spoof\SpoofingData\011673.jpg,011673,photo,1,0.9797032475471497,1,1
C:\Users\Zander Truong\Documents\coding\ekyc-face-pad\data\raw\celeba_spoof\SpoofingData\007037.jpg,007037,bona_fide,0,0.0057952688075602055,0,1
C:\Users\Zander Truong\Documents\coding\ekyc-face-pad\data\raw\celeba_spoof\SpoofingData\002240.jpg,002240,photo,1,0.9350489974021912,1,1
C:\Users\Zander Truong\Documents\coding\ekyc-face-pad\data\raw\celeba_spoof\SpoofingData\011837.jpg,011837,photo,1,0.6888068318367004,1,1
C:\Users\Zander Truong\Documents\coding\ekyc-face-pad\data\raw\celeba_spoof\SpoofingData\004733.jpg,004733,photo,1,0.9706498980522156,1,1
C:\Users\Zander Truong\Documents\coding\ekyc-face-pad\data\raw\celeba_spoof\SpoofingData\011707.jpg,011707,bona_fide,0,0.3809271454811096,0,1
C:\Users\Zander Truong\Documents\coding\ekyc-face-pad\data\raw\celeba_spoof\SpoofingData\016181.jpg,016181,photo,1,0.8347322940826416,1,1
C:\Users\Zander Truong\Documents\coding\ekyc-face-pad\data\raw\celeba_spoof\SpoofingData\005816.jpg,005816,bona_fide,0,0.8084176778793335,1,0
C:\Users\Zander Truong\Documents\coding\ekyc-face-pad\data\raw\celeba_spoof\SpoofingData\004069.jpg,004069,photo,1,0.9958972930908203,1,1
C:\Users\Zander Truong\Documents\coding\ekyc-face-pad\data\raw\celeba_spoof\SpoofingData\003860.jpg,003860,photo,1,0.9382835030555725,1,1
C:\Users\Zander Truong\Documents\coding\ekyc-face-pad\data\raw\celeba_spoof\SpoofingData\017244.jpg,017244,photo,1,0.9222936034202576,1,1
C:\Users\Zander Truong\Documents\coding\ekyc-face-pad\data\raw\celeba_spoof\SpoofingData\008979.jpg,008979,bona_fide,0,0.03454437479376793,0,1
C:\Users\Zander Truong\Documents\coding\ekyc-face-pad\data\raw\celeba_spoof\SpoofingData\002249.jpg,002249,bona_fide,0,0.08398614078760147,0,1
C:\Users\Zander Truong\Documents\coding\ekyc-face-pad\data\raw\celeba_spoof\SpoofingData\016175.jpg,016175,photo,1,0.9973008036613464,1,1
C:\Users\Zander Truong\Documents\coding\ekyc-face-pad\data\raw\celeba_spoof\SpoofingData\009545.jpg,009545,bona_fide,0,0.7929396629333496,1,0
C:\Users\Zander Truong\Documents\coding\ekyc-face-pad\data\raw\celeba_spoof\SpoofingData\004592.jpg,004592,bona_fide,0,0.024559225887060165,0,1
C:\Users\Zander Truong\Documents\coding\ekyc-face-pad\data\raw\celeba_spoof\SpoofingData\012420.jpg,012420,bona_fide,0,0.08648480474948883,0,1
C:\Users\Zander Truong\Documents\coding\ekyc-face-pad\data\raw\celeba_spoof\SpoofingData\003318.jpg,003318,bona_fide,0,0.0166945643723011,0,1
C:\Users\Zander Truong\Documents\coding\ekyc-face-pad\data\raw\celeba_spoof\SpoofingData\001846.jpg,001846,photo,1,0.8957242369651794,1,1
C:\Users\Zander Truong\Documents\coding\ekyc-face-pad\data\raw\celeba_spoof\SpoofingData\016011.jpg,016011,photo,1,0.9702291488647461,1,1
C:\Users\Zander Truong\Documents\coding\ekyc-face-pad\data\raw\celeba_spoof\SpoofingData\016185.jpg,016185,photo,1,0.20459209382534027,0,0
C:\Users\Zander Truong\Documents\coding\ekyc-face-pad\data\raw\celeba_spoof\SpoofingData\011652.jpg,011652,photo,1,0.42866310477256775,0,0
C:\Users\Zander Truong\Documents\coding\ekyc-face-pad\data\raw\celeba_spoof\SpoofingData\013906.jpg,013906,photo,1,0.9284213185310364,1,1
C:\Users\Zander Truong\Documents\coding\ekyc-face-pad\data\raw\celeba_spoof\SpoofingData\011396.jpg,011396,photo,1,0.9894772171974182,1,1
C:\Users\Zander Truong\Documents\coding\ekyc-face-pad\data\raw\celeba_spoof\SpoofingData\016158.jpg,016158,photo,1,0.8242495059967041,1,1
C:\Users\Zander Truong\Documents\coding\ekyc-face-pad\data\raw\celeba_spoof\SpoofingData\010600.jpg,010600,photo,1,0.9305722117424011,1,1
C:\Users\Zander Truong\Documents\coding\ekyc-face-pad\data\raw\celeba_spoof\SpoofingData\007364.jpg,007364,photo,1,0.5416461229324341,1,1
C:\Users\Zander Truong\Documents\coding\ekyc-face-pad\data\raw\celeba_spoof\SpoofingData\009358.jpg,009358,photo,1,0.9948090314865112,1,1
C:\Users\Zander Truong\Documents\coding\ekyc-face-pad\data\raw\celeba_spoof\SpoofingData\017434.jpg,017434,photo,1,0.9972979426383972,1,1
C:\Users\Zander Truong\Documents\coding\ekyc-face-pad\data\raw\celeba_spoof\SpoofingData\008190.jpg,008190,bona_fide,0,0.00034690319444052875,0,1
C:\Users\Zander Truong\Documents\coding\ekyc-face-pad\data\raw\celeba_spoof\SpoofingData\017880.jpg,017880,bona_fide,0,0.5714460611343384,1,0
C:\Users\Zander Truong\Documents\coding\ekyc-face-pad\data\raw\celeba_spoof\SpoofingData\006242.jpg,006242,photo,1,0.7889308929443359,1,1
C:\Users\Zander Truong\Documents\coding\ekyc-face-pad\data\raw\celeba_spoof\SpoofingData\008335.jpg,008335,photo,1,0.9896335601806641,1,1
C:\Users\Zander Truong\Documents\coding\ekyc-face-pad\data\raw\celeba_spoof\SpoofingData\010688.jpg,010688,photo,1,0.9984061121940613,1,1
C:\Users\Zander Truong\Documents\coding\ekyc-face-pad\data\raw\celeba_spoof\SpoofingData\005840.jpg,005840,photo,1,0.7657723426818848,1,1
C:\Users\Zander Truong\Documents\coding\ekyc-face-pad\data\raw\celeba_spoof\SpoofingData\003796.jpg,003796,photo,1,0.719918966293335,1,1
C:\Users\Zander Truong\Documents\coding\ekyc-face-pad\data\raw\celeba_spoof\SpoofingData\001534.jpg,001534,bona_fide,0,0.026678111404180527,0,1
C:\Users\Zander Truong\Documents\coding\ekyc-face-pad\data\raw\celeba_spoof\SpoofingData\011931.jpg,011931,bona_fide,0,0.3233792185783386,0,1
C:\Users\Zander Truong\Documents\coding\ekyc-face-pad\data\raw\celeba_spoof\SpoofingData\010593.jpg,010593,bona_fide,0,0.475422203540802,0,1
C:\Users\Zander Truong\Documents\coding\ekyc-face-pad\data\raw\celeba_spoof\SpoofingData\012159.jpg,012159,photo,1,0.9329121708869934,1,1
C:\Users\Zander Truong\Documents\coding\ekyc-face-pad\data\raw\celeba_spoof\SpoofingData\011663.jpg,011663,photo,1,0.9389292597770691,1,1
C:\Users\Zander Truong\Documents\coding\ekyc-face-pad\data\raw\celeba_spoof\SpoofingData\011980.jpg,011980,bona_fide,0,0.4192745089530945,0,1
C:\Users\Zander Truong\Documents\coding\ekyc-face-pad\data\raw\celeba_spoof\SpoofingData\004404.jpg,004404,bona_fide,0,0.021507736295461655,0,1
C:\Users\Zander Truong\Documents\coding\ekyc-face-pad\data\raw\celeba_spoof\SpoofingData\017371.jpg,017371,photo,1,0.969565749168396,1,1
C:\Users\Zander Truong\Documents\coding\ekyc-face-pad\data\raw\celeba_spoof\SpoofingData\017131.jpg,017131,bona_fide,0,0.01933199167251587,0,1
C:\Users\Zander Truong\Documents\coding\ekyc-face-pad\data\raw\celeba_spoof\SpoofingData\001032.jpg,001032,photo,1,0.943244457244873,1,1
C:\Users\Zander Truong\Documents\coding\ekyc-face-pad\data\raw\celeba_spoof\SpoofingData\009328.jpg,009328,photo,1,0.9570392370223999,1,1
C:\Users\Zander Truong\Documents\coding\ekyc-face-pad\data\raw\celeba_spoof\SpoofingData\011079.jpg,011079,photo,1,0.9888375997543335,1,1
C:\Users\Zander Truong\Documents\coding\ekyc-face-pad\data\raw\celeba_spoof\SpoofingData\017999.jpg,017999,photo,1,0.9464515447616577,1,1
C:\Users\Zander Truong\Documents\coding\ekyc-face-pad\data\raw\celeba_spoof\SpoofingData\016364.jpg,016364,photo,1,0.9579859972000122,1,1
C:\Users\Zander Truong\Documents\coding\ekyc-face-pad\data\raw\celeba_spoof\SpoofingData\013613.jpg,013613,photo,1,0.945853054523468,1,1
C:\Users\Zander Truong\Documents\coding\ekyc-face-pad\data\raw\celeba_spoof\SpoofingData\008858.jpg,008858,photo,1,0.6149053573608398,1,1
C:\Users\Zander Truong\Documents\coding\ekyc-face-pad\data\raw\celeba_spoof\SpoofingData\005536.jpg,005536,photo,1,0.9906007051467896,1,1
C:\Users\Zander Truong\Documents\coding\ekyc-face-pad\data\raw\celeba_spoof\SpoofingData\000633.jpg,000633,photo,1,0.9587243795394897,1,1
C:\Users\Zander Truong\Documents\coding\ekyc-face-pad\data\raw\celeba_spoof\SpoofingData\008057.jpg,008057,bona_fide,0,0.05090324580669403,0,1
C:\Users\Zander Truong\Documents\coding\ekyc-face-pad\data\raw\celeba_spoof\SpoofingData\013442.jpg,013442,photo,1,0.8499612808227539,1,1
C:\Users\Zander Truong\Documents\coding\ekyc-face-pad\data\raw\celeba_spoof\SpoofingData\015027.jpg,015027,photo,1,0.9692586660385132,1,1
C:\Users\Zander Truong\Documents\coding\ekyc-face-pad\data\raw\celeba_spoof\SpoofingData\007044.jpg,007044,photo,1,0.739097535610199,1,1
C:\Users\Zander Truong\Documents\coding\ekyc-face-pad\data\raw\celeba_spoof\SpoofingData\006239.jpg,006239,bona_fide,0,0.005593011621385813,0,1
C:\Users\Zander Truong\Documents\coding\ekyc-face-pad\data\raw\celeba_spoof\SpoofingData\005910.jpg,005910,bona_fide,0,0.16554464399814606,0,1
C:\Users\Zander Truong\Documents\coding\ekyc-face-pad\data\raw\celeba_spoof\SpoofingData\008926.jpg,008926,bona_fide,0,0.036278702318668365,0,1
C:\Users\Zander Truong\Documents\coding\ekyc-face-pad\data\raw\celeba_spoof\SpoofingData\013612.jpg,013612,photo,1,0.9553610682487488,1,1
C:\Users\Zander Truong\Documents\coding\ekyc-face-pad\data\raw\celeba_spoof\SpoofingData\011005.jpg,011005,photo,1,0.6501932144165039,1,1
C:\Users\Zander Truong\Documents\coding\ekyc-face-pad\data\raw\celeba_spoof\SpoofingData\008690.jpg,008690,photo,1,0.9891710877418518,1,1
C:\Users\Zander Truong\Documents\coding\ekyc-face-pad\data\raw\celeba_spoof\SpoofingData\009304.jpg,009304,bona_fide,0,0.30586159229278564,0,1
C:\Users\Zander Truong\Documents\coding\ekyc-face-pad\data\raw\celeba_spoof\SpoofingData\004173.jpg,004173,bona_fide,0,0.04671519994735718,0,1
C:\Users\Zander Truong\Documents\coding\ekyc-face-pad\data\raw\celeba_spoof\SpoofingData\001464.jpg,001464,bona_fide,0,0.014054221101105213,0,1
C:\Users\Zander Truong\Documents\coding\ekyc-face-pad\data\raw\celeba_spoof\SpoofingData\015061.jpg,015061,photo,1,0.8192366361618042,1,1
C:\Users\Zander Truong\Documents\coding\ekyc-face-pad\data\raw\celeba_spoof\SpoofingData\017714.jpg,017714,bona_fide,0,0.03302286937832832,0,1
C:\Users\Zander Truong\Documents\coding\ekyc-face-pad\data\raw\celeba_spoof\SpoofingData\007123.jpg,007123,photo,1,0.9889615178108215,1,1
C:\Users\Zander Truong\Documents\coding\ekyc-face-pad\data\raw\celeba_spoof\SpoofingData\002367.jpg,002367,bona_fide,0,0.06455580145120621,0,1
C:\Users\Zander Truong\Documents\coding\ekyc-face-pad\data\raw\celeba_spoof\SpoofingData\008510.jpg,008510,photo,1,0.8938538432121277,1,1
C:\Users\Zander Truong\Documents\coding\ekyc-face-pad\data\raw\celeba_spoof\SpoofingData\002793.jpg,002793,bona_fide,0,0.12280396372079849,0,1
C:\Users\Zander Truong\Documents\coding\ekyc-face-pad\data\raw\celeba_spoof\SpoofingData\011712.jpg,011712,photo,1,0.9642413854598999,1,1
C:\Users\Zander Truong\Documents\coding\ekyc-face-pad\data\raw\celeba_spoof\SpoofingData\001961.jpg,001961,photo,1,0.8835679292678833,1,1
C:\Users\Zander Truong\Documents\coding\ekyc-face-pad\data\raw\celeba_spoof\SpoofingData\002099.jpg,002099,photo,1,0.8547941446304321,1,1
C:\Users\Zander Truong\Documents\coding\ekyc-face-pad\data\raw\celeba_spoof\SpoofingData\000975.jpg,000975,photo,1,0.9078354239463806,1,1
C:\Users\Zander Truong\Documents\coding\ekyc-face-pad\data\raw\celeba_spoof\SpoofingData\012753.jpg,012753,bona_fide,0,0.005707885604351759,0,1
C:\Users\Zander Truong\Documents\coding\ekyc-face-pad\data\raw\celeba_spoof\SpoofingData\009311.jpg,009311,photo,1,0.988555371761322,1,1
C:\Users\Zander Truong\Documents\coding\ekyc-face-pad\data\raw\celeba_spoof\SpoofingData\009414.jpg,009414,bona_fide,0,0.004508273210376501,0,1
C:\Users\Zander Truong\Documents\coding\ekyc-face-pad\data\raw\celeba_spoof\SpoofingData\009871.jpg,009871,bona_fide,0,0.3841089606285095,0,1
C:\Users\Zander Truong\Documents\coding\ekyc-face-pad\data\raw\celeba_spoof\SpoofingData\001292.jpg,001292,photo,1,0.6903623342514038,1,1
C:\Users\Zander Truong\Documents\coding\ekyc-face-pad\data\raw\celeba_spoof\SpoofingData\015626.jpg,015626,photo,1,0.9925547242164612,1,1
C:\Users\Zander Truong\Documents\coding\ekyc-face-pad\data\raw\celeba_spoof\SpoofingData\005527.jpg,005527,bona_fide,0,0.006578843109309673,0,1
C:\Users\Zander Truong\Documents\coding\ekyc-face-pad\data\raw\celeba_spoof\SpoofingData\010103.jpg,010103,bona_fide,0,0.09522946178913116,0,1
C:\Users\Zander Truong\Documents\coding\ekyc-face-pad\data\raw\celeba_spoof\SpoofingData\005315.jpg,005315,photo,1,0.9557957053184509,1,1
C:\Users\Zander Truong\Documents\coding\ekyc-face-pad\data\raw\celeba_spoof\SpoofingData\008711.jpg,008711,photo,1,0.971878170967102,1,1
C:\Users\Zander Truong\Documents\coding\ekyc-face-pad\data\raw\celeba_spoof\SpoofingData\011994.jpg,011994,photo,1,0.8933939933776855,1,1
C:\Users\Zander Truong\Documents\coding\ekyc-face-pad\data\raw\celeba_spoof\SpoofingData\010159.jpg,010159,photo,1,0.875249445438385,1,1
C:\Users\Zander Truong\Documents\coding\ekyc-face-pad\data\raw\celeba_spoof\SpoofingData\007265.jpg,007265,photo,1,0.991713285446167,1,1
C:\Users\Zander Truong\Documents\coding\ekyc-face-pad\data\raw\celeba_spoof\SpoofingData\003306.jpg,003306,photo,1,0.9982231259346008,1,1
C:\Users\Zander Truong\Documents\coding\ekyc-face-pad\data\raw\celeba_spoof\SpoofingData\005691.jpg,005691,photo,1,0.9942143559455872,1,1
C:\Users\Zander Truong\Documents\coding\ekyc-face-pad\data\raw\celeba_spoof\SpoofingData\013323.jpg,013323,bona_fide,0,0.02659013494849205,0,1
C:\Users\Zander Truong\Documents\coding\ekyc-face-pad\data\raw\celeba_spoof\SpoofingData\000173.jpg,000173,bona_fide,0,0.14838379621505737,0,1
C:\Users\Zander Truong\Documents\coding\ekyc-face-pad\data\raw\celeba_spoof\SpoofingData\001762.jpg,001762,photo,1,0.795100748538971,1,1
C:\Users\Zander Truong\Documents\coding\ekyc-face-pad\data\raw\celeba_spoof\SpoofingData\006780.jpg,006780,photo,1,0.9110342264175415,1,1
C:\Users\Zander Truong\Documents\coding\ekyc-face-pad\data\raw\celeba_spoof\SpoofingData\011895.jpg,011895,photo,1,0.87922203540802,1,1
C:\Users\Zander Truong\Documents\coding\ekyc-face-pad\data\raw\celeba_spoof\SpoofingData\002863.jpg,002863,photo,1,0.9838367104530334,1,1
C:\Users\Zander Truong\Documents\coding\ekyc-face-pad\data\raw\celeba_spoof\SpoofingData\014157.jpg,014157,photo,1,0.17783714830875397,0,0
C:\Users\Zander Truong\Documents\coding\ekyc-face-pad\data\raw\celeba_spoof\SpoofingData\003032.jpg,003032,bona_fide,0,0.10672741383314133,0,1
C:\Users\Zander Truong\Documents\coding\ekyc-face-pad\data\raw\celeba_spoof\SpoofingData\005932.jpg,005932,bona_fide,0,0.9116596579551697,1,0
C:\Users\Zander Truong\Documents\coding\ekyc-face-pad\data\raw\celeba_spoof\SpoofingData\004998.jpg,004998,photo,1,0.8782297372817993,1,1
C:\Users\Zander Truong\Documents\coding\ekyc-face-pad\data\raw\celeba_spoof\SpoofingData\012710.jpg,012710,photo,1,0.9478877782821655,1,1
C:\Users\Zander Truong\Documents\coding\ekyc-face-pad\data\raw\celeba_spoof\SpoofingData\016201.jpg,016201,photo,1,0.9962453246116638,1,1
C:\Users\Zander Truong\Documents\coding\ekyc-face-pad\data\raw\celeba_spoof\SpoofingData\015321.jpg,015321,photo,1,0.9715097546577454,1,1
C:\Users\Zander Truong\Documents\coding\ekyc-face-pad\data\raw\celeba_spoof\SpoofingData\010172.jpg,010172,photo,1,0.9464057087898254,1,1
C:\Users\Zander Truong\Documents\coding\ekyc-face-pad\data\raw\celeba_spoof\SpoofingData\011394.jpg,011394,photo,1,0.9513373374938965,1,1
C:\Users\Zander Truong\Documents\coding\ekyc-face-pad\data\raw\celeba_spoof\SpoofingData\013332.jpg,013332,photo,1,0.9715721011161804,1,1
C:\Users\Zander Truong\Documents\coding\ekyc-face-pad\data\raw\celeba_spoof\SpoofingData\012844.jpg,012844,photo,1,0.978527843952179,1,1
C:\Users\Zander Truong\Documents\coding\ekyc-face-pad\data\raw\celeba_spoof\SpoofingData\010691.jpg,010691,photo,1,0.8748401999473572,1,1
C:\Users\Zander Truong\Documents\coding\ekyc-face-pad\data\raw\celeba_spoof\SpoofingData\017315.jpg,017315,photo,1,0.9274318218231201,1,1
C:\Users\Zander Truong\Documents\coding\ekyc-face-pad\data\raw\celeba_spoof\SpoofingData\002682.jpg,002682,photo,1,0.8381431102752686,1,1
C:\Users\Zander Truong\Documents\coding\ekyc-face-pad\data\raw\celeba_spoof\SpoofingData\014256.jpg,014256,bona_fide,0,0.023693900555372238,0,1
C:\Users\Zander Truong\Documents\coding\ekyc-face-pad\data\raw\celeba_spoof\SpoofingData\008538.jpg,008538,photo,1,0.7700981497764587,1,1
C:\Users\Zander Truong\Documents\coding\ekyc-face-pad\data\raw\celeba_spoof\SpoofingData\010223.jpg,010223,bona_fide,0,0.11457066237926483,0,1
C:\Users\Zander Truong\Documents\coding\ekyc-face-pad\data\raw\celeba_spoof\SpoofingData\000167.jpg,000167,photo,1,0.9522846937179565,1,1
C:\Users\Zander Truong\Documents\coding\ekyc-face-pad\data\raw\celeba_spoof\SpoofingData\003376.jpg,003376,bona_fide,0,0.726402759552002,1,0
C:\Users\Zander Truong\Documents\coding\ekyc-face-pad\data\raw\celeba_spoof\SpoofingData\006131.jpg,006131,bona_fide,0,0.6171445846557617,1,0
C:\Users\Zander Truong\Documents\coding\ekyc-face-pad\data\raw\celeba_spoof\SpoofingData\009376.jpg,009376,photo,1,0.9001127481460571,1,1
C:\Users\Zander Truong\Documents\coding\ekyc-face-pad\data\raw\celeba_spoof\SpoofingData\013513.jpg,013513,photo,1,0.835571825504303,1,1
C:\Users\Zander Truong\Documents\coding\ekyc-face-pad\data\raw\celeba_spoof\SpoofingData\008450.jpg,008450,photo,1,0.9593129754066467,1,1
C:\Users\Zander Truong\Documents\coding\ekyc-face-pad\data\raw\celeba_spoof\SpoofingData\005682.jpg,005682,photo,1,0.9698252081871033,1,1
C:\Users\Zander Truong\Documents\coding\ekyc-face-pad\data\raw\celeba_spoof\SpoofingData\006595.jpg,006595,photo,1,0.9828451871871948,1,1
C:\Users\Zander Truong\Documents\coding\ekyc-face-pad\data\raw\celeba_spoof\SpoofingData\007190.jpg,007190,photo,1,0.8961753249168396,1,1
C:\Users\Zander Truong\Documents\coding\ekyc-face-pad\data\raw\celeba_spoof\SpoofingData\001443.jpg,001443,photo,1,0.6189406514167786,1,1
C:\Users\Zander Truong\Documents\coding\ekyc-face-pad\data\raw\celeba_spoof\SpoofingData\006476.jpg,006476,photo,1,0.9870162010192871,1,1
C:\Users\Zander Truong\Documents\coding\ekyc-face-pad\data\raw\celeba_spoof\SpoofingData\006233.jpg,006233,photo,1,0.9589415788650513,1,1
C:\Users\Zander Truong\Documents\coding\ekyc-face-pad\data\raw\celeba_spoof\SpoofingData\003400.jpg,003400,bona_fide,0,0.3381558954715729,0,1
C:\Users\Zander Truong\Documents\coding\ekyc-face-pad\data\raw\celeba_spoof\SpoofingData\011332.jpg,011332,bona_fide,0,0.5227546691894531,1,0
C:\Users\Zander Truong\Documents\coding\ekyc-face-pad\data\raw\celeba_spoof\SpoofingData\012339.jpg,012339,photo,1,0.8085234761238098,1,1
C:\Users\Zander Truong\Documents\coding\ekyc-face-pad\data\raw\celeba_spoof\SpoofingData\003946.jpg,003946,photo,1,0.39221441745758057,0,0
C:\Users\Zander Truong\Documents\coding\ekyc-face-pad\data\raw\celeba_spoof\SpoofingData\012501.jpg,012501,bona_fide,0,0.6598374843597412,1,0
C:\Users\Zander Truong\Documents\coding\ekyc-face-pad\data\raw\celeba_spoof\SpoofingData\006769.jpg,006769,bona_fide,0,0.04593485966324806,0,1
C:\Users\Zander Truong\Documents\coding\ekyc-face-pad\data\raw\celeba_spoof\SpoofingData\007267.jpg,007267,photo,1,0.9831029176712036,1,1
C:\Users\Zander Truong\Documents\coding\ekyc-face-pad\data\raw\celeba_spoof\SpoofingData\017408.jpg,017408,photo,1,0.9947920441627502,1,1
C:\Users\Zander Truong\Documents\coding\ekyc-face-pad\data\raw\celeba_spoof\SpoofingData\015659.jpg,015659,photo,1,0.9426032304763794,1,1
C:\Users\Zander Truong\Documents\coding\ekyc-face-pad\data\raw\celeba_spoof\SpoofingData\001164.jpg,001164,photo,1,0.992660641670227,1,1
C:\Users\Zander Truong\Documents\coding\ekyc-face-pad\data\raw\celeba_spoof\SpoofingData\013389.jpg,013389,photo,1,0.9199978113174438,1,1
C:\Users\Zander Truong\Documents\coding\ekyc-face-pad\data\raw\celeba_spoof\SpoofingData\016382.jpg,016382,photo,1,0.465073823928833,0,0
C:\Users\Zander Truong\Documents\coding\ekyc-face-pad\data\raw\celeba_spoof\SpoofingData\009740.jpg,009740,bona_fide,0,0.302152544260025,0,1
C:\Users\Zander Truong\Documents\coding\ekyc-face-pad\data\raw\celeba_spoof\SpoofingData\006658.jpg,006658,bona_fide,0,0.44627052545547485,0,1
C:\Users\Zander Truong\Documents\coding\ekyc-face-pad\data\raw\celeba_spoof\SpoofingData\000753.jpg,000753,photo,1,0.9834340810775757,1,1
C:\Users\Zander Truong\Documents\coding\ekyc-face-pad\data\raw\celeba_spoof\SpoofingData\012160.jpg,012160,photo,1,0.9824571013450623,1,1
C:\Users\Zander Truong\Documents\coding\ekyc-face-pad\data\raw\celeba_spoof\SpoofingData\006707.jpg,006707,bona_fide,0,0.005397893488407135,0,1
C:\Users\Zander Truong\Documents\coding\ekyc-face-pad\data\raw\celeba_spoof\SpoofingData\002479.jpg,002479,photo,1,0.9861201047897339,1,1
C:\Users\Zander Truong\Documents\coding\ekyc-face-pad\data\raw\celeba_spoof\SpoofingData\010659.jpg,010659,photo,1,0.5060631036758423,1,1
C:\Users\Zander Truong\Documents\coding\ekyc-face-pad\data\raw\celeba_spoof\SpoofingData\015459.jpg,015459,photo,1,0.9746761918067932,1,1
C:\Users\Zander Truong\Documents\coding\ekyc-face-pad\data\raw\celeba_spoof\SpoofingData\007396.jpg,007396,bona_fide,0,0.08033086359500885,0,1
C:\Users\Zander Truong\Documents\coding\ekyc-face-pad\data\raw\celeba_spoof\SpoofingData\003673.jpg,003673,bona_fide,0,0.13490094244480133,0,1
C:\Users\Zander Truong\Documents\coding\ekyc-face-pad\data\raw\celeba_spoof\SpoofingData\004648.jpg,004648,photo,1,0.9738439321517944,1,1
C:\Users\Zander Truong\Documents\coding\ekyc-face-pad\data\raw\celeba_spoof\SpoofingData\009266.jpg,009266,bona_fide,0,0.05699136480689049,0,1
C:\Users\Zander Truong\Documents\coding\ekyc-face-pad\data\raw\celeba_spoof\SpoofingData\015070.jpg,015070,photo,1,0.939994752407074,1,1
C:\Users\Zander Truong\Documents\coding\ekyc-face-pad\data\raw\celeba_spoof\SpoofingData\016928.jpg,016928,photo,1,0.9914585947990417,1,1
C:\Users\Zander Truong\Documents\coding\ekyc-face-pad\data\raw\celeba_spoof\SpoofingData\016717.jpg,016717,bona_fide,0,0.1600746065378189,0,1
C:\Users\Zander Truong\Documents\coding\ekyc-face-pad\data\raw\celeba_spoof\SpoofingData\017638.jpg,017638,photo,1,0.9666446447372437,1,1
C:\Users\Zander Truong\Documents\coding\ekyc-face-pad\data\raw\celeba_spoof\SpoofingData\013186.jpg,013186,bona_fide,0,0.22593294084072113,0,1
C:\Users\Zander Truong\Documents\coding\ekyc-face-pad\data\raw\celeba_spoof\SpoofingData\000619.jpg,000619,photo,1,0.9645295739173889,1,1
C:\Users\Zander Truong\Documents\coding\ekyc-face-pad\data\raw\celeba_spoof\SpoofingData\016368.jpg,016368,photo,1,0.8746735453605652,1,1
C:\Users\Zander Truong\Documents\coding\ekyc-face-pad\data\raw\celeba_spoof\SpoofingData\005832.jpg,005832,bona_fide,0,0.11533033102750778,0,1
C:\Users\Zander Truong\Documents\coding\ekyc-face-pad\data\raw\celeba_spoof\SpoofingData\009576.jpg,009576,photo,1,0.9414794445037842,1,1
C:\Users\Zander Truong\Documents\coding\ekyc-face-pad\data\raw\celeba_spoof\SpoofingData\006555.jpg,006555,bona_fide,0,0.021246647462248802,0,1
C:\Users\Zander Truong\Documents\coding\ekyc-face-pad\data\raw\celeba_spoof\SpoofingData\005679.jpg,005679,bona_fide,0,0.05666189268231392,0,1
C:\Users\Zander Truong\Documents\coding\ekyc-face-pad\data\raw\celeba_spoof\SpoofingData\005955.jpg,005955,bona_fide,0,0.006930022034794092,0,1
C:\Users\Zander Truong\Documents\coding\ekyc-face-pad\data\raw\celeba_spoof\SpoofingData\000620.jpg,000620,bona_fide,0,0.41851985454559326,0,1
C:\Users\Zander Truong\Documents\coding\ekyc-face-pad\data\raw\celeba_spoof\SpoofingData\016514.jpg,016514,photo,1,0.8893402218818665,1,1
C:\Users\Zander Truong\Documents\coding\ekyc-face-pad\data\raw\celeba_spoof\SpoofingData\011243.jpg,011243,bona_fide,0,0.39122897386550903,0,1
C:\Users\Zander Truong\Documents\coding\ekyc-face-pad\data\raw\celeba_spoof\SpoofingData\012573.jpg,012573,photo,1,0.9190325140953064,1,1
C:\Users\Zander Truong\Documents\coding\ekyc-face-pad\data\raw\celeba_spoof\SpoofingData\006963.jpg,006963,bona_fide,0,0.026751825585961342,0,1
C:\Users\Zander Truong\Documents\coding\ekyc-face-pad\data\raw\celeba_spoof\SpoofingData\008446.jpg,008446,bona_fide,0,0.0821656584739685,0,1
C:\Users\Zander Truong\Documents\coding\ekyc-face-pad\data\raw\celeba_spoof\SpoofingData\000811.jpg,000811,photo,1,0.9967711567878723,1,1
C:\Users\Zander Truong\Documents\coding\ekyc-face-pad\data\raw\celeba_spoof\SpoofingData\003079.jpg,003079,bona_fide,0,0.31317946314811707,0,1
C:\Users\Zander Truong\Documents\coding\ekyc-face-pad\data\raw\celeba_spoof\SpoofingData\015950.jpg,015950,photo,1,0.869407057762146,1,1
C:\Users\Zander Truong\Documents\coding\ekyc-face-pad\data\raw\celeba_spoof\SpoofingData\013817.jpg,013817,photo,1,0.8347404599189758,1,1
C:\Users\Zander Truong\Documents\coding\ekyc-face-pad\data\raw\celeba_spoof\SpoofingData\005959.jpg,005959,photo,1,0.6348513960838318,1,1
C:\Users\Zander Truong\Documents\coding\ekyc-face-pad\data\raw\celeba_spoof\SpoofingData\011753.jpg,011753,photo,1,0.6006077527999878,1,1
C:\Users\Zander Truong\Documents\coding\ekyc-face-pad\data\raw\celeba_spoof\SpoofingData\015700.jpg,015700,photo,1,0.9768331050872803,1,1
C:\Users\Zander Truong\Documents\coding\ekyc-face-pad\data\raw\celeba_spoof\SpoofingData\015233.jpg,015233,bona_fide,0,0.10946159809827805,0,1
C:\Users\Zander Truong\Documents\coding\ekyc-face-pad\data\raw\celeba_spoof\SpoofingData\007936.jpg,007936,photo,1,0.9908360242843628,1,1
C:\Users\Zander Truong\Documents\coding\ekyc-face-pad\data\raw\celeba_spoof\SpoofingData\002948.jpg,002948,photo,1,0.9890490770339966,1,1
C:\Users\Zander Truong\Documents\coding\ekyc-face-pad\data\raw\celeba_spoof\SpoofingData\001940.jpg,001940,photo,1,0.9067806601524353,1,1
C:\Users\Zander Truong\Documents\coding\ekyc-face-pad\data\raw\celeba_spoof\SpoofingData\000210.jpg,000210,bona_fide,0,0.33833062648773193,0,1
C:\Users\Zander Truong\Documents\coding\ekyc-face-pad\data\raw\celeba_spoof\SpoofingData\005835.jpg,005835,bona_fide,0,0.0351196713745594,0,1
C:\Users\Zander Truong\Documents\coding\ekyc-face-pad\data\raw\celeba_spoof\SpoofingData\004759.jpg,004759,photo,1,0.52930748462677,1,1
C:\Users\Zander Truong\Documents\coding\ekyc-face-pad\data\raw\celeba_spoof\SpoofingData\004028.jpg,004028,bona_fide,0,0.01688278280198574,0,1
C:\Users\Zander Truong\Documents\coding\ekyc-face-pad\data\raw\celeba_spoof\SpoofingData\004841.jpg,004841,bona_fide,0,0.07400190830230713,0,1
C:\Users\Zander Truong\Documents\coding\ekyc-face-pad\data\raw\celeba_spoof\SpoofingData\000725.jpg,000725,bona_fide,0,0.08847613632678986,0,1
C:\Users\Zander Truong\Documents\coding\ekyc-face-pad\data\raw\celeba_spoof\SpoofingData\005516.jpg,005516,photo,1,0.47602880001068115,0,0
C:\Users\Zander Truong\Documents\coding\ekyc-face-pad\data\raw\celeba_spoof\SpoofingData\015064.jpg,015064,photo,1,0.7522218227386475,1,1
C:\Users\Zander Truong\Documents\coding\ekyc-face-pad\data\raw\celeba_spoof\SpoofingData\006337.jpg,006337,photo,1,0.8526646494865417,1,1
C:\Users\Zander Truong\Documents\coding\ekyc-face-pad\data\raw\celeba_spoof\SpoofingData\017874.jpg,017874,photo,1,0.9679668545722961,1,1
C:\Users\Zander Truong\Documents\coding\ekyc-face-pad\data\raw\celeba_spoof\SpoofingData\013870.jpg,013870,photo,1,0.8812188506126404,1,1
C:\Users\Zander Truong\Documents\coding\ekyc-face-pad\data\raw\celeba_spoof\SpoofingData\004666.jpg,004666,photo,1,0.9912638664245605,1,1
C:\Users\Zander Truong\Documents\coding\ekyc-face-pad\data\raw\celeba_spoof\SpoofingData\009608.jpg,009608,photo,1,0.9798730611801147,1,1
C:\Users\Zander Truong\Documents\coding\ekyc-face-pad\data\raw\celeba_spoof\SpoofingData\011936.jpg,011936,bona_fide,0,0.07782810181379318,0,1
C:\Users\Zander Truong\Documents\coding\ekyc-face-pad\data\raw\celeba_spoof\SpoofingData\001305.jpg,001305,photo,1,0.9171188473701477,1,1
C:\Users\Zander Truong\Documents\coding\ekyc-face-pad\data\raw\celeba_spoof\SpoofingData\000003.jpg,000003,photo,1,0.956289529800415,1,1
C:\Users\Zander Truong\Documents\coding\ekyc-face-pad\data\raw\celeba_spoof\SpoofingData\007393.jpg,007393,bona_fide,0,0.01969163306057453,0,1
C:\Users\Zander Truong\Documents\coding\ekyc-face-pad\data\raw\celeba_spoof\SpoofingData\014487.jpg,014487,photo,1,0.9557897448539734,1,1
C:\Users\Zander Truong\Documents\coding\ekyc-face-pad\data\raw\celeba_spoof\SpoofingData\017111.jpg,017111,photo,1,0.9136533737182617,1,1
C:\Users\Zander Truong\Documents\coding\ekyc-face-pad\data\raw\celeba_spoof\SpoofingData\001831.jpg,001831,bona_fide,0,0.035439081490039825,0,1
C:\Users\Zander Truong\Documents\coding\ekyc-face-pad\data\raw\celeba_spoof\SpoofingData\009811.jpg,009811,photo,1,0.3678130805492401,0,0
C:\Users\Zander Truong\Documents\coding\ekyc-face-pad\data\raw\celeba_spoof\SpoofingData\010230.jpg,010230,bona_fide,0,0.39226847887039185,0,1
C:\Users\Zander Truong\Documents\coding\ekyc-face-pad\data\raw\celeba_spoof\SpoofingData\009705.jpg,009705,photo,1,0.982699990272522,1,1
C:\Users\Zander Truong\Documents\coding\ekyc-face-pad\data\raw\celeba_spoof\SpoofingData\005604.jpg,005604,photo,1,0.9932789206504822,1,1
C:\Users\Zander Truong\Documents\coding\ekyc-face-pad\data\raw\celeba_spoof\SpoofingData\014281.jpg,014281,bona_fide,0,0.3777042627334595,0,1
C:\Users\Zander Truong\Documents\coding\ekyc-face-pad\data\raw\celeba_spoof\SpoofingData\014354.jpg,014354,bona_fide,0,0.0700879842042923,0,1
C:\Users\Zander Truong\Documents\coding\ekyc-face-pad\data\raw\celeba_spoof\SpoofingData\007272.jpg,007272,bona_fide,0,0.03523065894842148,0,1
C:\Users\Zander Truong\Documents\coding\ekyc-face-pad\data\raw\celeba_spoof\SpoofingData\000252.jpg,000252,photo,1,0.8691881895065308,1,1
C:\Users\Zander Truong\Documents\coding\ekyc-face-pad\data\raw\celeba_spoof\SpoofingData\016507.jpg,016507,bona_fide,0,0.09082994610071182,0,1
C:\Users\Zander Truong\Documents\coding\ekyc-face-pad\data\raw\celeba_spoof\SpoofingData\009501.jpg,009501,photo,1,0.9910507202148438,1,1
C:\Users\Zander Truong\Documents\coding\ekyc-face-pad\data\raw\celeba_spoof\SpoofingData\000255.jpg,000255,bona_fide,0,0.11417364329099655,0,1
C:\Users\Zander Truong\Documents\coding\ekyc-face-pad\data\raw\celeba_spoof\SpoofingData\005203.jpg,005203,photo,1,0.7938807606697083,1,1
C:\Users\Zander Truong\Documents\coding\ekyc-face-pad\data\raw\celeba_spoof\SpoofingData\014709.jpg,014709,photo,1,0.9121005535125732,1,1
C:\Users\Zander Truong\Documents\coding\ekyc-face-pad\data\raw\celeba_spoof\SpoofingData\013697.jpg,013697,bona_fide,0,0.08055203408002853,0,1
C:\Users\Zander Truong\Documents\coding\ekyc-face-pad\data\raw\celeba_spoof\SpoofingData\007713.jpg,007713,photo,1,0.9749212861061096,1,1
C:\Users\Zander Truong\Documents\coding\ekyc-face-pad\data\raw\celeba_spoof\SpoofingData\011681.jpg,011681,photo,1,0.5683332681655884,1,1
C:\Users\Zander Truong\Documents\coding\ekyc-face-pad\data\raw\celeba_spoof\SpoofingData\013228.jpg,013228,photo,1,0.568177342414856,1,1
C:\Users\Zander Truong\Documents\coding\ekyc-face-pad\data\raw\celeba_spoof\SpoofingData\002651.jpg,002651,photo,1,0.5646200776100159,1,1
C:\Users\Zander Truong\Documents\coding\ekyc-face-pad\data\raw\celeba_spoof\SpoofingData\009282.jpg,009282,photo,1,0.9875069856643677,1,1
C:\Users\Zander Truong\Documents\coding\ekyc-face-pad\data\raw\celeba_spoof\SpoofingData\006045.jpg,006045,photo,1,0.8886119723320007,1,1
C:\Users\Zander Truong\Documents\coding\ekyc-face-pad\data\raw\celeba_spoof\SpoofingData\010275.jpg,010275,photo,1,0.9927035570144653,1,1
C:\Users\Zander Truong\Documents\coding\ekyc-face-pad\data\raw\celeba_spoof\SpoofingData\004306.jpg,004306,bona_fide,0,0.09234970062971115,0,1
C:\Users\Zander Truong\Documents\coding\ekyc-face-pad\data\raw\celeba_spoof\SpoofingData\009849.jpg,009849,photo,1,0.9634661674499512,1,1
C:\Users\Zander Truong\Documents\coding\ekyc-face-pad\data\raw\celeba_spoof\SpoofingData\005520.jpg,005520,photo,1,0.991326630115509,1,1
C:\Users\Zander Truong\Documents\coding\ekyc-face-pad\data\raw\celeba_spoof\SpoofingData\007139.jpg,007139,bona_fide,0,0.5514427423477173,1,0
C:\Users\Zander Truong\Documents\coding\ekyc-face-pad\data\raw\celeba_spoof\SpoofingData\006879.jpg,006879,photo,1,0.8646757006645203,1,1
C:\Users\Zander Truong\Documents\coding\ekyc-face-pad\data\raw\celeba_spoof\SpoofingData\002335.jpg,002335,photo,1,0.6999827027320862,1,1
C:\Users\Zander Truong\Documents\coding\ekyc-face-pad\data\raw\celeba_spoof\SpoofingData\014975.jpg,014975,photo,1,0.17498813569545746,0,0
C:\Users\Zander Truong\Documents\coding\ekyc-face-pad\data\raw\celeba_spoof\SpoofingData\007055.jpg,007055,photo,1,0.9952717423439026,1,1
C:\Users\Zander Truong\Documents\coding\ekyc-face-pad\data\raw\celeba_spoof\SpoofingData\015129.jpg,015129,photo,1,0.9990491271018982,1,1
C:\Users\Zander Truong\Documents\coding\ekyc-face-pad\data\raw\celeba_spoof\SpoofingData\009632.jpg,009632,photo,1,0.9970481991767883,1,1
C:\Users\Zander Truong\Documents\coding\ekyc-face-pad\data\raw\celeba_spoof\SpoofingData\007320.jpg,007320,bona_fide,0,0.003878768067806959,0,1
C:\Users\Zander Truong\Documents\coding\ekyc-face-pad\data\raw\celeba_spoof\SpoofingData\008582.jpg,008582,bona_fide,0,0.2032143920660019,0,1
C:\Users\Zander Truong\Documents\coding\ekyc-face-pad\data\raw\celeba_spoof\SpoofingData\016972.jpg,016972,photo,1,0.9504067301750183,1,1
C:\Users\Zander Truong\Documents\coding\ekyc-face-pad\data\raw\celeba_spoof\SpoofingData\013936.jpg,013936,photo,1,0.9898854494094849,1,1
C:\Users\Zander Truong\Documents\coding\ekyc-face-pad\data\raw\celeba_spoof\SpoofingData\012155.jpg,012155,bona_fide,0,0.593518078327179,1,0
C:\Users\Zander Truong\Documents\coding\ekyc-face-pad\data\raw\celeba_spoof\SpoofingData\012888.jpg,012888,photo,1,0.9659906625747681,1,1
C:\Users\Zander Truong\Documents\coding\ekyc-face-pad\data\raw\celeba_spoof\SpoofingData\001769.jpg,001769,photo,1,0.958527684211731,1,1
C:\Users\Zander Truong\Documents\coding\ekyc-face-pad\data\raw\celeba_spoof\SpoofingData\008092.jpg,008092,bona_fide,0,0.12108147889375687,0,1
C:\Users\Zander Truong\Documents\coding\ekyc-face-pad\data\raw\celeba_spoof\SpoofingData\002588.jpg,002588,photo,1,0.9852858185768127,1,1
C:\Users\Zander Truong\Documents\coding\ekyc-face-pad\data\raw\celeba_spoof\SpoofingData\009688.jpg,009688,photo,1,0.3152311146259308,0,0
C:\Users\Zander Truong\Documents\coding\ekyc-face-pad\data\raw\celeba_spoof\SpoofingData\014320.jpg,014320,bona_fide,0,0.645919680595398,1,0
C:\Users\Zander Truong\Documents\coding\ekyc-face-pad\data\raw\celeba_spoof\SpoofingData\010350.jpg,010350,bona_fide,0,0.20647698640823364,0,1
C:\Users\Zander Truong\Documents\coding\ekyc-face-pad\data\raw\celeba_spoof\SpoofingData\004485.jpg,004485,bona_fide,0,0.03793027997016907,0,1
C:\Users\Zander Truong\Documents\coding\ekyc-face-pad\data\raw\celeba_spoof\SpoofingData\011071.jpg,011071,photo,1,0.9783017635345459,1,1
C:\Users\Zander Truong\Documents\coding\ekyc-face-pad\data\raw\celeba_spoof\SpoofingData\009225.jpg,009225,bona_fide,0,0.12870675325393677,0,1
C:\Users\Zander Truong\Documents\coding\ekyc-face-pad\data\raw\celeba_spoof\SpoofingData\003248.jpg,003248,photo,1,0.47401192784309387,0,0
C:\Users\Zander Truong\Documents\coding\ekyc-face-pad\data\raw\celeba_spoof\SpoofingData\016833.jpg,016833,bona_fide,0,0.19510875642299652,0,1
C:\Users\Zander Truong\Documents\coding\ekyc-face-pad\data\raw\celeba_spoof\SpoofingData\008122.jpg,008122,bona_fide,0,0.5851426720619202,1,0
C:\Users\Zander Truong\Documents\coding\ekyc-face-pad\data\raw\celeba_spoof\SpoofingData\004590.jpg,004590,photo,1,0.9743054509162903,1,1
C:\Users\Zander Truong\Documents\coding\ekyc-face-pad\data\raw\celeba_spoof\SpoofingData\008983.jpg,008983,photo,1,0.9930440783500671,1,1
C:\Users\Zander Truong\Documents\coding\ekyc-face-pad\data\raw\celeba_spoof\SpoofingData\003977.jpg,003977,photo,1,0.07654256373643875,0,0
C:\Users\Zander Truong\Documents\coding\ekyc-face-pad\data\raw\celeba_spoof\SpoofingData\015108.jpg,015108,photo,1,0.9452049732208252,1,1
C:\Users\Zander Truong\Documents\coding\ekyc-face-pad\data\raw\celeba_spoof\SpoofingData\004546.jpg,004546,photo,1,0.847349226474762,1,1
C:\Users\Zander Truong\Documents\coding\ekyc-face-pad\data\raw\celeba_spoof\SpoofingData\014046.jpg,014046,photo,1,0.9875805377960205,1,1
C:\Users\Zander Truong\Documents\coding\ekyc-face-pad\data\raw\celeba_spoof\SpoofingData\015743.jpg,015743,photo,1,0.9574186205863953,1,1
C:\Users\Zander Truong\Documents\coding\ekyc-face-pad\data\raw\celeba_spoof\SpoofingData\004548.jpg,004548,photo,1,0.9669011235237122,1,1
C:\Users\Zander Truong\Documents\coding\ekyc-face-pad\data\raw\celeba_spoof\SpoofingData\004174.jpg,004174,photo,1,0.6366099715232849,1,1
C:\Users\Zander Truong\Documents\coding\ekyc-face-pad\data\raw\celeba_spoof\SpoofingData\014393.jpg,014393,photo,1,0.4894025921821594,0,0
C:\Users\Zander Truong\Documents\coding\ekyc-face-pad\data\raw\celeba_spoof\SpoofingData\003523.jpg,003523,photo,1,0.6329188346862793,1,1
C:\Users\Zander Truong\Documents\coding\ekyc-face-pad\data\raw\celeba_spoof\SpoofingData\000637.jpg,000637,photo,1,0.6968992948532104,1,1
C:\Users\Zander Truong\Documents\coding\ekyc-face-pad\data\raw\celeba_spoof\SpoofingData\009210.jpg,009210,photo,1,0.8122727274894714,1,1
C:\Users\Zander Truong\Documents\coding\ekyc-face-pad\data\raw\celeba_spoof\SpoofingData\010562.jpg,010562,photo,1,0.997742772102356,1,1
C:\Users\Zander Truong\Documents\coding\ekyc-face-pad\data\raw\celeba_spoof\SpoofingData\010140.jpg,010140,photo,1,0.7694789171218872,1,1
C:\Users\Zander Truong\Documents\coding\ekyc-face-pad\data\raw\celeba_spoof\SpoofingData\017862.jpg,017862,bona_fide,0,0.6629936695098877,1,0
C:\Users\Zander Truong\Documents\coding\ekyc-face-pad\data\raw\celeba_spoof\SpoofingData\007688.jpg,007688,photo,1,0.9809092283248901,1,1
C:\Users\Zander Truong\Documents\coding\ekyc-face-pad\data\raw\celeba_spoof\SpoofingData\012947.jpg,012947,photo,1,0.9650498628616333,1,1
C:\Users\Zander Truong\Documents\coding\ekyc-face-pad\data\raw\celeba_spoof\SpoofingData\014598.jpg,014598,photo,1,0.9799801111221313,1,1
C:\Users\Zander Truong\Documents\coding\ekyc-face-pad\data\raw\celeba_spoof\SpoofingData\008128.jpg,008128,photo,1,0.9719886183738708,1,1
C:\Users\Zander Truong\Documents\coding\ekyc-face-pad\data\raw\celeba_spoof\SpoofingData\015440.jpg,015440,photo,1,0.9929831027984619,1,1
C:\Users\Zander Truong\Documents\coding\ekyc-face-pad\data\raw\celeba_spoof\SpoofingData\003065.jpg,003065,photo,1,0.9711928367614746,1,1
C:\Users\Zander Truong\Documents\coding\ekyc-face-pad\data\raw\celeba_spoof\SpoofingData\002357.jpg,002357,photo,1,0.011858433485031128,0,0
C:\Users\Zander Truong\Documents\coding\ekyc-face-pad\data\raw\celeba_spoof\SpoofingData\010308.jpg,010308,photo,1,0.8505036234855652,1,1
C:\Users\Zander Truong\Documents\coding\ekyc-face-pad\data\raw\celeba_spoof\SpoofingData\014901.jpg,014901,bona_fide,0,0.8215129375457764,1,0
C:\Users\Zander Truong\Documents\coding\ekyc-face-pad\data\raw\celeba_spoof\SpoofingData\007347.jpg,007347,photo,1,0.9856429696083069,1,1
C:\Users\Zander Truong\Documents\coding\ekyc-face-pad\data\raw\celeba_spoof\SpoofingData\006502.jpg,006502,bona_fide,0,0.061730384826660156,0,1
C:\Users\Zander Truong\Documents\coding\ekyc-face-pad\data\raw\celeba_spoof\SpoofingData\005545.jpg,005545,photo,1,0.9550123810768127,1,1
C:\Users\Zander Truong\Documents\coding\ekyc-face-pad\data\raw\celeba_spoof\SpoofingData\009464.jpg,009464,photo,1,0.906644344329834,1,1
C:\Users\Zander Truong\Documents\coding\ekyc-face-pad\data\raw\celeba_spoof\SpoofingData\016319.jpg,016319,bona_fide,0,0.07142433524131775,0,1
C:\Users\Zander Truong\Documents\coding\ekyc-face-pad\data\raw\celeba_spoof\SpoofingData\010657.jpg,010657,bona_fide,0,0.13260847330093384,0,1
C:\Users\Zander Truong\Documents\coding\ekyc-face-pad\data\raw\celeba_spoof\SpoofingData\010137.jpg,010137,bona_fide,0,0.5562366247177124,1,0
C:\Users\Zander Truong\Documents\coding\ekyc-face-pad\data\raw\celeba_spoof\SpoofingData\004517.jpg,004517,photo,1,0.5078368782997131,1,1
C:\Users\Zander Truong\Documents\coding\ekyc-face-pad\data\raw\celeba_spoof\SpoofingData\015223.jpg,015223,bona_fide,0,0.0043015256524086,0,1
C:\Users\Zander Truong\Documents\coding\ekyc-face-pad\data\raw\celeba_spoof\SpoofingData\004139.jpg,004139,photo,1,0.43477869033813477,0,0
C:\Users\Zander Truong\Documents\coding\ekyc-face-pad\data\raw\celeba_spoof\SpoofingData\004024.jpg,004024,photo,1,0.979423463344574,1,1
C:\Users\Zander Truong\Documents\coding\ekyc-face-pad\data\raw\celeba_spoof\SpoofingData\011095.jpg,011095,photo,1,0.993843674659729,1,1
C:\Users\Zander Truong\Documents\coding\ekyc-face-pad\data\raw\celeba_spoof\SpoofingData\015175.jpg,015175,photo,1,0.4019470810890198,0,0
C:\Users\Zander Truong\Documents\coding\ekyc-face-pad\data\raw\celeba_spoof\SpoofingData\013467.jpg,013467,bona_fide,0,0.52500319480896,1,0
C:\Users\Zander Truong\Documents\coding\ekyc-face-pad\data\raw\celeba_spoof\SpoofingData\008579.jpg,008579,photo,1,0.3187901973724365,0,0
C:\Users\Zander Truong\Documents\coding\ekyc-face-pad\data\raw\celeba_spoof\SpoofingData\002530.jpg,002530,bona_fide,0,0.06206497177481651,0,1
C:\Users\Zander Truong\Documents\coding\ekyc-face-pad\data\raw\celeba_spoof\SpoofingData\016429.jpg,016429,photo,1,0.996298611164093,1,1
C:\Users\Zander Truong\Documents\coding\ekyc-face-pad\data\raw\celeba_spoof\SpoofingData\008994.jpg,008994,bona_fide,0,0.003060782328248024,0,1
C:\Users\Zander Truong\Documents\coding\ekyc-face-pad\data\raw\celeba_spoof\SpoofingData\002947.jpg,002947,photo,1,0.3909793496131897,0,0
C:\Users\Zander Truong\Documents\coding\ekyc-face-pad\data\raw\celeba_spoof\SpoofingData\000597.jpg,000597,photo,1,0.9516981244087219,1,1
C:\Users\Zander Truong\Documents\coding\ekyc-face-pad\data\raw\celeba_spoof\SpoofingData\014643.jpg,014643,photo,1,0.9966932535171509,1,1
C:\Users\Zander Truong\Documents\coding\ekyc-face-pad\data\raw\celeba_spoof\SpoofingData\002063.jpg,002063,photo,1,0.9135167002677917,1,1
C:\Users\Zander Truong\Documents\coding\ekyc-face-pad\data\raw\celeba_spoof\SpoofingData\008511.jpg,008511,bona_fide,0,0.3278757631778717,0,1
C:\Users\Zander Truong\Documents\coding\ekyc-face-pad\data\raw\celeba_spoof\SpoofingData\009915.jpg,009915,photo,1,0.8461480140686035,1,1
C:\Users\Zander Truong\Documents\coding\ekyc-face-pad\data\raw\celeba_spoof\SpoofingData\017876.jpg,017876,photo,1,0.9886806011199951,1,1
C:\Users\Zander Truong\Documents\coding\ekyc-face-pad\data\raw\celeba_spoof\SpoofingData\004235.jpg,004235,photo,1,0.6489363312721252,1,1
C:\Users\Zander Truong\Documents\coding\ekyc-face-pad\data\raw\celeba_spoof\SpoofingData\005002.jpg,005002,photo,1,0.94661545753479,1,1
C:\Users\Zander Truong\Documents\coding\ekyc-face-pad\data\raw\celeba_spoof\SpoofingData\011369.jpg,011369,photo,1,0.9977026581764221,1,1
C:\Users\Zander Truong\Documents\coding\ekyc-face-pad\data\raw\celeba_spoof\SpoofingData\006673.jpg,006673,bona_fide,0,0.07976701110601425,0,1
C:\Users\Zander Truong\Documents\coding\ekyc-face-pad\data\raw\celeba_spoof\SpoofingData\000343.jpg,000343,bona_fide,0,0.06871531158685684,0,1
C:\Users\Zander Truong\Documents\coding\ekyc-face-pad\data\raw\celeba_spoof\SpoofingData\006453.jpg,006453,photo,1,0.9234831929206848,1,1
C:\Users\Zander Truong\Documents\coding\ekyc-face-pad\data\raw\celeba_spoof\SpoofingData\012804.jpg,012804,photo,1,0.9842723608016968,1,1
C:\Users\Zander Truong\Documents\coding\ekyc-face-pad\data\raw\celeba_spoof\SpoofingData\015519.jpg,015519,photo,1,0.8762751817703247,1,1
C:\Users\Zander Truong\Documents\coding\ekyc-face-pad\data\raw\celeba_spoof\SpoofingData\017526.jpg,017526,photo,1,0.985318660736084,1,1
C:\Users\Zander Truong\Documents\coding\ekyc-face-pad\data\raw\celeba_spoof\SpoofingData\003537.jpg,003537,photo,1,0.5604612827301025,1,1
C:\Users\Zander Truong\Documents\coding\ekyc-face-pad\data\raw\celeba_spoof\SpoofingData\001807.jpg,001807,photo,1,0.7807686924934387,1,1
C:\Users\Zander Truong\Documents\coding\ekyc-face-pad\data\raw\celeba_spoof\SpoofingData\002419.jpg,002419,bona_fide,0,0.12359350919723511,0,1
C:\Users\Zander Truong\Documents\coding\ekyc-face-pad\data\raw\celeba_spoof\SpoofingData\001268.jpg,001268,bona_fide,0,0.8127240538597107,1,0
C:\Users\Zander Truong\Documents\coding\ekyc-face-pad\data\raw\celeba_spoof\SpoofingData\015908.jpg,015908,photo,1,0.9711928367614746,1,1
C:\Users\Zander Truong\Documents\coding\ekyc-face-pad\data\raw\celeba_spoof\SpoofingData\014315.jpg,014315,photo,1,0.9059209823608398,1,1
C:\Users\Zander Truong\Documents\coding\ekyc-face-pad\data\raw\celeba_spoof\SpoofingData\006859.jpg,006859,bona_fide,0,0.03999219834804535,0,1
C:\Users\Zander Truong\Documents\coding\ekyc-face-pad\data\raw\celeba_spoof\SpoofingData\015271.jpg,015271,photo,1,0.7352969646453857,1,1
C:\Users\Zander Truong\Documents\coding\ekyc-face-pad\data\raw\celeba_spoof\SpoofingData\010957.jpg,010957,photo,1,0.9960383176803589,1,1
C:\Users\Zander Truong\Documents\coding\ekyc-face-pad\data\raw\celeba_spoof\SpoofingData\017564.jpg,017564,photo,1,0.9542310833930969,1,1
C:\Users\Zander Truong\Documents\coding\ekyc-face-pad\data\raw\celeba_spoof\SpoofingData\008035.jpg,008035,photo,1,0.983232319355011,1,1
C:\Users\Zander Truong\Documents\coding\ekyc-face-pad\data\raw\celeba_spoof\SpoofingData\012989.jpg,012989,bona_fide,0,0.04164258390665054,0,1
C:\Users\Zander Truong\Documents\coding\ekyc-face-pad\data\raw\celeba_spoof\SpoofingData\002584.jpg,002584,bona_fide,0,0.6819008588790894,1,0
C:\Users\Zander Truong\Documents\coding\ekyc-face-pad\data\raw\celeba_spoof\SpoofingData\016968.jpg,016968,bona_fide,0,0.02041800320148468,0,1
C:\Users\Zander Truong\Documents\coding\ekyc-face-pad\data\raw\celeba_spoof\SpoofingData\002079.jpg,002079,photo,1,0.5547693371772766,1,1
C:\Users\Zander Truong\Documents\coding\ekyc-face-pad\data\raw\celeba_spoof\SpoofingData\000462.jpg,000462,bona_fide,0,0.943278968334198,1,0
C:\Users\Zander Truong\Documents\coding\ekyc-face-pad\data\raw\celeba_spoof\SpoofingData\010217.jpg,010217,bona_fide,0,0.700058102607727,1,0
C:\Users\Zander Truong\Documents\coding\ekyc-face-pad\data\raw\celeba_spoof\SpoofingData\007833.jpg,007833,bona_fide,0,0.6359978318214417,1,0
C:\Users\Zander Truong\Documents\coding\ekyc-face-pad\data\raw\celeba_spoof\SpoofingData\003784.jpg,003784,photo,1,0.5938863754272461,1,1
C:\Users\Zander Truong\Documents\coding\ekyc-face-pad\data\raw\celeba_spoof\SpoofingData\011888.jpg,011888,bona_fide,0,0.21061542630195618,0,1
C:\Users\Zander Truong\Documents\coding\ekyc-face-pad\data\raw\celeba_spoof\SpoofingData\012211.jpg,012211,photo,1,0.9597809314727783,1,1
C:\Users\Zander Truong\Documents\coding\ekyc-face-pad\data\raw\celeba_spoof\SpoofingData\008425.jpg,008425,bona_fide,0,0.003953241743147373,0,1
C:\Users\Zander Truong\Documents\coding\ekyc-face-pad\data\raw\celeba_spoof\SpoofingData\000135.jpg,000135,bona_fide,0,0.15172190964221954,0,1
C:\Users\Zander Truong\Documents\coding\ekyc-face-pad\data\raw\celeba_spoof\SpoofingData\007700.jpg,007700,photo,1,0.9835786819458008,1,1
C:\Users\Zander Truong\Documents\coding\ekyc-face-pad\data\raw\celeba_spoof\SpoofingData\007935.jpg,007935,bona_fide,0,0.19511184096336365,0,1
C:\Users\Zander Truong\Documents\coding\ekyc-face-pad\data\raw\celeba_spoof\SpoofingData\003112.jpg,003112,photo,1,0.9059036374092102,1,1
C:\Users\Zander Truong\Documents\coding\ekyc-face-pad\data\raw\celeba_spoof\SpoofingData\010041.jpg,010041,photo,1,0.9903811812400818,1,1
C:\Users\Zander Truong\Documents\coding\ekyc-face-pad\data\raw\celeba_spoof\SpoofingData\008708.jpg,008708,photo,1,0.8941105008125305,1,1
C:\Users\Zander Truong\Documents\coding\ekyc-face-pad\data\raw\celeba_spoof\SpoofingData\002789.jpg,002789,photo,1,0.9663073420524597,1,1
C:\Users\Zander Truong\Documents\coding\ekyc-face-pad\data\raw\celeba_spoof\SpoofingData\005376.jpg,005376,photo,1,0.97718346118927,1,1
C:\Users\Zander Truong\Documents\coding\ekyc-face-pad\data\raw\celeba_spoof\SpoofingData\008036.jpg,008036,bona_fide,0,0.03947439044713974,0,1
C:\Users\Zander Truong\Documents\coding\ekyc-face-pad\data\raw\celeba_spoof\SpoofingData\007306.jpg,007306,bona_fide,0,0.02523692324757576,0,1
C:\Users\Zander Truong\Documents\coding\ekyc-face-pad\data\raw\celeba_spoof\SpoofingData\008161.jpg,008161,photo,1,0.9383664727210999,1,1
C:\Users\Zander Truong\Documents\coding\ekyc-face-pad\data\raw\celeba_spoof\SpoofingData\004584.jpg,004584,photo,1,0.365071564912796,0,0
C:\Users\Zander Truong\Documents\coding\ekyc-face-pad\data\raw\celeba_spoof\SpoofingData\017047.jpg,017047,bona_fide,0,0.005457532126456499,0,1
C:\Users\Zander Truong\Documents\coding\ekyc-face-pad\data\raw\celeba_spoof\SpoofingData\014781.jpg,014781,bona_fide,0,0.0049582794308662415,0,1
C:\Users\Zander Truong\Documents\coding\ekyc-face-pad\data\raw\celeba_spoof\SpoofingData\004675.jpg,004675,bona_fide,0,0.02222280576825142,0,1
C:\Users\Zander Truong\Documents\coding\ekyc-face-pad\data\raw\celeba_spoof\SpoofingData\002368.jpg,002368,photo,1,0.9862362742424011,1,1
C:\Users\Zander Truong\Documents\coding\ekyc-face-pad\data\raw\celeba_spoof\SpoofingData\011502.jpg,011502,bona_fide,0,0.16955702006816864,0,1
C:\Users\Zander Truong\Documents\coding\ekyc-face-pad\data\raw\celeba_spoof\SpoofingData\002082.jpg,002082,photo,1,0.9037351608276367,1,1
C:\Users\Zander Truong\Documents\coding\ekyc-face-pad\data\raw\celeba_spoof\SpoofingData\015118.jpg,015118,photo,1,0.9938808679580688,1,1
C:\Users\Zander Truong\Documents\coding\ekyc-face-pad\data\raw\celeba_spoof\SpoofingData\003569.jpg,003569,photo,1,0.9727714657783508,1,1
C:\Users\Zander Truong\Documents\coding\ekyc-face-pad\data\raw\celeba_spoof\SpoofingData\013855.jpg,013855,photo,1,0.9925857186317444,1,1
C:\Users\Zander Truong\Documents\coding\ekyc-face-pad\data\raw\celeba_spoof\SpoofingData\003767.jpg,003767,bona_fide,0,0.0006377915269695222,0,1
C:\Users\Zander Truong\Documents\coding\ekyc-face-pad\data\raw\celeba_spoof\SpoofingData\007794.jpg,007794,photo,1,0.9337624311447144,1,1
C:\Users\Zander Truong\Documents\coding\ekyc-face-pad\data\raw\celeba_spoof\SpoofingData\015688.jpg,015688,bona_fide,0,0.011161299422383308,0,1
C:\Users\Zander Truong\Documents\coding\ekyc-face-pad\data\raw\celeba_spoof\SpoofingData\016311.jpg,016311,photo,1,0.8980764746665955,1,1
C:\Users\Zander Truong\Documents\coding\ekyc-face-pad\data\raw\celeba_spoof\SpoofingData\017711.jpg,017711,photo,1,0.8550488352775574,1,1
C:\Users\Zander Truong\Documents\coding\ekyc-face-pad\data\raw\celeba_spoof\SpoofingData\004518.jpg,004518,photo,1,0.9669897556304932,1,1
C:\Users\Zander Truong\Documents\coding\ekyc-face-pad\data\raw\celeba_spoof\SpoofingData\010799.jpg,010799,photo,1,0.9242905974388123,1,1
C:\Users\Zander Truong\Documents\coding\ekyc-face-pad\data\raw\celeba_spoof\SpoofingData\015630.jpg,015630,photo,1,0.8537278771400452,1,1
C:\Users\Zander Truong\Documents\coding\ekyc-face-pad\data\raw\celeba_spoof\SpoofingData\007122.jpg,007122,bona_fide,0,0.1041012555360794,0,1
C:\Users\Zander Truong\Documents\coding\ekyc-face-pad\data\raw\celeba_spoof\SpoofingData\016609.jpg,016609,photo,1,0.9562017917633057,1,1
C:\Users\Zander Truong\Documents\coding\ekyc-face-pad\data\raw\celeba_spoof\SpoofingData\002294.jpg,002294,photo,1,0.8596585392951965,1,1
C:\Users\Zander Truong\Documents\coding\ekyc-face-pad\data\raw\celeba_spoof\SpoofingData\001187.jpg,001187,photo,1,0.37214213609695435,0,0
C:\Users\Zander Truong\Documents\coding\ekyc-face-pad\data\raw\celeba_spoof\SpoofingData\000754.jpg,000754,bona_fide,0,0.044443387538194656,0,1
C:\Users\Zander Truong\Documents\coding\ekyc-face-pad\data\raw\celeba_spoof\SpoofingData\014495.jpg,014495,photo,1,0.9436430335044861,1,1
C:\Users\Zander Truong\Documents\coding\ekyc-face-pad\data\raw\celeba_spoof\SpoofingData\017705.jpg,017705,photo,1,0.9277679920196533,1,1
C:\Users\Zander Truong\Documents\coding\ekyc-face-pad\data\raw\celeba_spoof\SpoofingData\006217.jpg,006217,bona_fide,0,0.10799718648195267,0,1
C:\Users\Zander Truong\Documents\coding\ekyc-face-pad\data\raw\celeba_spoof\SpoofingData\007931.jpg,007931,photo,1,0.9613781571388245,1,1
C:\Users\Zander Truong\Documents\coding\ekyc-face-pad\data\raw\celeba_spoof\SpoofingData\008372.jpg,008372,photo,1,0.9009286761283875,1,1
C:\Users\Zander Truong\Documents\coding\ekyc-face-pad\data\raw\celeba_spoof\SpoofingData\016904.jpg,016904,bona_fide,0,0.023512298241257668,0,1
C:\Users\Zander Truong\Documents\coding\ekyc-face-pad\data\raw\celeba_spoof\SpoofingData\011003.jpg,011003,photo,1,0.9713488817214966,1,1
C:\Users\Zander Truong\Documents\coding\ekyc-face-pad\data\raw\celeba_spoof\SpoofingData\004336.jpg,004336,photo,1,0.8715243935585022,1,1
C:\Users\Zander Truong\Documents\coding\ekyc-face-pad\data\raw\celeba_spoof\SpoofingData\003126.jpg,003126,bona_fide,0,0.5722594261169434,1,0
C:\Users\Zander Truong\Documents\coding\ekyc-face-pad\data\raw\celeba_spoof\SpoofingData\005364.jpg,005364,photo,1,0.9408860802650452,1,1
C:\Users\Zander Truong\Documents\coding\ekyc-face-pad\data\raw\celeba_spoof\SpoofingData\002054.jpg,002054,photo,1,0.7468680143356323,1,1
C:\Users\Zander Truong\Documents\coding\ekyc-face-pad\data\raw\celeba_spoof\SpoofingData\013153.jpg,013153,photo,1,0.9915748238563538,1,1
C:\Users\Zander Truong\Documents\coding\ekyc-face-pad\data\raw\celeba_spoof\SpoofingData\001868.jpg,001868,bona_fide,0,0.29690316319465637,0,1
C:\Users\Zander Truong\Documents\coding\ekyc-face-pad\data\raw\celeba_spoof\SpoofingData\000603.jpg,000603,photo,1,0.4969772398471832,0,0
C:\Users\Zander Truong\Documents\coding\ekyc-face-pad\data\raw\celeba_spoof\SpoofingData\016308.jpg,016308,photo,1,0.9691721200942993,1,1
C:\Users\Zander Truong\Documents\coding\ekyc-face-pad\data\raw\celeba_spoof\SpoofingData\000604.jpg,000604,photo,1,0.9808313250541687,1,1
C:\Users\Zander Truong\Documents\coding\ekyc-face-pad\data\raw\celeba_spoof\SpoofingData\003599.jpg,003599,photo,1,0.9472784399986267,1,1
C:\Users\Zander Truong\Documents\coding\ekyc-face-pad\data\raw\celeba_spoof\SpoofingData\015010.jpg,015010,photo,1,0.8570252060890198,1,1
C:\Users\Zander Truong\Documents\coding\ekyc-face-pad\data\raw\celeba_spoof\SpoofingData\011195.jpg,011195,photo,1,0.9943320751190186,1,1
C:\Users\Zander Truong\Documents\coding\ekyc-face-pad\data\raw\celeba_spoof\SpoofingData\014333.jpg,014333,bona_fide,0,0.09816122055053711,0,1
C:\Users\Zander Truong\Documents\coding\ekyc-face-pad\data\raw\celeba_spoof\SpoofingData\006065.jpg,006065,photo,1,0.7440515160560608,1,1
C:\Users\Zander Truong\Documents\coding\ekyc-face-pad\data\raw\celeba_spoof\SpoofingData\001225.jpg,001225,photo,1,0.995305061340332,1,1
C:\Users\Zander Truong\Documents\coding\ekyc-face-pad\data\raw\celeba_spoof\SpoofingData\011723.jpg,011723,photo,1,0.9867939352989197,1,1
C:\Users\Zander Truong\Documents\coding\ekyc-face-pad\data\raw\celeba_spoof\SpoofingData\017045.jpg,017045,photo,1,0.9788596630096436,1,1
C:\Users\Zander Truong\Documents\coding\ekyc-face-pad\data\raw\celeba_spoof\SpoofingData\010724.jpg,010724,photo,1,0.995875895023346,1,1
C:\Users\Zander Truong\Documents\coding\ekyc-face-pad\data\raw\celeba_spoof\SpoofingData\017161.jpg,017161,bona_fide,0,0.0039118388667702675,0,1
C:\Users\Zander Truong\Documents\coding\ekyc-face-pad\data\raw\celeba_spoof\SpoofingData\013874.jpg,013874,bona_fide,0,0.023581620305776596,0,1
C:\Users\Zander Truong\Documents\coding\ekyc-face-pad\data\raw\celeba_spoof\SpoofingData\005935.jpg,005935,photo,1,0.9847583770751953,1,1
C:\Users\Zander Truong\Documents\coding\ekyc-face-pad\data\raw\celeba_spoof\SpoofingData\012460.jpg,012460,bona_fide,0,0.8806220889091492,1,0
C:\Users\Zander Truong\Documents\coding\ekyc-face-pad\data\raw\celeba_spoof\SpoofingData\010190.jpg,010190,photo,1,0.9861742258071899,1,1
C:\Users\Zander Truong\Documents\coding\ekyc-face-pad\data\raw\celeba_spoof\SpoofingData\002113.jpg,002113,photo,1,0.9602830410003662,1,1
C:\Users\Zander Truong\Documents\coding\ekyc-face-pad\data\raw\celeba_spoof\SpoofingData\013019.jpg,013019,photo,1,0.9886926412582397,1,1
C:\Users\Zander Truong\Documents\coding\ekyc-face-pad\data\raw\celeba_spoof\SpoofingData\012833.jpg,012833,photo,1,0.9744555950164795,1,1
C:\Users\Zander Truong\Documents\coding\ekyc-face-pad\data\raw\celeba_spoof\SpoofingData\006677.jpg,006677,bona_fide,0,0.09002992510795593,0,1
C:\Users\Zander Truong\Documents\coding\ekyc-face-pad\data\raw\celeba_spoof\SpoofingData\011058.jpg,011058,photo,1,0.9814697504043579,1,1
C:\Users\Zander Truong\Documents\coding\ekyc-face-pad\data\raw\celeba_spoof\SpoofingData\011184.jpg,011184,photo,1,0.9976133108139038,1,1
C:\Users\Zander Truong\Documents\coding\ekyc-face-pad\data\raw\celeba_spoof\SpoofingData\016332.jpg,016332,bona_fide,0,0.7431196570396423,1,0
C:\Users\Zander Truong\Documents\coding\ekyc-face-pad\data\raw\celeba_spoof\SpoofingData\001760.jpg,001760,photo,1,0.9569317102432251,1,1
C:\Users\Zander Truong\Documents\coding\ekyc-face-pad\data\raw\celeba_spoof\SpoofingData\008089.jpg,008089,photo,1,0.8200121521949768,1,1
C:\Users\Zander Truong\Documents\coding\ekyc-face-pad\data\raw\celeba_spoof\SpoofingData\005243.jpg,005243,photo,1,0.9762486815452576,1,1
C:\Users\Zander Truong\Documents\coding\ekyc-face-pad\data\raw\celeba_spoof\SpoofingData\007438.jpg,007438,photo,1,0.9940160512924194,1,1
C:\Users\Zander Truong\Documents\coding\ekyc-face-pad\data\raw\celeba_spoof\SpoofingData\002092.jpg,002092,photo,1,0.88472580909729,1,1
C:\Users\Zander Truong\Documents\coding\ekyc-face-pad\data\raw\celeba_spoof\SpoofingData\000179.jpg,000179,photo,1,0.9937360286712646,1,1
C:\Users\Zander Truong\Documents\coding\ekyc-face-pad\data\raw\celeba_spoof\SpoofingData\006238.jpg,006238,bona_fide,0,0.20567022264003754,0,1
C:\Users\Zander Truong\Documents\coding\ekyc-face-pad\data\raw\celeba_spoof\SpoofingData\017550.jpg,017550,photo,1,0.8916078805923462,1,1
C:\Users\Zander Truong\Documents\coding\ekyc-face-pad\data\raw\celeba_spoof\SpoofingData\012533.jpg,012533,photo,1,0.9710625410079956,1,1
C:\Users\Zander Truong\Documents\coding\ekyc-face-pad\data\raw\celeba_spoof\SpoofingData\016834.jpg,016834,bona_fide,0,0.07011160254478455,0,1
C:\Users\Zander Truong\Documents\coding\ekyc-face-pad\data\raw\celeba_spoof\SpoofingData\004482.jpg,004482,photo,1,0.9390816688537598,1,1
C:\Users\Zander Truong\Documents\coding\ekyc-face-pad\data\raw\celeba_spoof\SpoofingData\014267.jpg,014267,photo,1,0.9222491979598999,1,1
C:\Users\Zander Truong\Documents\coding\ekyc-face-pad\data\raw\celeba_spoof\SpoofingData\008110.jpg,008110,photo,1,0.9581833481788635,1,1
C:\Users\Zander Truong\Documents\coding\ekyc-face-pad\data\raw\celeba_spoof\SpoofingData\008588.jpg,008588,photo,1,0.914743959903717,1,1
C:\Users\Zander Truong\Documents\coding\ekyc-face-pad\data\raw\celeba_spoof\SpoofingData\004160.jpg,004160,photo,1,0.9687809348106384,1,1
C:\Users\Zander Truong\Documents\coding\ekyc-face-pad\data\raw\celeba_spoof\SpoofingData\005608.jpg,005608,photo,1,0.9276418685913086,1,1
C:\Users\Zander Truong\Documents\coding\ekyc-face-pad\data\raw\celeba_spoof\SpoofingData\007480.jpg,007480,bona_fide,0,0.26806214451789856,0,1
C:\Users\Zander Truong\Documents\coding\ekyc-face-pad\data\raw\celeba_spoof\SpoofingData\006865.jpg,006865,photo,1,0.9975101947784424,1,1
C:\Users\Zander Truong\Documents\coding\ekyc-face-pad\data\raw\celeba_spoof\SpoofingData\000824.jpg,000824,photo,1,0.9600160717964172,1,1
C:\Users\Zander Truong\Documents\coding\ekyc-face-pad\data\raw\celeba_spoof\SpoofingData\010765.jpg,010765,bona_fide,0,0.22388441860675812,0,1
C:\Users\Zander Truong\Documents\coding\ekyc-face-pad\data\raw\celeba_spoof\SpoofingData\006854.jpg,006854,photo,1,0.9839177131652832,1,1
C:\Users\Zander Truong\Documents\coding\ekyc-face-pad\data\raw\celeba_spoof\SpoofingData\006912.jpg,006912,photo,1,0.8616801500320435,1,1
C:\Users\Zander Truong\Documents\coding\ekyc-face-pad\data\raw\celeba_spoof\SpoofingData\016155.jpg,016155,photo,1,0.9916383624076843,1,1
C:\Users\Zander Truong\Documents\coding\ekyc-face-pad\data\raw\celeba_spoof\SpoofingData\012890.jpg,012890,photo,1,0.901746928691864,1,1
C:\Users\Zander Truong\Documents\coding\ekyc-face-pad\data\raw\celeba_spoof\SpoofingData\011816.jpg,011816,photo,1,0.9718164801597595,1,1
C:\Users\Zander Truong\Documents\coding\ekyc-face-pad\data\raw\celeba_spoof\SpoofingData\001621.jpg,001621,photo,1,0.6800957918167114,1,1
C:\Users\Zander Truong\Documents\coding\ekyc-face-pad\data\raw\celeba_spoof\SpoofingData\014250.jpg,014250,photo,1,0.9755160808563232,1,1
C:\Users\Zander Truong\Documents\coding\ekyc-face-pad\data\raw\celeba_spoof\SpoofingData\004727.jpg,004727,photo,1,0.956928014755249,1,1
C:\Users\Zander Truong\Documents\coding\ekyc-face-pad\data\raw\celeba_spoof\SpoofingData\004354.jpg,004354,photo,1,0.5058080554008484,1,1
C:\Users\Zander Truong\Documents\coding\ekyc-face-pad\data\raw\celeba_spoof\SpoofingData\017479.jpg,017479,photo,1,0.9449141621589661,1,1
C:\Users\Zander Truong\Documents\coding\ekyc-face-pad\data\raw\celeba_spoof\SpoofingData\016287.jpg,016287,photo,1,0.9832932949066162,1,1
C:\Users\Zander Truong\Documents\coding\ekyc-face-pad\data\raw\celeba_spoof\SpoofingData\014983.jpg,014983,bona_fide,0,0.0031197164207696915,0,1
C:\Users\Zander Truong\Documents\coding\ekyc-face-pad\data\raw\celeba_spoof\SpoofingData\005184.jpg,005184,photo,1,0.9971939325332642,1,1
C:\Users\Zander Truong\Documents\coding\ekyc-face-pad\data\raw\celeba_spoof\SpoofingData\012030.jpg,012030,photo,1,0.5753132104873657,1,1
C:\Users\Zander Truong\Documents\coding\ekyc-face-pad\data\raw\celeba_spoof\SpoofingData\016690.jpg,016690,bona_fide,0,0.21306324005126953,0,1
C:\Users\Zander Truong\Documents\coding\ekyc-face-pad\data\raw\celeba_spoof\SpoofingData\012094.jpg,012094,photo,1,0.9813374280929565,1,1
C:\Users\Zander Truong\Documents\coding\ekyc-face-pad\data\raw\celeba_spoof\SpoofingData\015910.jpg,015910,photo,1,0.487056702375412,0,0
C:\Users\Zander Truong\Documents\coding\ekyc-face-pad\data\raw\celeba_spoof\SpoofingData\008337.jpg,008337,photo,1,0.9841029644012451,1,1
C:\Users\Zander Truong\Documents\coding\ekyc-face-pad\data\raw\celeba_spoof\SpoofingData\015773.jpg,015773,bona_fide,0,0.006062602624297142,0,1
C:\Users\Zander Truong\Documents\coding\ekyc-face-pad\data\raw\celeba_spoof\SpoofingData\009230.jpg,009230,photo,1,0.9994070529937744,1,1
C:\Users\Zander Truong\Documents\coding\ekyc-face-pad\data\raw\celeba_spoof\SpoofingData\010832.jpg,010832,bona_fide,0,0.06551283597946167,0,1
C:\Users\Zander Truong\Documents\coding\ekyc-face-pad\data\raw\celeba_spoof\SpoofingData\006641.jpg,006641,photo,1,0.7196021676063538,1,1
C:\Users\Zander Truong\Documents\coding\ekyc-face-pad\data\raw\celeba_spoof\SpoofingData\010166.jpg,010166,bona_fide,0,0.007711272686719894,0,1
C:\Users\Zander Truong\Documents\coding\ekyc-face-pad\data\raw\celeba_spoof\SpoofingData\014509.jpg,014509,photo,1,0.9864718317985535,1,1
C:\Users\Zander Truong\Documents\coding\ekyc-face-pad\data\raw\celeba_spoof\SpoofingData\008059.jpg,008059,photo,1,0.6418273448944092,1,1
C:\Users\Zander Truong\Documents\coding\ekyc-face-pad\data\raw\celeba_spoof\SpoofingData\013498.jpg,013498,photo,1,0.9896557331085205,1,1
C:\Users\Zander Truong\Documents\coding\ekyc-face-pad\data\raw\celeba_spoof\SpoofingData\009933.jpg,009933,photo,1,0.93045973777771,1,1
C:\Users\Zander Truong\Documents\coding\ekyc-face-pad\data\raw\celeba_spoof\SpoofingData\006419.jpg,006419,bona_fide,0,0.060138024389743805,0,1
C:\Users\Zander Truong\Documents\coding\ekyc-face-pad\data\raw\celeba_spoof\SpoofingData\005612.jpg,005612,photo,1,0.6700189709663391,1,1
C:\Users\Zander Truong\Documents\coding\ekyc-face-pad\data\raw\celeba_spoof\SpoofingData\003482.jpg,003482,photo,1,0.8425388932228088,1,1
C:\Users\Zander Truong\Documents\coding\ekyc-face-pad\data\raw\celeba_spoof\SpoofingData\011110.jpg,011110,photo,1,0.9887839555740356,1,1
C:\Users\Zander Truong\Documents\coding\ekyc-face-pad\data\raw\celeba_spoof\SpoofingData\012803.jpg,012803,photo,1,0.7736498713493347,1,1
C:\Users\Zander Truong\Documents\coding\ekyc-face-pad\data\raw\celeba_spoof\SpoofingData\001373.jpg,001373,photo,1,0.5595587491989136,1,1
C:\Users\Zander Truong\Documents\coding\ekyc-face-pad\data\raw\celeba_spoof\SpoofingData\012122.jpg,012122,photo,1,0.9258483052253723,1,1
C:\Users\Zander Truong\Documents\coding\ekyc-face-pad\data\raw\celeba_spoof\SpoofingData\000677.jpg,000677,photo,1,0.8632377982139587,1,1
C:\Users\Zander Truong\Documents\coding\ekyc-face-pad\data\raw\celeba_spoof\SpoofingData\001840.jpg,001840,photo,1,0.9940682649612427,1,1
C:\Users\Zander Truong\Documents\coding\ekyc-face-pad\data\raw\celeba_spoof\SpoofingData\014353.jpg,014353,bona_fide,0,0.6918860673904419,1,0
C:\Users\Zander Truong\Documents\coding\ekyc-face-pad\data\raw\celeba_spoof\SpoofingData\003485.jpg,003485,photo,1,0.055109161883592606,0,0
C:\Users\Zander Truong\Documents\coding\ekyc-face-pad\data\raw\celeba_spoof\SpoofingData\011952.jpg,011952,photo,1,0.9905891418457031,1,1
C:\Users\Zander Truong\Documents\coding\ekyc-face-pad\data\raw\celeba_spoof\SpoofingData\007622.jpg,007622,photo,1,0.9770836234092712,1,1
C:\Users\Zander Truong\Documents\coding\ekyc-face-pad\data\raw\celeba_spoof\SpoofingData\017872.jpg,017872,photo,1,0.36876827478408813,0,0
C:\Users\Zander Truong\Documents\coding\ekyc-face-pad\data\raw\celeba_spoof\SpoofingData\002522.jpg,002522,photo,1,0.7806373238563538,1,1
C:\Users\Zander Truong\Documents\coding\ekyc-face-pad\data\raw\celeba_spoof\SpoofingData\005001.jpg,005001,photo,1,0.9649431705474854,1,1
C:\Users\Zander Truong\Documents\coding\ekyc-face-pad\data\raw\celeba_spoof\SpoofingData\008102.jpg,008102,photo,1,0.8569872975349426,1,1
C:\Users\Zander Truong\Documents\coding\ekyc-face-pad\data\raw\celeba_spoof\SpoofingData\004141.jpg,004141,bona_fide,0,0.011488247662782669,0,1
C:\Users\Zander Truong\Documents\coding\ekyc-face-pad\data\raw\celeba_spoof\SpoofingData\010510.jpg,010510,bona_fide,0,0.31987878680229187,0,1
C:\Users\Zander Truong\Documents\coding\ekyc-face-pad\data\raw\celeba_spoof\SpoofingData\012815.jpg,012815,bona_fide,0,0.02627967856824398,0,1
C:\Users\Zander Truong\Documents\coding\ekyc-face-pad\data\raw\celeba_spoof\SpoofingData\004488.jpg,004488,bona_fide,0,0.04217909649014473,0,1
C:\Users\Zander Truong\Documents\coding\ekyc-face-pad\data\raw\celeba_spoof\SpoofingData\009402.jpg,009402,bona_fide,0,0.17881277203559875,0,1
C:\Users\Zander Truong\Documents\coding\ekyc-face-pad\data\raw\celeba_spoof\SpoofingData\015415.jpg,015415,photo,1,0.9483817219734192,1,1
C:\Users\Zander Truong\Documents\coding\ekyc-face-pad\data\raw\celeba_spoof\SpoofingData\009163.jpg,009163,bona_fide,0,0.10698138177394867,0,1
C:\Users\Zander Truong\Documents\coding\ekyc-face-pad\data\raw\celeba_spoof\SpoofingData\009807.jpg,009807,photo,1,0.7294542193412781,1,1
C:\Users\Zander Truong\Documents\coding\ekyc-face-pad\data\raw\celeba_spoof\SpoofingData\006355.jpg,006355,bona_fide,0,0.009257782250642776,0,1
C:\Users\Zander Truong\Documents\coding\ekyc-face-pad\data\raw\celeba_spoof\SpoofingData\016932.jpg,016932,bona_fide,0,0.07763068377971649,0,1
C:\Users\Zander Truong\Documents\coding\ekyc-face-pad\data\raw\celeba_spoof\SpoofingData\001143.jpg,001143,photo,1,0.9820229411125183,1,1
C:\Users\Zander Truong\Documents\coding\ekyc-face-pad\data\raw\celeba_spoof\SpoofingData\017779.jpg,017779,photo,1,0.9583457112312317,1,1
C:\Users\Zander Truong\Documents\coding\ekyc-face-pad\data\raw\celeba_spoof\SpoofingData\006997.jpg,006997,bona_fide,0,0.42976653575897217,0,1
C:\Users\Zander Truong\Documents\coding\ekyc-face-pad\data\raw\celeba_spoof\SpoofingData\016920.jpg,016920,bona_fide,0,0.023081274703145027,0,1
C:\Users\Zander Truong\Documents\coding\ekyc-face-pad\data\raw\celeba_spoof\SpoofingData\006514.jpg,006514,photo,1,0.9894695281982422,1,1
C:\Users\Zander Truong\Documents\coding\ekyc-face-pad\data\raw\celeba_spoof\SpoofingData\012854.jpg,012854,photo,1,0.9882789850234985,1,1
C:\Users\Zander Truong\Documents\coding\ekyc-face-pad\data\raw\celeba_spoof\SpoofingData\010626.jpg,010626,bona_fide,0,0.0963117703795433,0,1
C:\Users\Zander Truong\Documents\coding\ekyc-face-pad\data\raw\celeba_spoof\SpoofingData\006282.jpg,006282,photo,1,0.9431905746459961,1,1
C:\Users\Zander Truong\Documents\coding\ekyc-face-pad\data\raw\celeba_spoof\SpoofingData\009537.jpg,009537,bona_fide,0,0.32861122488975525,0,1
C:\Users\Zander Truong\Documents\coding\ekyc-face-pad\data\raw\celeba_spoof\SpoofingData\016270.jpg,016270,photo,1,0.60123211145401,1,1
C:\Users\Zander Truong\Documents\coding\ekyc-face-pad\data\raw\celeba_spoof\SpoofingData\015737.jpg,015737,photo,1,0.8457748293876648,1,1
C:\Users\Zander Truong\Documents\coding\ekyc-face-pad\data\raw\celeba_spoof\SpoofingData\016519.jpg,016519,bona_fide,0,0.28257980942726135,0,1
C:\Users\Zander Truong\Documents\coding\ekyc-face-pad\data\raw\celeba_spoof\SpoofingData\016728.jpg,016728,photo,1,0.9898316264152527,1,1
C:\Users\Zander Truong\Documents\coding\ekyc-face-pad\data\raw\celeba_spoof\SpoofingData\002372.jpg,002372,bona_fide,0,0.7718639373779297,1,0
C:\Users\Zander Truong\Documents\coding\ekyc-face-pad\data\raw\celeba_spoof\SpoofingData\002160.jpg,002160,photo,1,0.8407066464424133,1,1
C:\Users\Zander Truong\Documents\coding\ekyc-face-pad\data\raw\celeba_spoof\SpoofingData\000651.jpg,000651,photo,1,0.8843523263931274,1,1
C:\Users\Zander Truong\Documents\coding\ekyc-face-pad\data\raw\celeba_spoof\SpoofingData\007278.jpg,007278,photo,1,0.5735769867897034,1,1
C:\Users\Zander Truong\Documents\coding\ekyc-face-pad\data\raw\celeba_spoof\SpoofingData\006324.jpg,006324,photo,1,0.8537284731864929,1,1
C:\Users\Zander Truong\Documents\coding\ekyc-face-pad\data\raw\celeba_spoof\SpoofingData\004301.jpg,004301,photo,1,0.9769410490989685,1,1
C:\Users\Zander Truong\Documents\coding\ekyc-face-pad\data\raw\celeba_spoof\SpoofingData\012237.jpg,012237,bona_fide,0,0.28101205825805664,0,1
C:\Users\Zander Truong\Documents\coding\ekyc-face-pad\data\raw\celeba_spoof\SpoofingData\001334.jpg,001334,bona_fide,0,0.22822919487953186,0,1
C:\Users\Zander Truong\Documents\coding\ekyc-face-pad\data\raw\celeba_spoof\SpoofingData\016198.jpg,016198,photo,1,0.9751679301261902,1,1
C:\Users\Zander Truong\Documents\coding\ekyc-face-pad\data\raw\celeba_spoof\SpoofingData\016960.jpg,016960,bona_fide,0,0.6487658023834229,1,0
C:\Users\Zander Truong\Documents\coding\ekyc-face-pad\data\raw\celeba_spoof\SpoofingData\003373.jpg,003373,photo,1,0.6991521716117859,1,1
C:\Users\Zander Truong\Documents\coding\ekyc-face-pad\data\raw\celeba_spoof\SpoofingData\007506.jpg,007506,bona_fide,0,0.4512499272823334,0,1
C:\Users\Zander Truong\Documents\coding\ekyc-face-pad\data\raw\celeba_spoof\SpoofingData\014025.jpg,014025,bona_fide,0,0.060497671365737915,0,1
C:\Users\Zander Truong\Documents\coding\ekyc-face-pad\data\raw\celeba_spoof\SpoofingData\015214.jpg,015214,bona_fide,0,0.19252890348434448,0,1
C:\Users\Zander Truong\Documents\coding\ekyc-face-pad\data\raw\celeba_spoof\SpoofingData\004857.jpg,004857,photo,1,0.9498857259750366,1,1
C:\Users\Zander Truong\Documents\coding\ekyc-face-pad\data\raw\celeba_spoof\SpoofingData\007837.jpg,007837,bona_fide,0,0.07354085892438889,0,1
C:\Users\Zander Truong\Documents\coding\ekyc-face-pad\data\raw\celeba_spoof\SpoofingData\001814.jpg,001814,photo,1,0.9589719176292419,1,1
C:\Users\Zander Truong\Documents\coding\ekyc-face-pad\data\raw\celeba_spoof\SpoofingData\001319.jpg,001319,photo,1,0.7628127932548523,1,1
C:\Users\Zander Truong\Documents\coding\ekyc-face-pad\data\raw\celeba_spoof\SpoofingData\015772.jpg,015772,photo,1,0.9859857559204102,1,1
C:\Users\Zander Truong\Documents\coding\ekyc-face-pad\data\raw\celeba_spoof\SpoofingData\014984.jpg,014984,photo,1,0.9221237897872925,1,1
C:\Users\Zander Truong\Documents\coding\ekyc-face-pad\data\raw\celeba_spoof\SpoofingData\009101.jpg,009101,photo,1,0.9968530535697937,1,1
C:\Users\Zander Truong\Documents\coding\ekyc-face-pad\data\raw\celeba_spoof\SpoofingData\013678.jpg,013678,photo,1,0.9157226085662842,1,1
C:\Users\Zander Truong\Documents\coding\ekyc-face-pad\data\raw\celeba_spoof\SpoofingData\005503.jpg,005503,photo,1,0.9921157956123352,1,1
C:\Users\Zander Truong\Documents\coding\ekyc-face-pad\data\raw\celeba_spoof\SpoofingData\012007.jpg,012007,photo,1,0.6631646156311035,1,1
C:\Users\Zander Truong\Documents\coding\ekyc-face-pad\data\raw\celeba_spoof\SpoofingData\017073.jpg,017073,photo,1,0.8981381058692932,1,1
C:\Users\Zander Truong\Documents\coding\ekyc-face-pad\data\raw\celeba_spoof\SpoofingData\009901.jpg,009901,photo,1,0.92154860496521,1,1
C:\Users\Zander Truong\Documents\coding\ekyc-face-pad\data\raw\celeba_spoof\SpoofingData\014357.jpg,014357,photo,1,0.9444376826286316,1,1
C:\Users\Zander Truong\Documents\coding\ekyc-face-pad\data\raw\celeba_spoof\SpoofingData\007608.jpg,007608,bona_fide,0,0.029414620250463486,0,1
C:\Users\Zander Truong\Documents\coding\ekyc-face-pad\data\raw\celeba_spoof\SpoofingData\002459.jpg,002459,bona_fide,0,0.002931094728410244,0,1
C:\Users\Zander Truong\Documents\coding\ekyc-face-pad\data\raw\celeba_spoof\SpoofingData\004427.jpg,004427,photo,1,0.9818061590194702,1,1
C:\Users\Zander Truong\Documents\coding\ekyc-face-pad\data\raw\celeba_spoof\SpoofingData\010651.jpg,010651,photo,1,0.9799305200576782,1,1
C:\Users\Zander Truong\Documents\coding\ekyc-face-pad\data\raw\celeba_spoof\SpoofingData\008508.jpg,008508,photo,1,0.9992576241493225,1,1
C:\Users\Zander Truong\Documents\coding\ekyc-face-pad\data\raw\celeba_spoof\SpoofingData\013742.jpg,013742,bona_fide,0,0.9773920774459839,1,0
C:\Users\Zander Truong\Documents\coding\ekyc-face-pad\data\raw\celeba_spoof\SpoofingData\012506.jpg,012506,photo,1,0.9782256484031677,1,1
C:\Users\Zander Truong\Documents\coding\ekyc-face-pad\data\raw\celeba_spoof\SpoofingData\001844.jpg,001844,photo,1,0.9737000465393066,1,1
C:\Users\Zander Truong\Documents\coding\ekyc-face-pad\data\raw\celeba_spoof\SpoofingData\015545.jpg,015545,photo,1,0.44267821311950684,0,0
C:\Users\Zander Truong\Documents\coding\ekyc-face-pad\data\raw\celeba_spoof\SpoofingData\013150.jpg,013150,bona_fide,0,0.1255781352519989,0,1
C:\Users\Zander Truong\Documents\coding\ekyc-face-pad\data\raw\celeba_spoof\SpoofingData\009060.jpg,009060,photo,1,0.9954091906547546,1,1
C:\Users\Zander Truong\Documents\coding\ekyc-face-pad\data\raw\celeba_spoof\SpoofingData\005671.jpg,005671,bona_fide,0,0.4374866187572479,0,1
C:\Users\Zander Truong\Documents\coding\ekyc-face-pad\data\raw\celeba_spoof\SpoofingData\004105.jpg,004105,photo,1,0.9766779541969299,1,1
C:\Users\Zander Truong\Documents\coding\ekyc-face-pad\data\raw\celeba_spoof\SpoofingData\007928.jpg,007928,bona_fide,0,0.13677161931991577,0,1
C:\Users\Zander Truong\Documents\coding\ekyc-face-pad\data\raw\celeba_spoof\SpoofingData\005216.jpg,005216,bona_fide,0,0.03818102180957794,0,1
C:\Users\Zander Truong\Documents\coding\ekyc-face-pad\data\raw\celeba_spoof\SpoofingData\005973.jpg,005973,photo,1,0.9177320599555969,1,1
C:\Users\Zander Truong\Documents\coding\ekyc-face-pad\data\raw\celeba_spoof\SpoofingData\016106.jpg,016106,bona_fide,0,0.020217329263687134,0,1
C:\Users\Zander Truong\Documents\coding\ekyc-face-pad\data\raw\celeba_spoof\SpoofingData\005974.jpg,005974,photo,1,0.9460006952285767,1,1
C:\Users\Zander Truong\Documents\coding\ekyc-face-pad\data\raw\celeba_spoof\SpoofingData\008875.jpg,008875,bona_fide,0,0.8892136812210083,1,0
C:\Users\Zander Truong\Documents\coding\ekyc-face-pad\data\raw\celeba_spoof\SpoofingData\004367.jpg,004367,photo,1,0.8925542831420898,1,1
C:\Users\Zander Truong\Documents\coding\ekyc-face-pad\data\raw\celeba_spoof\SpoofingData\008503.jpg,008503,bona_fide,0,0.3210398554801941,0,1
C:\Users\Zander Truong\Documents\coding\ekyc-face-pad\data\raw\celeba_spoof\SpoofingData\000748.jpg,000748,photo,1,0.6244492530822754,1,1
C:\Users\Zander Truong\Documents\coding\ekyc-face-pad\data\raw\celeba_spoof\SpoofingData\017200.jpg,017200,bona_fide,0,0.24190819263458252,0,1
C:\Users\Zander Truong\Documents\coding\ekyc-face-pad\data\raw\celeba_spoof\SpoofingData\001774.jpg,001774,photo,1,0.23098132014274597,0,0
C:\Users\Zander Truong\Documents\coding\ekyc-face-pad\data\raw\celeba_spoof\SpoofingData\014881.jpg,014881,photo,1,0.994247555732727,1,1
C:\Users\Zander Truong\Documents\coding\ekyc-face-pad\data\raw\celeba_spoof\SpoofingData\011035.jpg,011035,photo,1,0.8400527238845825,1,1
C:\Users\Zander Truong\Documents\coding\ekyc-face-pad\data\raw\celeba_spoof\SpoofingData\015278.jpg,015278,bona_fide,0,0.004448574036359787,0,1
C:\Users\Zander Truong\Documents\coding\ekyc-face-pad\data\raw\celeba_spoof\SpoofingData\000122.jpg,000122,photo,1,0.9938170313835144,1,1
C:\Users\Zander Truong\Documents\coding\ekyc-face-pad\data\raw\celeba_spoof\SpoofingData\017327.jpg,017327,photo,1,0.6449988484382629,1,1
C:\Users\Zander Truong\Documents\coding\ekyc-face-pad\data\raw\celeba_spoof\SpoofingData\014575.jpg,014575,photo,1,0.5626140236854553,1,1
C:\Users\Zander Truong\Documents\coding\ekyc-face-pad\data\raw\celeba_spoof\SpoofingData\011268.jpg,011268,bona_fide,0,0.4929596185684204,0,1
C:\Users\Zander Truong\Documents\coding\ekyc-face-pad\data\raw\celeba_spoof\SpoofingData\005071.jpg,005071,bona_fide,0,0.04115072265267372,0,1
C:\Users\Zander Truong\Documents\coding\ekyc-face-pad\data\raw\celeba_spoof\SpoofingData\007522.jpg,007522,photo,1,0.9828923940658569,1,1
C:\Users\Zander Truong\Documents\coding\ekyc-face-pad\data\raw\celeba_spoof\SpoofingData\007387.jpg,007387,photo,1,0.9705228805541992,1,1
C:\Users\Zander Truong\Documents\coding\ekyc-face-pad\data\raw\celeba_spoof\SpoofingData\015557.jpg,015557,bona_fide,0,0.6258134841918945,1,0
C:\Users\Zander Truong\Documents\coding\ekyc-face-pad\data\raw\celeba_spoof\SpoofingData\007568.jpg,007568,photo,1,0.9570096731185913,1,1
C:\Users\Zander Truong\Documents\coding\ekyc-face-pad\data\raw\celeba_spoof\SpoofingData\000185.jpg,000185,photo,1,0.9830613732337952,1,1
C:\Users\Zander Truong\Documents\coding\ekyc-face-pad\data\raw\celeba_spoof\SpoofingData\014182.jpg,014182,photo,1,0.9836974740028381,1,1
C:\Users\Zander Truong\Documents\coding\ekyc-face-pad\data\raw\celeba_spoof\SpoofingData\012959.jpg,012959,photo,1,0.7621891498565674,1,1
C:\Users\Zander Truong\Documents\coding\ekyc-face-pad\data\raw\celeba_spoof\SpoofingData\012000.jpg,012000,photo,1,0.8811176419258118,1,1
C:\Users\Zander Truong\Documents\coding\ekyc-face-pad\data\raw\celeba_spoof\SpoofingData\008466.jpg,008466,photo,1,0.845723569393158,1,1
C:\Users\Zander Truong\Documents\coding\ekyc-face-pad\data\raw\celeba_spoof\SpoofingData\005275.jpg,005275,bona_fide,0,0.49951696395874023,0,1
C:\Users\Zander Truong\Documents\coding\ekyc-face-pad\data\raw\celeba_spoof\SpoofingData\017978.jpg,017978,bona_fide,0,0.10634293407201767,0,1
C:\Users\Zander Truong\Documents\coding\ekyc-face-pad\data\raw\celeba_spoof\SpoofingData\012186.jpg,012186,bona_fide,0,0.4305199384689331,0,1
C:\Users\Zander Truong\Documents\coding\ekyc-face-pad\data\raw\celeba_spoof\SpoofingData\014034.jpg,014034,photo,1,0.9621308445930481,1,1
C:\Users\Zander Truong\Documents\coding\ekyc-face-pad\data\raw\celeba_spoof\SpoofingData\007990.jpg,007990,bona_fide,0,0.0014031148748472333,0,1
C:\Users\Zander Truong\Documents\coding\ekyc-face-pad\data\raw\celeba_spoof\SpoofingData\004706.jpg,004706,photo,1,0.9601538777351379,1,1
C:\Users\Zander Truong\Documents\coding\ekyc-face-pad\data\raw\celeba_spoof\SpoofingData\014847.jpg,014847,photo,1,0.9741666913032532,1,1
C:\Users\Zander Truong\Documents\coding\ekyc-face-pad\data\raw\celeba_spoof\SpoofingData\006782.jpg,006782,photo,1,0.8631786108016968,1,1
C:\Users\Zander Truong\Documents\coding\ekyc-face-pad\data\raw\celeba_spoof\SpoofingData\010890.jpg,010890,photo,1,0.9949780106544495,1,1
C:\Users\Zander Truong\Documents\coding\ekyc-face-pad\data\raw\celeba_spoof\SpoofingData\005879.jpg,005879,photo,1,0.9150826334953308,1,1
C:\Users\Zander Truong\Documents\coding\ekyc-face-pad\data\raw\celeba_spoof\SpoofingData\007873.jpg,007873,bona_fide,0,0.03147027641534805,0,1
C:\Users\Zander Truong\Documents\coding\ekyc-face-pad\data\raw\celeba_spoof\SpoofingData\005845.jpg,005845,photo,1,0.98337721824646,1,1
C:\Users\Zander Truong\Documents\coding\ekyc-face-pad\data\raw\celeba_spoof\SpoofingData\004934.jpg,004934,photo,1,0.9857467412948608,1,1
C:\Users\Zander Truong\Documents\coding\ekyc-face-pad\data\raw\celeba_spoof\SpoofingData\017494.jpg,017494,photo,1,0.7762607336044312,1,1
C:\Users\Zander Truong\Documents\coding\ekyc-face-pad\data\raw\celeba_spoof\SpoofingData\014661.jpg,014661,bona_fide,0,0.9822261333465576,1,0
C:\Users\Zander Truong\Documents\coding\ekyc-face-pad\data\raw\celeba_spoof\SpoofingData\014752.jpg,014752,bona_fide,0,0.4356726109981537,0,1
C:\Users\Zander Truong\Documents\coding\ekyc-face-pad\data\raw\celeba_spoof\SpoofingData\012261.jpg,012261,photo,1,0.9651099443435669,1,1
C:\Users\Zander Truong\Documents\coding\ekyc-face-pad\data\raw\celeba_spoof\SpoofingData\011362.jpg,011362,bona_fide,0,0.0144905811175704,0,1
C:\Users\Zander Truong\Documents\coding\ekyc-face-pad\data\raw\celeba_spoof\SpoofingData\000301.jpg,000301,photo,1,0.9412961006164551,1,1
C:\Users\Zander Truong\Documents\coding\ekyc-face-pad\data\raw\celeba_spoof\SpoofingData\003391.jpg,003391,photo,1,0.43027636408805847,0,0
C:\Users\Zander Truong\Documents\coding\ekyc-face-pad\data\raw\celeba_spoof\SpoofingData\003023.jpg,003023,photo,1,0.938584566116333,1,1
C:\Users\Zander Truong\Documents\coding\ekyc-face-pad\data\raw\celeba_spoof\SpoofingData\017373.jpg,017373,photo,1,0.9683728218078613,1,1
C:\Users\Zander Truong\Documents\coding\ekyc-face-pad\data\raw\celeba_spoof\SpoofingData\008339.jpg,008339,photo,1,0.9334486722946167,1,1
C:\Users\Zander Truong\Documents\coding\ekyc-face-pad\data\raw\celeba_spoof\SpoofingData\011744.jpg,011744,photo,1,0.988517165184021,1,1
C:\Users\Zander Truong\Documents\coding\ekyc-face-pad\data\raw\celeba_spoof\SpoofingData\007562.jpg,007562,photo,1,0.9980087876319885,1,1
C:\Users\Zander Truong\Documents\coding\ekyc-face-pad\data\raw\celeba_spoof\SpoofingData\004077.jpg,004077,bona_fide,0,0.05921477824449539,0,1
C:\Users\Zander Truong\Documents\coding\ekyc-face-pad\data\raw\celeba_spoof\SpoofingData\012214.jpg,012214,photo,1,0.9462844133377075,1,1
C:\Users\Zander Truong\Documents\coding\ekyc-face-pad\data\raw\celeba_spoof\SpoofingData\011494.jpg,011494,bona_fide,0,0.4522451162338257,0,1
C:\Users\Zander Truong\Documents\coding\ekyc-face-pad\data\raw\celeba_spoof\SpoofingData\015723.jpg,015723,bona_fide,0,0.4008256793022156,0,1
C:\Users\Zander Truong\Documents\coding\ekyc-face-pad\data\raw\celeba_spoof\SpoofingData\016222.jpg,016222,photo,1,0.9897676110267639,1,1
C:\Users\Zander Truong\Documents\coding\ekyc-face-pad\data\raw\celeba_spoof\SpoofingData\003812.jpg,003812,bona_fide,0,0.9453186392784119,1,0
C:\Users\Zander Truong\Documents\coding\ekyc-face-pad\data\raw\celeba_spoof\SpoofingData\009909.jpg,009909,bona_fide,0,0.5106967687606812,1,0
C:\Users\Zander Truong\Documents\coding\ekyc-face-pad\data\raw\celeba_spoof\SpoofingData\015327.jpg,015327,photo,1,0.7341846823692322,1,1
C:\Users\Zander Truong\Documents\coding\ekyc-face-pad\data\raw\celeba_spoof\SpoofingData\014452.jpg,014452,bona_fide,0,0.00471016950905323,0,1
C:\Users\Zander Truong\Documents\coding\ekyc-face-pad\data\raw\celeba_spoof\SpoofingData\004169.jpg,004169,bona_fide,0,0.05195586010813713,0,1
C:\Users\Zander Truong\Documents\coding\ekyc-face-pad\data\raw\celeba_spoof\SpoofingData\010949.jpg,010949,bona_fide,0,0.036017924547195435,0,1
C:\Users\Zander Truong\Documents\coding\ekyc-face-pad\data\raw\celeba_spoof\SpoofingData\008685.jpg,008685,bona_fide,0,0.03897262364625931,0,1
C:\Users\Zander Truong\Documents\coding\ekyc-face-pad\data\raw\celeba_spoof\SpoofingData\004634.jpg,004634,photo,1,0.9896700978279114,1,1
C:\Users\Zander Truong\Documents\coding\ekyc-face-pad\data\raw\celeba_spoof\SpoofingData\000799.jpg,000799,bona_fide,0,0.29104721546173096,0,1
C:\Users\Zander Truong\Documents\coding\ekyc-face-pad\data\raw\celeba_spoof\SpoofingData\014774.jpg,014774,bona_fide,0,0.012410803698003292,0,1
C:\Users\Zander Truong\Documents\coding\ekyc-face-pad\data\raw\celeba_spoof\SpoofingData\003140.jpg,003140,photo,1,0.9470130801200867,1,1
C:\Users\Zander Truong\Documents\coding\ekyc-face-pad\data\raw\celeba_spoof\SpoofingData\010162.jpg,010162,bona_fide,0,0.0773797407746315,0,1
C:\Users\Zander Truong\Documents\coding\ekyc-face-pad\data\raw\celeba_spoof\SpoofingData\014288.jpg,014288,photo,1,0.9562667608261108,1,1
C:\Users\Zander Truong\Documents\coding\ekyc-face-pad\data\raw\celeba_spoof\SpoofingData\002360.jpg,002360,bona_fide,0,0.07088986039161682,0,1
C:\Users\Zander Truong\Documents\coding\ekyc-face-pad\data\raw\celeba_spoof\SpoofingData\016539.jpg,016539,photo,1,0.9036877155303955,1,1
C:\Users\Zander Truong\Documents\coding\ekyc-face-pad\data\raw\celeba_spoof\SpoofingData\010590.jpg,010590,photo,1,0.9546058177947998,1,1
C:\Users\Zander Truong\Documents\coding\ekyc-face-pad\data\raw\celeba_spoof\SpoofingData\015234.jpg,015234,photo,1,0.9407947063446045,1,1
C:\Users\Zander Truong\Documents\coding\ekyc-face-pad\data\raw\celeba_spoof\SpoofingData\006078.jpg,006078,bona_fide,0,0.0420391820371151,0,1
C:\Users\Zander Truong\Documents\coding\ekyc-face-pad\data\raw\celeba_spoof\SpoofingData\002326.jpg,002326,photo,1,0.24415041506290436,0,0
C:\Users\Zander Truong\Documents\coding\ekyc-face-pad\data\raw\celeba_spoof\SpoofingData\015999.jpg,015999,bona_fide,0,0.1676342636346817,0,1
C:\Users\Zander Truong\Documents\coding\ekyc-face-pad\data\raw\celeba_spoof\SpoofingData\009912.jpg,009912,bona_fide,0,0.2993887960910797,0,1
C:\Users\Zander Truong\Documents\coding\ekyc-face-pad\data\raw\celeba_spoof\SpoofingData\016807.jpg,016807,photo,1,0.9846414923667908,1,1
C:\Users\Zander Truong\Documents\coding\ekyc-face-pad\data\raw\celeba_spoof\SpoofingData\013436.jpg,013436,photo,1,0.9959167838096619,1,1
C:\Users\Zander Truong\Documents\coding\ekyc-face-pad\data\raw\celeba_spoof\SpoofingData\002966.jpg,002966,photo,1,0.8992705345153809,1,1
C:\Users\Zander Truong\Documents\coding\ekyc-face-pad\data\raw\celeba_spoof\SpoofingData\000290.jpg,000290,photo,1,0.5522051453590393,1,1
C:\Users\Zander Truong\Documents\coding\ekyc-face-pad\data\raw\celeba_spoof\SpoofingData\006230.jpg,006230,photo,1,0.9860047698020935,1,1
C:\Users\Zander Truong\Documents\coding\ekyc-face-pad\data\raw\celeba_spoof\SpoofingData\006694.jpg,006694,bona_fide,0,0.010986361652612686,0,1
C:\Users\Zander Truong\Documents\coding\ekyc-face-pad\data\raw\celeba_spoof\SpoofingData\004963.jpg,004963,photo,1,0.9914852976799011,1,1
C:\Users\Zander Truong\Documents\coding\ekyc-face-pad\data\raw\celeba_spoof\SpoofingData\007735.jpg,007735,bona_fide,0,0.10400895774364471,0,1
C:\Users\Zander Truong\Documents\coding\ekyc-face-pad\data\raw\celeba_spoof\SpoofingData\008716.jpg,008716,bona_fide,0,0.01638391800224781,0,1
C:\Users\Zander Truong\Documents\coding\ekyc-face-pad\data\raw\celeba_spoof\SpoofingData\009734.jpg,009734,photo,1,0.9945480227470398,1,1
C:\Users\Zander Truong\Documents\coding\ekyc-face-pad\data\raw\celeba_spoof\SpoofingData\008241.jpg,008241,photo,1,0.8208582401275635,1,1
C:\Users\Zander Truong\Documents\coding\ekyc-face-pad\data\raw\celeba_spoof\SpoofingData\017814.jpg,017814,photo,1,0.9891111254692078,1,1
C:\Users\Zander Truong\Documents\coding\ekyc-face-pad\data\raw\celeba_spoof\SpoofingData\002555.jpg,002555,bona_fide,0,0.7650918960571289,1,0
C:\Users\Zander Truong\Documents\coding\ekyc-face-pad\data\raw\celeba_spoof\SpoofingData\014149.jpg,014149,photo,1,0.9746443629264832,1,1
C:\Users\Zander Truong\Documents\coding\ekyc-face-pad\data\raw\celeba_spoof\SpoofingData\017379.jpg,017379,photo,1,0.983472466468811,1,1
C:\Users\Zander Truong\Documents\coding\ekyc-face-pad\data\raw\celeba_spoof\SpoofingData\007579.jpg,007579,photo,1,0.9199625849723816,1,1
C:\Users\Zander Truong\Documents\coding\ekyc-face-pad\data\raw\celeba_spoof\SpoofingData\013276.jpg,013276,photo,1,0.9628373980522156,1,1
C:\Users\Zander Truong\Documents\coding\ekyc-face-pad\data\raw\celeba_spoof\SpoofingData\016346.jpg,016346,bona_fide,0,0.018306005746126175,0,1
C:\Users\Zander Truong\Documents\coding\ekyc-face-pad\data\raw\celeba_spoof\SpoofingData\017931.jpg,017931,photo,1,0.9609972238540649,1,1
C:\Users\Zander Truong\Documents\coding\ekyc-face-pad\data\raw\celeba_spoof\SpoofingData\005807.jpg,005807,photo,1,0.762359082698822,1,1
C:\Users\Zander Truong\Documents\coding\ekyc-face-pad\data\raw\celeba_spoof\SpoofingData\009917.jpg,009917,bona_fide,0,0.6861450672149658,1,0
C:\Users\Zander Truong\Documents\coding\ekyc-face-pad\data\raw\celeba_spoof\SpoofingData\003094.jpg,003094,photo,1,0.9468544721603394,1,1
C:\Users\Zander Truong\Documents\coding\ekyc-face-pad\data\raw\celeba_spoof\SpoofingData\003889.jpg,003889,photo,1,0.394218385219574,0,0
C:\Users\Zander Truong\Documents\coding\ekyc-face-pad\data\raw\celeba_spoof\SpoofingData\016338.jpg,016338,photo,1,0.9928445219993591,1,1
C:\Users\Zander Truong\Documents\coding\ekyc-face-pad\data\raw\celeba_spoof\SpoofingData\007615.jpg,007615,photo,1,0.9790593385696411,1,1
C:\Users\Zander Truong\Documents\coding\ekyc-face-pad\data\raw\celeba_spoof\SpoofingData\005526.jpg,005526,photo,1,0.8978678584098816,1,1
C:\Users\Zander Truong\Documents\coding\ekyc-face-pad\data\raw\celeba_spoof\SpoofingData\005205.jpg,005205,photo,1,0.7655685544013977,1,1
C:\Users\Zander Truong\Documents\coding\ekyc-face-pad\data\raw\celeba_spoof\SpoofingData\006466.jpg,006466,photo,1,0.9938873648643494,1,1
C:\Users\Zander Truong\Documents\coding\ekyc-face-pad\data\raw\celeba_spoof\SpoofingData\004792.jpg,004792,photo,1,0.9029468297958374,1,1
C:\Users\Zander Truong\Documents\coding\ekyc-face-pad\data\raw\celeba_spoof\SpoofingData\016573.jpg,016573,photo,1,0.9722052812576294,1,1
C:\Users\Zander Truong\Documents\coding\ekyc-face-pad\data\raw\celeba_spoof\SpoofingData\014451.jpg,014451,bona_fide,0,0.48635560274124146,0,1
C:\Users\Zander Truong\Documents\coding\ekyc-face-pad\data\raw\celeba_spoof\SpoofingData\009809.jpg,009809,photo,1,0.948869526386261,1,1
C:\Users\Zander Truong\Documents\coding\ekyc-face-pad\data\raw\celeba_spoof\SpoofingData\007498.jpg,007498,bona_fide,0,0.04177359119057655,0,1
C:\Users\Zander Truong\Documents\coding\ekyc-face-pad\data\raw\celeba_spoof\SpoofingData\006305.jpg,006305,bona_fide,0,0.12393935024738312,0,1
C:\Users\Zander Truong\Documents\coding\ekyc-face-pad\data\raw\celeba_spoof\SpoofingData\017365.jpg,017365,photo,1,0.9946881532669067,1,1
C:\Users\Zander Truong\Documents\coding\ekyc-face-pad\data\raw\celeba_spoof\SpoofingData\005233.jpg,005233,photo,1,0.7499554753303528,1,1
C:\Users\Zander Truong\Documents\coding\ekyc-face-pad\data\raw\celeba_spoof\SpoofingData\014151.jpg,014151,photo,1,0.9978432655334473,1,1
C:\Users\Zander Truong\Documents\coding\ekyc-face-pad\data\raw\celeba_spoof\SpoofingData\017891.jpg,017891,photo,1,0.8068631291389465,1,1
C:\Users\Zander Truong\Documents\coding\ekyc-face-pad\data\raw\celeba_spoof\SpoofingData\010188.jpg,010188,photo,1,0.9794051647186279,1,1
C:\Users\Zander Truong\Documents\coding\ekyc-face-pad\data\raw\celeba_spoof\SpoofingData\015974.jpg,015974,photo,1,0.9507007598876953,1,1
C:\Users\Zander Truong\Documents\coding\ekyc-face-pad\data\raw\celeba_spoof\SpoofingData\000738.jpg,000738,photo,1,0.739335834980011,1,1
C:\Users\Zander Truong\Documents\coding\ekyc-face-pad\data\raw\celeba_spoof\SpoofingData\013101.jpg,013101,bona_fide,0,0.012589938938617706,0,1
C:\Users\Zander Truong\Documents\coding\ekyc-face-pad\data\raw\celeba_spoof\SpoofingData\012084.jpg,012084,bona_fide,0,0.01973114348948002,0,1
C:\Users\Zander Truong\Documents\coding\ekyc-face-pad\data\raw\celeba_spoof\SpoofingData\004189.jpg,004189,photo,1,0.982948899269104,1,1
C:\Users\Zander Truong\Documents\coding\ekyc-face-pad\data\raw\celeba_spoof\SpoofingData\014764.jpg,014764,bona_fide,0,0.1047748476266861,0,1
C:\Users\Zander Truong\Documents\coding\ekyc-face-pad\data\raw\celeba_spoof\SpoofingData\005597.jpg,005597,bona_fide,0,0.28385433554649353,0,1
C:\Users\Zander Truong\Documents\coding\ekyc-face-pad\data\raw\celeba_spoof\SpoofingData\010055.jpg,010055,photo,1,0.9416142702102661,1,1
C:\Users\Zander Truong\Documents\coding\ekyc-face-pad\data\raw\celeba_spoof\SpoofingData\007782.jpg,007782,photo,1,0.9785903096199036,1,1
C:\Users\Zander Truong\Documents\coding\ekyc-face-pad\data\raw\celeba_spoof\SpoofingData\017350.jpg,017350,bona_fide,0,0.0263974666595459,0,1
C:\Users\Zander Truong\Documents\coding\ekyc-face-pad\data\raw\celeba_spoof\SpoofingData\013580.jpg,013580,photo,1,0.9758797883987427,1,1
C:\Users\Zander Truong\Documents\coding\ekyc-face-pad\data\raw\celeba_spoof\SpoofingData\017973.jpg,017973,photo,1,0.9356058835983276,1,1
C:\Users\Zander Truong\Documents\coding\ekyc-face-pad\data\raw\celeba_spoof\SpoofingData\007767.jpg,007767,photo,1,0.9776362776756287,1,1
C:\Users\Zander Truong\Documents\coding\ekyc-face-pad\data\raw\celeba_spoof\SpoofingData\001662.jpg,001662,bona_fide,0,0.6269450783729553,1,0
C:\Users\Zander Truong\Documents\coding\ekyc-face-pad\data\raw\celeba_spoof\SpoofingData\003096.jpg,003096,bona_fide,0,0.003727455623447895,0,1
C:\Users\Zander Truong\Documents\coding\ekyc-face-pad\data\raw\celeba_spoof\SpoofingData\005637.jpg,005637,photo,1,0.8057444095611572,1,1
C:\Users\Zander Truong\Documents\coding\ekyc-face-pad\data\raw\celeba_spoof\SpoofingData\014258.jpg,014258,photo,1,0.9776428937911987,1,1
C:\Users\Zander Truong\Documents\coding\ekyc-face-pad\data\raw\celeba_spoof\SpoofingData\015133.jpg,015133,photo,1,0.9857043027877808,1,1
C:\Users\Zander Truong\Documents\coding\ekyc-face-pad\data\raw\celeba_spoof\SpoofingData\005726.jpg,005726,photo,1,0.9899565577507019,1,1
C:\Users\Zander Truong\Documents\coding\ekyc-face-pad\data\raw\celeba_spoof\SpoofingData\002738.jpg,002738,photo,1,0.7804118990898132,1,1
C:\Users\Zander Truong\Documents\coding\ekyc-face-pad\data\raw\celeba_spoof\SpoofingData\007062.jpg,007062,photo,1,0.9953752756118774,1,1
C:\Users\Zander Truong\Documents\coding\ekyc-face-pad\data\raw\celeba_spoof\SpoofingData\011384.jpg,011384,photo,1,0.9563112258911133,1,1
C:\Users\Zander Truong\Documents\coding\ekyc-face-pad\data\raw\celeba_spoof\SpoofingData\001352.jpg,001352,photo,1,0.9896593689918518,1,1
C:\Users\Zander Truong\Documents\coding\ekyc-face-pad\data\raw\celeba_spoof\SpoofingData\007974.jpg,007974,bona_fide,0,0.027757473289966583,0,1
C:\Users\Zander Truong\Documents\coding\ekyc-face-pad\data\raw\celeba_spoof\SpoofingData\003295.jpg,003295,photo,1,0.9857531189918518,1,1
C:\Users\Zander Truong\Documents\coding\ekyc-face-pad\data\raw\celeba_spoof\SpoofingData\001294.jpg,001294,photo,1,0.04979805648326874,0,0
C:\Users\Zander Truong\Documents\coding\ekyc-face-pad\data\raw\celeba_spoof\SpoofingData\010675.jpg,010675,photo,1,0.9519782662391663,1,1
C:\Users\Zander Truong\Documents\coding\ekyc-face-pad\data\raw\celeba_spoof\SpoofingData\005284.jpg,005284,photo,1,0.9509032368659973,1,1
C:\Users\Zander Truong\Documents\coding\ekyc-face-pad\data\raw\celeba_spoof\SpoofingData\010913.jpg,010913,photo,1,0.858690083026886,1,1
C:\Users\Zander Truong\Documents\coding\ekyc-face-pad\data\raw\celeba_spoof\SpoofingData\005192.jpg,005192,bona_fide,0,0.34790360927581787,0,1
C:\Users\Zander Truong\Documents\coding\ekyc-face-pad\data\raw\celeba_spoof\SpoofingData\005927.jpg,005927,photo,1,0.9315208792686462,1,1
C:\Users\Zander Truong\Documents\coding\ekyc-face-pad\data\raw\celeba_spoof\SpoofingData\000843.jpg,000843,photo,1,0.9610804319381714,1,1
C:\Users\Zander Truong\Documents\coding\ekyc-face-pad\data\raw\celeba_spoof\SpoofingData\014658.jpg,014658,photo,1,0.9943873286247253,1,1
C:\Users\Zander Truong\Documents\coding\ekyc-face-pad\data\raw\celeba_spoof\SpoofingData\006285.jpg,006285,photo,1,0.8911049365997314,1,1
C:\Users\Zander Truong\Documents\coding\ekyc-face-pad\data\raw\celeba_spoof\SpoofingData\010128.jpg,010128,photo,1,0.9943260550498962,1,1
C:\Users\Zander Truong\Documents\coding\ekyc-face-pad\data\raw\celeba_spoof\SpoofingData\001611.jpg,001611,photo,1,0.9713172912597656,1,1
C:\Users\Zander Truong\Documents\coding\ekyc-face-pad\data\raw\celeba_spoof\SpoofingData\006267.jpg,006267,photo,1,0.9460987448692322,1,1
C:\Users\Zander Truong\Documents\coding\ekyc-face-pad\data\raw\celeba_spoof\SpoofingData\009722.jpg,009722,photo,1,0.9414812326431274,1,1
C:\Users\Zander Truong\Documents\coding\ekyc-face-pad\data\raw\celeba_spoof\SpoofingData\006428.jpg,006428,photo,1,0.9395320415496826,1,1
C:\Users\Zander Truong\Documents\coding\ekyc-face-pad\data\raw\celeba_spoof\SpoofingData\007602.jpg,007602,photo,1,0.9712295532226562,1,1
C:\Users\Zander Truong\Documents\coding\ekyc-face-pad\data\raw\celeba_spoof\SpoofingData\008789.jpg,008789,photo,1,0.7350186705589294,1,1
C:\Users\Zander Truong\Documents\coding\ekyc-face-pad\data\raw\celeba_spoof\SpoofingData\014882.jpg,014882,photo,1,0.9908912777900696,1,1
C:\Users\Zander Truong\Documents\coding\ekyc-face-pad\data\raw\celeba_spoof\SpoofingData\005253.jpg,005253,bona_fide,0,0.01726468838751316,0,1
C:\Users\Zander Truong\Documents\coding\ekyc-face-pad\data\raw\celeba_spoof\SpoofingData\005062.jpg,005062,photo,1,0.7404528260231018,1,1
C:\Users\Zander Truong\Documents\coding\ekyc-face-pad\data\raw\celeba_spoof\SpoofingData\013629.jpg,013629,bona_fide,0,0.04592999443411827,0,1
C:\Users\Zander Truong\Documents\coding\ekyc-face-pad\data\raw\celeba_spoof\SpoofingData\009971.jpg,009971,photo,1,0.9873162508010864,1,1
C:\Users\Zander Truong\Documents\coding\ekyc-face-pad\data\raw\celeba_spoof\SpoofingData\004578.jpg,004578,bona_fide,0,0.859130322933197,1,0
C:\Users\Zander Truong\Documents\coding\ekyc-face-pad\data\raw\celeba_spoof\SpoofingData\004205.jpg,004205,bona_fide,0,0.015196854248642921,0,1
C:\Users\Zander Truong\Documents\coding\ekyc-face-pad\data\raw\celeba_spoof\SpoofingData\011281.jpg,011281,photo,1,0.9923281073570251,1,1
C:\Users\Zander Truong\Documents\coding\ekyc-face-pad\data\raw\celeba_spoof\SpoofingData\005512.jpg,005512,bona_fide,0,0.9596337676048279,1,0
C:\Users\Zander Truong\Documents\coding\ekyc-face-pad\data\raw\celeba_spoof\SpoofingData\004419.jpg,004419,photo,1,0.9761824607849121,1,1
C:\Users\Zander Truong\Documents\coding\ekyc-face-pad\data\raw\celeba_spoof\SpoofingData\015262.jpg,015262,photo,1,0.995808482170105,1,1
C:\Users\Zander Truong\Documents\coding\ekyc-face-pad\data\raw\celeba_spoof\SpoofingData\012066.jpg,012066,photo,1,0.9486340880393982,1,1
C:\Users\Zander Truong\Documents\coding\ekyc-face-pad\data\raw\celeba_spoof\SpoofingData\002070.jpg,002070,photo,1,0.46310120820999146,0,0
C:\Users\Zander Truong\Documents\coding\ekyc-face-pad\data\raw\celeba_spoof\SpoofingData\012634.jpg,012634,photo,1,0.9413841962814331,1,1
C:\Users\Zander Truong\Documents\coding\ekyc-face-pad\data\raw\celeba_spoof\SpoofingData\017892.jpg,017892,photo,1,0.8270531296730042,1,1
C:\Users\Zander Truong\Documents\coding\ekyc-face-pad\data\raw\celeba_spoof\SpoofingData\013672.jpg,013672,bona_fide,0,0.011867018416523933,0,1
C:\Users\Zander Truong\Documents\coding\ekyc-face-pad\data\raw\celeba_spoof\SpoofingData\007780.jpg,007780,photo,1,0.9948570728302002,1,1
C:\Users\Zander Truong\Documents\coding\ekyc-face-pad\data\raw\celeba_spoof\SpoofingData\017048.jpg,017048,bona_fide,0,0.009771964512765408,0,1
C:\Users\Zander Truong\Documents\coding\ekyc-face-pad\data\raw\celeba_spoof\SpoofingData\005733.jpg,005733,bona_fide,0,0.049647487699985504,0,1
C:\Users\Zander Truong\Documents\coding\ekyc-face-pad\data\raw\celeba_spoof\SpoofingData\009521.jpg,009521,photo,1,0.3673257529735565,0,0
C:\Users\Zander Truong\Documents\coding\ekyc-face-pad\data\raw\celeba_spoof\SpoofingData\007702.jpg,007702,photo,1,0.6840981841087341,1,1
C:\Users\Zander Truong\Documents\coding\ekyc-face-pad\data\raw\celeba_spoof\SpoofingData\008936.jpg,008936,bona_fide,0,0.4356421232223511,0,1
C:\Users\Zander Truong\Documents\coding\ekyc-face-pad\data\raw\celeba_spoof\SpoofingData\014553.jpg,014553,bona_fide,0,0.8027783036231995,1,0
C:\Users\Zander Truong\Documents\coding\ekyc-face-pad\data\raw\celeba_spoof\SpoofingData\016686.jpg,016686,bona_fide,0,0.01772371679544449,0,1
C:\Users\Zander Truong\Documents\coding\ekyc-face-pad\data\raw\celeba_spoof\SpoofingData\017374.jpg,017374,photo,1,0.5191304683685303,1,1
C:\Users\Zander Truong\Documents\coding\ekyc-face-pad\data\raw\celeba_spoof\SpoofingData\005276.jpg,005276,photo,1,0.8240841627120972,1,1
C:\Users\Zander Truong\Documents\coding\ekyc-face-pad\data\raw\celeba_spoof\SpoofingData\001879.jpg,001879,photo,1,0.5694792866706848,1,1
C:\Users\Zander Truong\Documents\coding\ekyc-face-pad\data\raw\celeba_spoof\SpoofingData\007639.jpg,007639,photo,1,0.9759374856948853,1,1
C:\Users\Zander Truong\Documents\coding\ekyc-face-pad\data\raw\celeba_spoof\SpoofingData\004237.jpg,004237,bona_fide,0,0.09227491170167923,0,1
C:\Users\Zander Truong\Documents\coding\ekyc-face-pad\data\raw\celeba_spoof\SpoofingData\012542.jpg,012542,bona_fide,0,0.4086969494819641,0,1
C:\Users\Zander Truong\Documents\coding\ekyc-face-pad\data\raw\celeba_spoof\SpoofingData\010554.jpg,010554,photo,1,0.8526666760444641,1,1
C:\Users\Zander Truong\Documents\coding\ekyc-face-pad\data\raw\celeba_spoof\SpoofingData\003229.jpg,003229,photo,1,0.951375424861908,1,1
C:\Users\Zander Truong\Documents\coding\ekyc-face-pad\data\raw\celeba_spoof\SpoofingData\015269.jpg,015269,photo,1,0.0788162425160408,0,0
C:\Users\Zander Truong\Documents\coding\ekyc-face-pad\data\raw\celeba_spoof\SpoofingData\012899.jpg,012899,photo,1,0.9936094284057617,1,1
C:\Users\Zander Truong\Documents\coding\ekyc-face-pad\data\raw\celeba_spoof\SpoofingData\002599.jpg,002599,photo,1,0.9972201585769653,1,1
C:\Users\Zander Truong\Documents\coding\ekyc-face-pad\data\raw\celeba_spoof\SpoofingData\009615.jpg,009615,bona_fide,0,0.19185352325439453,0,1
C:\Users\Zander Truong\Documents\coding\ekyc-face-pad\data\raw\celeba_spoof\SpoofingData\014298.jpg,014298,bona_fide,0,0.3574604392051697,0,1
C:\Users\Zander Truong\Documents\coding\ekyc-face-pad\data\raw\celeba_spoof\SpoofingData\008836.jpg,008836,bona_fide,0,0.08225958794355392,0,1
C:\Users\Zander Truong\Documents\coding\ekyc-face-pad\data\raw\celeba_spoof\SpoofingData\015179.jpg,015179,photo,1,0.7217633128166199,1,1
C:\Users\Zander Truong\Documents\coding\ekyc-face-pad\data\raw\celeba_spoof\SpoofingData\014644.jpg,014644,bona_fide,0,0.21583156287670135,0,1
C:\Users\Zander Truong\Documents\coding\ekyc-face-pad\data\raw\celeba_spoof\SpoofingData\015598.jpg,015598,photo,1,0.9775708913803101,1,1
C:\Users\Zander Truong\Documents\coding\ekyc-face-pad\data\raw\celeba_spoof\SpoofingData\010840.jpg,010840,bona_fide,0,0.01825525239109993,0,1
C:\Users\Zander Truong\Documents\coding\ekyc-face-pad\data\raw\celeba_spoof\SpoofingData\015804.jpg,015804,photo,1,0.9939067959785461,1,1
C:\Users\Zander Truong\Documents\coding\ekyc-face-pad\data\raw\celeba_spoof\SpoofingData\015189.jpg,015189,bona_fide,0,0.16247856616973877,0,1
C:\Users\Zander Truong\Documents\coding\ekyc-face-pad\data\raw\celeba_spoof\SpoofingData\006451.jpg,006451,photo,1,0.9723549485206604,1,1
C:\Users\Zander Truong\Documents\coding\ekyc-face-pad\data\raw\celeba_spoof\SpoofingData\005330.jpg,005330,photo,1,0.9570173025131226,1,1
C:\Users\Zander Truong\Documents\coding\ekyc-face-pad\data\raw\celeba_spoof\SpoofingData\010228.jpg,010228,photo,1,0.9735851287841797,1,1
C:\Users\Zander Truong\Documents\coding\ekyc-face-pad\data\raw\celeba_spoof\SpoofingData\007262.jpg,007262,photo,1,0.918538510799408,1,1
C:\Users\Zander Truong\Documents\coding\ekyc-face-pad\data\raw\celeba_spoof\SpoofingData\015593.jpg,015593,photo,1,0.9908580183982849,1,1
C:\Users\Zander Truong\Documents\coding\ekyc-face-pad\data\raw\celeba_spoof\SpoofingData\007888.jpg,007888,bona_fide,0,0.2246091216802597,0,1
C:\Users\Zander Truong\Documents\coding\ekyc-face-pad\data\raw\celeba_spoof\SpoofingData\010819.jpg,010819,photo,1,0.7089400291442871,1,1
C:\Users\Zander Truong\Documents\coding\ekyc-face-pad\data\raw\celeba_spoof\SpoofingData\006815.jpg,006815,photo,1,0.9922764897346497,1,1
C:\Users\Zander Truong\Documents\coding\ekyc-face-pad\data\raw\celeba_spoof\SpoofingData\005102.jpg,005102,photo,1,0.9540097713470459,1,1
C:\Users\Zander Truong\Documents\coding\ekyc-face-pad\data\raw\celeba_spoof\SpoofingData\015430.jpg,015430,bona_fide,0,0.024514542892575264,0,1
C:\Users\Zander Truong\Documents\coding\ekyc-face-pad\data\raw\celeba_spoof\SpoofingData\001129.jpg,001129,photo,1,0.953382134437561,1,1
C:\Users\Zander Truong\Documents\coding\ekyc-face-pad\data\raw\celeba_spoof\SpoofingData\007418.jpg,007418,bona_fide,0,0.006985688582062721,0,1
C:\Users\Zander Truong\Documents\coding\ekyc-face-pad\data\raw\celeba_spoof\SpoofingData\011819.jpg,011819,photo,1,0.22074763476848602,0,0
C:\Users\Zander Truong\Documents\coding\ekyc-face-pad\data\raw\celeba_spoof\SpoofingData\015456.jpg,015456,photo,1,0.9901166558265686,1,1
C:\Users\Zander Truong\Documents\coding\ekyc-face-pad\data\raw\celeba_spoof\SpoofingData\010478.jpg,010478,bona_fide,0,0.17605222761631012,0,1
C:\Users\Zander Truong\Documents\coding\ekyc-face-pad\data\raw\celeba_spoof\SpoofingData\004971.jpg,004971,photo,1,0.8767037987709045,1,1
C:\Users\Zander Truong\Documents\coding\ekyc-face-pad\data\raw\celeba_spoof\SpoofingData\009406.jpg,009406,bona_fide,0,0.09161976724863052,0,1
C:\Users\Zander Truong\Documents\coding\ekyc-face-pad\data\raw\celeba_spoof\SpoofingData\010357.jpg,010357,bona_fide,0,0.02374027855694294,0,1
C:\Users\Zander Truong\Documents\coding\ekyc-face-pad\data\raw\celeba_spoof\SpoofingData\009404.jpg,009404,bona_fide,0,0.8886932730674744,1,0
C:\Users\Zander Truong\Documents\coding\ekyc-face-pad\data\raw\celeba_spoof\SpoofingData\006704.jpg,006704,photo,1,0.9819625020027161,1,1
C:\Users\Zander Truong\Documents\coding\ekyc-face-pad\data\raw\celeba_spoof\SpoofingData\001080.jpg,001080,photo,1,0.7001960873603821,1,1
C:\Users\Zander Truong\Documents\coding\ekyc-face-pad\data\raw\celeba_spoof\SpoofingData\010530.jpg,010530,photo,1,0.965294361114502,1,1
C:\Users\Zander Truong\Documents\coding\ekyc-face-pad\data\raw\celeba_spoof\SpoofingData\016386.jpg,016386,photo,1,0.9634763598442078,1,1
C:\Users\Zander Truong\Documents\coding\ekyc-face-pad\data\raw\celeba_spoof\SpoofingData\012839.jpg,012839,photo,1,0.9922450184822083,1,1
C:\Users\Zander Truong\Documents\coding\ekyc-face-pad\data\raw\celeba_spoof\SpoofingData\014561.jpg,014561,photo,1,0.8534971475601196,1,1
C:\Users\Zander Truong\Documents\coding\ekyc-face-pad\data\raw\celeba_spoof\SpoofingData\000883.jpg,000883,photo,1,0.9620869159698486,1,1
C:\Users\Zander Truong\Documents\coding\ekyc-face-pad\data\raw\celeba_spoof\SpoofingData\003967.jpg,003967,bona_fide,0,0.18653491139411926,0,1
C:\Users\Zander Truong\Documents\coding\ekyc-face-pad\data\raw\celeba_spoof\SpoofingData\006076.jpg,006076,bona_fide,0,0.2300546020269394,0,1
C:\Users\Zander Truong\Documents\coding\ekyc-face-pad\data\raw\celeba_spoof\SpoofingData\010915.jpg,010915,bona_fide,0,0.11353404074907303,0,1
C:\Users\Zander Truong\Documents\coding\ekyc-face-pad\data\raw\celeba_spoof\SpoofingData\002067.jpg,002067,photo,1,0.6189989447593689,1,1
C:\Users\Zander Truong\Documents\coding\ekyc-face-pad\data\raw\celeba_spoof\SpoofingData\011441.jpg,011441,photo,1,0.9921690821647644,1,1
C:\Users\Zander Truong\Documents\coding\ekyc-face-pad\data\raw\celeba_spoof\SpoofingData\012051.jpg,012051,bona_fide,0,0.2684047818183899,0,1
C:\Users\Zander Truong\Documents\coding\ekyc-face-pad\data\raw\celeba_spoof\SpoofingData\010889.jpg,010889,bona_fide,0,0.8327813148498535,1,0
C:\Users\Zander Truong\Documents\coding\ekyc-face-pad\data\raw\celeba_spoof\SpoofingData\017770.jpg,017770,photo,1,0.9976813793182373,1,1
C:\Users\Zander Truong\Documents\coding\ekyc-face-pad\data\raw\celeba_spoof\SpoofingData\012864.jpg,012864,bona_fide,0,0.3201165497303009,0,1
C:\Users\Zander Truong\Documents\coding\ekyc-face-pad\data\raw\celeba_spoof\SpoofingData\016629.jpg,016629,photo,1,0.9966159462928772,1,1
C:\Users\Zander Truong\Documents\coding\ekyc-face-pad\data\raw\celeba_spoof\SpoofingData\009801.jpg,009801,bona_fide,0,0.012452215887606144,0,1
C:\Users\Zander Truong\Documents\coding\ekyc-face-pad\data\raw\celeba_spoof\SpoofingData\003077.jpg,003077,photo,1,0.9771755933761597,1,1
C:\Users\Zander Truong\Documents\coding\ekyc-face-pad\data\raw\celeba_spoof\SpoofingData\001689.jpg,001689,photo,1,0.646169126033783,1,1
C:\Users\Zander Truong\Documents\coding\ekyc-face-pad\data\raw\celeba_spoof\SpoofingData\013586.jpg,013586,bona_fide,0,0.01606331393122673,0,1
C:\Users\Zander Truong\Documents\coding\ekyc-face-pad\data\raw\celeba_spoof\SpoofingData\001323.jpg,001323,photo,1,0.9872676730155945,1,1
C:\Users\Zander Truong\Documents\coding\ekyc-face-pad\data\raw\celeba_spoof\SpoofingData\014659.jpg,014659,bona_fide,0,0.2571655213832855,0,1
C:\Users\Zander Truong\Documents\coding\ekyc-face-pad\data\raw\celeba_spoof\SpoofingData\014312.jpg,014312,photo,1,0.9965728521347046,1,1
C:\Users\Zander Truong\Documents\coding\ekyc-face-pad\data\raw\celeba_spoof\SpoofingData\014696.jpg,014696,bona_fide,0,0.005017403978854418,0,1
C:\Users\Zander Truong\Documents\coding\ekyc-face-pad\data\raw\celeba_spoof\SpoofingData\013836.jpg,013836,bona_fide,0,0.147075355052948,0,1
C:\Users\Zander Truong\Documents\coding\ekyc-face-pad\data\raw\celeba_spoof\SpoofingData\002142.jpg,002142,photo,1,0.30754828453063965,0,0
C:\Users\Zander Truong\Documents\coding\ekyc-face-pad\data\raw\celeba_spoof\SpoofingData\002700.jpg,002700,photo,1,0.8512757420539856,1,1
C:\Users\Zander Truong\Documents\coding\ekyc-face-pad\data\raw\celeba_spoof\SpoofingData\006226.jpg,006226,photo,1,0.3632165193557739,0,0
C:\Users\Zander Truong\Documents\coding\ekyc-face-pad\data\raw\celeba_spoof\SpoofingData\005731.jpg,005731,photo,1,0.8503333330154419,1,1
C:\Users\Zander Truong\Documents\coding\ekyc-face-pad\data\raw\celeba_spoof\SpoofingData\012064.jpg,012064,photo,1,0.9671406149864197,1,1
C:\Users\Zander Truong\Documents\coding\ekyc-face-pad\data\raw\celeba_spoof\SpoofingData\003966.jpg,003966,photo,1,0.5069307088851929,1,1
C:\Users\Zander Truong\Documents\coding\ekyc-face-pad\data\raw\celeba_spoof\SpoofingData\002937.jpg,002937,bona_fide,0,0.499306857585907,0,1
C:\Users\Zander Truong\Documents\coding\ekyc-face-pad\data\raw\celeba_spoof\SpoofingData\008426.jpg,008426,bona_fide,0,0.03387437388300896,0,1
C:\Users\Zander Truong\Documents\coding\ekyc-face-pad\data\raw\celeba_spoof\SpoofingData\006421.jpg,006421,photo,1,0.9941925406455994,1,1
C:\Users\Zander Truong\Documents\coding\ekyc-face-pad\data\raw\celeba_spoof\SpoofingData\003359.jpg,003359,photo,1,0.5775218605995178,1,1
C:\Users\Zander Truong\Documents\coding\ekyc-face-pad\data\raw\celeba_spoof\SpoofingData\012306.jpg,012306,bona_fide,0,0.27736058831214905,0,1
C:\Users\Zander Truong\Documents\coding\ekyc-face-pad\data\raw\celeba_spoof\SpoofingData\016700.jpg,016700,photo,1,0.8070539832115173,1,1
C:\Users\Zander Truong\Documents\coding\ekyc-face-pad\data\raw\celeba_spoof\SpoofingData\011766.jpg,011766,photo,1,0.9992111921310425,1,1
C:\Users\Zander Truong\Documents\coding\ekyc-face-pad\data\raw\celeba_spoof\SpoofingData\002400.jpg,002400,photo,1,0.8918673396110535,1,1
C:\Users\Zander Truong\Documents\coding\ekyc-face-pad\data\raw\celeba_spoof\SpoofingData\012973.jpg,012973,photo,1,0.9962756633758545,1,1
C:\Users\Zander Truong\Documents\coding\ekyc-face-pad\data\raw\celeba_spoof\SpoofingData\003832.jpg,003832,photo,1,0.9553664922714233,1,1
C:\Users\Zander Truong\Documents\coding\ekyc-face-pad\data\raw\celeba_spoof\SpoofingData\016000.jpg,016000,photo,1,0.9561609029769897,1,1
C:\Users\Zander Truong\Documents\coding\ekyc-face-pad\data\raw\celeba_spoof\SpoofingData\013588.jpg,013588,bona_fide,0,0.008061807602643967,0,1
C:\Users\Zander Truong\Documents\coding\ekyc-face-pad\data\raw\celeba_spoof\SpoofingData\010783.jpg,010783,photo,1,0.9877277612686157,1,1
C:\Users\Zander Truong\Documents\coding\ekyc-face-pad\data\raw\celeba_spoof\SpoofingData\017913.jpg,017913,photo,1,0.9045021533966064,1,1
C:\Users\Zander Truong\Documents\coding\ekyc-face-pad\data\raw\celeba_spoof\SpoofingData\011438.jpg,011438,photo,1,0.9322293400764465,1,1
C:\Users\Zander Truong\Documents\coding\ekyc-face-pad\data\raw\celeba_spoof\SpoofingData\006011.jpg,006011,bona_fide,0,0.7920504808425903,1,0
C:\Users\Zander Truong\Documents\coding\ekyc-face-pad\data\raw\celeba_spoof\SpoofingData\006174.jpg,006174,bona_fide,0,0.3965015113353729,0,1
C:\Users\Zander Truong\Documents\coding\ekyc-face-pad\data\raw\celeba_spoof\SpoofingData\002100.jpg,002100,photo,1,0.9777054190635681,1,1
C:\Users\Zander Truong\Documents\coding\ekyc-face-pad\data\raw\celeba_spoof\SpoofingData\016369.jpg,016369,photo,1,0.6386572122573853,1,1
C:\Users\Zander Truong\Documents\coding\ekyc-face-pad\data\raw\celeba_spoof\SpoofingData\013097.jpg,013097,photo,1,0.9949917197227478,1,1
C:\Users\Zander Truong\Documents\coding\ekyc-face-pad\data\raw\celeba_spoof\SpoofingData\013776.jpg,013776,photo,1,0.9900214076042175,1,1
C:\Users\Zander Truong\Documents\coding\ekyc-face-pad\data\raw\celeba_spoof\SpoofingData\016889.jpg,016889,photo,1,0.9923498034477234,1,1
C:\Users\Zander Truong\Documents\coding\ekyc-face-pad\data\raw\celeba_spoof\SpoofingData\015927.jpg,015927,photo,1,0.9927534461021423,1,1
C:\Users\Zander Truong\Documents\coding\ekyc-face-pad\data\raw\celeba_spoof\SpoofingData\000329.jpg,000329,bona_fide,0,0.0030547904316335917,0,1
C:\Users\Zander Truong\Documents\coding\ekyc-face-pad\data\raw\celeba_spoof\SpoofingData\017857.jpg,017857,photo,1,0.9977948665618896,1,1
C:\Users\Zander Truong\Documents\coding\ekyc-face-pad\data\raw\celeba_spoof\SpoofingData\004211.jpg,004211,photo,1,0.8786386847496033,1,1
C:\Users\Zander Truong\Documents\coding\ekyc-face-pad\data\raw\celeba_spoof\SpoofingData\003869.jpg,003869,photo,1,0.9945695996284485,1,1
C:\Users\Zander Truong\Documents\coding\ekyc-face-pad\data\raw\celeba_spoof\SpoofingData\001537.jpg,001537,photo,1,0.22494633495807648,0,0
C:\Users\Zander Truong\Documents\coding\ekyc-face-pad\data\raw\celeba_spoof\SpoofingData\006744.jpg,006744,bona_fide,0,0.020736251026391983,0,1
C:\Users\Zander Truong\Documents\coding\ekyc-face-pad\data\raw\celeba_spoof\SpoofingData\011337.jpg,011337,photo,1,0.9346844553947449,1,1
C:\Users\Zander Truong\Documents\coding\ekyc-face-pad\data\raw\celeba_spoof\SpoofingData\002342.jpg,002342,bona_fide,0,0.9847265481948853,1,0
C:\Users\Zander Truong\Documents\coding\ekyc-face-pad\data\raw\celeba_spoof\SpoofingData\010182.jpg,010182,bona_fide,0,0.045636799186468124,0,1
C:\Users\Zander Truong\Documents\coding\ekyc-face-pad\data\raw\celeba_spoof\SpoofingData\017682.jpg,017682,photo,1,0.992979109287262,1,1
C:\Users\Zander Truong\Documents\coding\ekyc-face-pad\data\raw\celeba_spoof\SpoofingData\008820.jpg,008820,photo,1,0.9900650382041931,1,1
C:\Users\Zander Truong\Documents\coding\ekyc-face-pad\data\raw\celeba_spoof\SpoofingData\004097.jpg,004097,bona_fide,0,0.016684515401721,0,1
C:\Users\Zander Truong\Documents\coding\ekyc-face-pad\data\raw\celeba_spoof\SpoofingData\011409.jpg,011409,bona_fide,0,0.049856238067150116,0,1
C:\Users\Zander Truong\Documents\coding\ekyc-face-pad\data\raw\celeba_spoof\SpoofingData\000466.jpg,000466,photo,1,0.9893360137939453,1,1
C:\Users\Zander Truong\Documents\coding\ekyc-face-pad\data\raw\celeba_spoof\SpoofingData\014043.jpg,014043,photo,1,0.9695499539375305,1,1
C:\Users\Zander Truong\Documents\coding\ekyc-face-pad\data\raw\celeba_spoof\SpoofingData\015364.jpg,015364,photo,1,0.7597077488899231,1,1
C:\Users\Zander Truong\Documents\coding\ekyc-face-pad\data\raw\celeba_spoof\SpoofingData\006630.jpg,006630,photo,1,0.9811829328536987,1,1
C:\Users\Zander Truong\Documents\coding\ekyc-face-pad\data\raw\celeba_spoof\SpoofingData\014705.jpg,014705,bona_fide,0,0.05495945364236832,0,1
C:\Users\Zander Truong\Documents\coding\ekyc-face-pad\data\raw\celeba_spoof\SpoofingData\004150.jpg,004150,bona_fide,0,0.15028080344200134,0,1
C:\Users\Zander Truong\Documents\coding\ekyc-face-pad\data\raw\celeba_spoof\SpoofingData\006050.jpg,006050,bona_fide,0,0.4288458824157715,0,1
C:\Users\Zander Truong\Documents\coding\ekyc-face-pad\data\raw\celeba_spoof\SpoofingData\001070.jpg,001070,photo,1,0.6313415765762329,1,1
C:\Users\Zander Truong\Documents\coding\ekyc-face-pad\data\raw\celeba_spoof\SpoofingData\007653.jpg,007653,photo,1,0.9651086926460266,1,1
C:\Users\Zander Truong\Documents\coding\ekyc-face-pad\data\raw\celeba_spoof\SpoofingData\017809.jpg,017809,photo,1,0.7682502865791321,1,1
C:\Users\Zander Truong\Documents\coding\ekyc-face-pad\data\raw\celeba_spoof\SpoofingData\015600.jpg,015600,photo,1,0.6679334044456482,1,1
C:\Users\Zander Truong\Documents\coding\ekyc-face-pad\data\raw\celeba_spoof\SpoofingData\007809.jpg,007809,photo,1,0.9636902213096619,1,1
C:\Users\Zander Truong\Documents\coding\ekyc-face-pad\data\raw\celeba_spoof\SpoofingData\010496.jpg,010496,photo,1,0.9786497354507446,1,1
C:\Users\Zander Truong\Documents\coding\ekyc-face-pad\data\raw\celeba_spoof\SpoofingData\017449.jpg,017449,photo,1,0.9266400337219238,1,1
C:\Users\Zander Truong\Documents\coding\ekyc-face-pad\data\raw\celeba_spoof\SpoofingData\011556.jpg,011556,photo,1,0.9859415888786316,1,1
C:\Users\Zander Truong\Documents\coding\ekyc-face-pad\data\raw\celeba_spoof\SpoofingData\001245.jpg,001245,photo,1,0.9196963906288147,1,1
C:\Users\Zander Truong\Documents\coding\ekyc-face-pad\data\raw\celeba_spoof\SpoofingData\003658.jpg,003658,photo,1,0.7560030221939087,1,1
C:\Users\Zander Truong\Documents\coding\ekyc-face-pad\data\raw\celeba_spoof\SpoofingData\000474.jpg,000474,bona_fide,0,0.10362359136343002,0,1
C:\Users\Zander Truong\Documents\coding\ekyc-face-pad\data\raw\celeba_spoof\SpoofingData\015199.jpg,015199,photo,1,0.9584300518035889,1,1
C:\Users\Zander Truong\Documents\coding\ekyc-face-pad\data\raw\celeba_spoof\SpoofingData\014529.jpg,014529,photo,1,0.7482590675354004,1,1
C:\Users\Zander Truong\Documents\coding\ekyc-face-pad\data\raw\celeba_spoof\SpoofingData\010725.jpg,010725,photo,1,0.8500177264213562,1,1
C:\Users\Zander Truong\Documents\coding\ekyc-face-pad\data\raw\celeba_spoof\SpoofingData\002891.jpg,002891,photo,1,0.20168888568878174,0,0
C:\Users\Zander Truong\Documents\coding\ekyc-face-pad\data\raw\celeba_spoof\SpoofingData\013645.jpg,013645,photo,1,0.9642910361289978,1,1
C:\Users\Zander Truong\Documents\coding\ekyc-face-pad\data\raw\celeba_spoof\SpoofingData\014069.jpg,014069,bona_fide,0,0.2545696198940277,0,1
C:\Users\Zander Truong\Documents\coding\ekyc-face-pad\data\raw\celeba_spoof\SpoofingData\001549.jpg,001549,photo,1,0.9781954288482666,1,1
C:\Users\Zander Truong\Documents\coding\ekyc-face-pad\data\raw\celeba_spoof\SpoofingData\010439.jpg,010439,photo,1,0.8486975431442261,1,1
C:\Users\Zander Truong\Documents\coding\ekyc-face-pad\data\raw\celeba_spoof\SpoofingData\012986.jpg,012986,photo,1,0.9718884229660034,1,1
C:\Users\Zander Truong\Documents\coding\ekyc-face-pad\data\raw\celeba_spoof\SpoofingData\015478.jpg,015478,photo,1,0.9590545892715454,1,1
C:\Users\Zander Truong\Documents\coding\ekyc-face-pad\data\raw\celeba_spoof\SpoofingData\013987.jpg,013987,photo,1,0.9431513547897339,1,1
C:\Users\Zander Truong\Documents\coding\ekyc-face-pad\data\raw\celeba_spoof\SpoofingData\002191.jpg,002191,photo,1,0.8890010714530945,1,1
C:\Users\Zander Truong\Documents\coding\ekyc-face-pad\data\raw\celeba_spoof\SpoofingData\007366.jpg,007366,bona_fide,0,0.4085831642150879,0,1
C:\Users\Zander Truong\Documents\coding\ekyc-face-pad\data\raw\celeba_spoof\SpoofingData\014377.jpg,014377,photo,1,0.9277515411376953,1,1
C:\Users\Zander Truong\Documents\coding\ekyc-face-pad\data\raw\celeba_spoof\SpoofingData\016545.jpg,016545,photo,1,0.9425223469734192,1,1
C:\Users\Zander Truong\Documents\coding\ekyc-face-pad\data\raw\celeba_spoof\SpoofingData\011474.jpg,011474,photo,1,0.982430100440979,1,1
C:\Users\Zander Truong\Documents\coding\ekyc-face-pad\data\raw\celeba_spoof\SpoofingData\009066.jpg,009066,photo,1,0.9792011976242065,1,1
C:\Users\Zander Truong\Documents\coding\ekyc-face-pad\data\raw\celeba_spoof\SpoofingData\005104.jpg,005104,photo,1,0.9973684549331665,1,1
C:\Users\Zander Truong\Documents\coding\ekyc-face-pad\data\raw\celeba_spoof\SpoofingData\015420.jpg,015420,photo,1,0.8502972722053528,1,1
C:\Users\Zander Truong\Documents\coding\ekyc-face-pad\data\raw\celeba_spoof\SpoofingData\000171.jpg,000171,photo,1,0.6810066103935242,1,1
C:\Users\Zander Truong\Documents\coding\ekyc-face-pad\data\raw\celeba_spoof\SpoofingData\017835.jpg,017835,photo,1,0.9845964312553406,1,1
C:\Users\Zander Truong\Documents\coding\ekyc-face-pad\data\raw\celeba_spoof\SpoofingData\015922.jpg,015922,photo,1,0.9919054508209229,1,1
C:\Users\Zander Truong\Documents\coding\ekyc-face-pad\data\raw\celeba_spoof\SpoofingData\005984.jpg,005984,photo,1,0.614610493183136,1,1
C:\Users\Zander Truong\Documents\coding\ekyc-face-pad\data\raw\celeba_spoof\SpoofingData\016666.jpg,016666,photo,1,0.9156301617622375,1,1
C:\Users\Zander Truong\Documents\coding\ekyc-face-pad\data\raw\celeba_spoof\SpoofingData\008160.jpg,008160,photo,1,0.9830104112625122,1,1
C:\Users\Zander Truong\Documents\coding\ekyc-face-pad\data\raw\celeba_spoof\SpoofingData\005859.jpg,005859,photo,1,0.944694459438324,1,1
C:\Users\Zander Truong\Documents\coding\ekyc-face-pad\data\raw\celeba_spoof\SpoofingData\013087.jpg,013087,photo,1,0.9477097392082214,1,1
C:\Users\Zander Truong\Documents\coding\ekyc-face-pad\data\raw\celeba_spoof\SpoofingData\005480.jpg,005480,photo,1,0.9965184926986694,1,1
C:\Users\Zander Truong\Documents\coding\ekyc-face-pad\data\raw\celeba_spoof\SpoofingData\004822.jpg,004822,photo,1,0.9630535840988159,1,1
C:\Users\Zander Truong\Documents\coding\ekyc-face-pad\data\raw\celeba_spoof\SpoofingData\004597.jpg,004597,photo,1,0.29116401076316833,0,0
C:\Users\Zander Truong\Documents\coding\ekyc-face-pad\data\raw\celeba_spoof\SpoofingData\001327.jpg,001327,bona_fide,0,0.17918944358825684,0,1
C:\Users\Zander Truong\Documents\coding\ekyc-face-pad\data\raw\celeba_spoof\SpoofingData\017833.jpg,017833,bona_fide,0,0.02124677039682865,0,1
C:\Users\Zander Truong\Documents\coding\ekyc-face-pad\data\raw\celeba_spoof\SpoofingData\004709.jpg,004709,photo,1,0.9086024761199951,1,1
C:\Users\Zander Truong\Documents\coding\ekyc-face-pad\data\raw\celeba_spoof\SpoofingData\016900.jpg,016900,bona_fide,0,0.05425923690199852,0,1
C:\Users\Zander Truong\Documents\coding\ekyc-face-pad\data\raw\celeba_spoof\SpoofingData\001728.jpg,001728,bona_fide,0,0.0583571195602417,0,1
C:\Users\Zander Truong\Documents\coding\ekyc-face-pad\data\raw\celeba_spoof\SpoofingData\003346.jpg,003346,photo,1,0.9844779968261719,1,1
C:\Users\Zander Truong\Documents\coding\ekyc-face-pad\data\raw\celeba_spoof\SpoofingData\007709.jpg,007709,photo,1,0.9771866798400879,1,1
C:\Users\Zander Truong\Documents\coding\ekyc-face-pad\data\raw\celeba_spoof\SpoofingData\005782.jpg,005782,photo,1,0.9851212501525879,1,1
C:\Users\Zander Truong\Documents\coding\ekyc-face-pad\data\raw\celeba_spoof\SpoofingData\017537.jpg,017537,bona_fide,0,0.025823112577199936,0,1
C:\Users\Zander Truong\Documents\coding\ekyc-face-pad\data\raw\celeba_spoof\SpoofingData\011070.jpg,011070,photo,1,0.9527488946914673,1,1
C:\Users\Zander Truong\Documents\coding\ekyc-face-pad\data\raw\celeba_spoof\SpoofingData\008762.jpg,008762,photo,1,0.9507295489311218,1,1
C:\Users\Zander Truong\Documents\coding\ekyc-face-pad\data\raw\celeba_spoof\SpoofingData\013639.jpg,013639,bona_fide,0,0.03596081584692001,0,1
C:\Users\Zander Truong\Documents\coding\ekyc-face-pad\data\raw\celeba_spoof\SpoofingData\010331.jpg,010331,bona_fide,0,0.09701225906610489,0,1
C:\Users\Zander Truong\Documents\coding\ekyc-face-pad\data\raw\celeba_spoof\SpoofingData\010985.jpg,010985,photo,1,0.9002137780189514,1,1
C:\Users\Zander Truong\Documents\coding\ekyc-face-pad\data\raw\celeba_spoof\SpoofingData\016303.jpg,016303,photo,1,0.7794261574745178,1,1
C:\Users\Zander Truong\Documents\coding\ekyc-face-pad\data\raw\celeba_spoof\SpoofingData\017210.jpg,017210,photo,1,0.8226265907287598,1,1
C:\Users\Zander Truong\Documents\coding\ekyc-face-pad\data\raw\celeba_spoof\SpoofingData\007593.jpg,007593,photo,1,0.9327347874641418,1,1
C:\Users\Zander Truong\Documents\coding\ekyc-face-pad\data\raw\celeba_spoof\SpoofingData\017225.jpg,017225,photo,1,0.9724231362342834,1,1
C:\Users\Zander Truong\Documents\coding\ekyc-face-pad\data\raw\celeba_spoof\SpoofingData\015994.jpg,015994,photo,1,0.9831750988960266,1,1
C:\Users\Zander Truong\Documents\coding\ekyc-face-pad\data\raw\celeba_spoof\SpoofingData\003258.jpg,003258,photo,1,0.9750270247459412,1,1
C:\Users\Zander Truong\Documents\coding\ekyc-face-pad\data\raw\celeba_spoof\SpoofingData\016596.jpg,016596,photo,1,0.970246434211731,1,1
C:\Users\Zander Truong\Documents\coding\ekyc-face-pad\data\raw\celeba_spoof\SpoofingData\004449.jpg,004449,photo,1,0.7837228178977966,1,1
C:\Users\Zander Truong\Documents\coding\ekyc-face-pad\data\raw\celeba_spoof\SpoofingData\012572.jpg,012572,photo,1,0.91316819190979,1,1
C:\Users\Zander Truong\Documents\coding\ekyc-face-pad\data\raw\celeba_spoof\SpoofingData\007586.jpg,007586,photo,1,0.6589672565460205,1,1
C:\Users\Zander Truong\Documents\coding\ekyc-face-pad\data\raw\celeba_spoof\SpoofingData\002386.jpg,002386,photo,1,0.9088878035545349,1,1
C:\Users\Zander Truong\Documents\coding\ekyc-face-pad\data\raw\celeba_spoof\SpoofingData\003431.jpg,003431,photo,1,0.665854275226593,1,1
C:\Users\Zander Truong\Documents\coding\ekyc-face-pad\data\raw\celeba_spoof\SpoofingData\005806.jpg,005806,photo,1,0.5729074478149414,1,1
C:\Users\Zander Truong\Documents\coding\ekyc-face-pad\data\raw\celeba_spoof\SpoofingData\013807.jpg,013807,photo,1,0.9892416596412659,1,1
C:\Users\Zander Truong\Documents\coding\ekyc-face-pad\data\raw\celeba_spoof\SpoofingData\012204.jpg,012204,bona_fide,0,0.010086686350405216,0,1
C:\Users\Zander Truong\Documents\coding\ekyc-face-pad\data\raw\celeba_spoof\SpoofingData\016083.jpg,016083,photo,1,0.6406484246253967,1,1
C:\Users\Zander Truong\Documents\coding\ekyc-face-pad\data\raw\celeba_spoof\SpoofingData\003172.jpg,003172,photo,1,0.20935039222240448,0,0
C:\Users\Zander Truong\Documents\coding\ekyc-face-pad\data\raw\celeba_spoof\SpoofingData\001716.jpg,001716,bona_fide,0,0.4635542631149292,0,1
C:\Users\Zander Truong\Documents\coding\ekyc-face-pad\data\raw\celeba_spoof\SpoofingData\012284.jpg,012284,photo,1,0.970249593257904,1,1
C:\Users\Zander Truong\Documents\coding\ekyc-face-pad\data\raw\celeba_spoof\SpoofingData\001300.jpg,001300,photo,1,0.801500141620636,1,1
C:\Users\Zander Truong\Documents\coding\ekyc-face-pad\data\raw\celeba_spoof\SpoofingData\005543.jpg,005543,photo,1,0.9795818328857422,1,1
C:\Users\Zander Truong\Documents\coding\ekyc-face-pad\data\raw\celeba_spoof\SpoofingData\006510.jpg,006510,photo,1,0.9951712489128113,1,1
C:\Users\Zander Truong\Documents\coding\ekyc-face-pad\data\raw\celeba_spoof\SpoofingData\011096.jpg,011096,bona_fide,0,0.17053458094596863,0,1
C:\Users\Zander Truong\Documents\coding\ekyc-face-pad\data\raw\celeba_spoof\SpoofingData\009313.jpg,009313,photo,1,0.9845708012580872,1,1
C:\Users\Zander Truong\Documents\coding\ekyc-face-pad\data\raw\celeba_spoof\SpoofingData\012238.jpg,012238,bona_fide,0,0.019903121516108513,0,1
C:\Users\Zander Truong\Documents\coding\ekyc-face-pad\data\raw\celeba_spoof\SpoofingData\015250.jpg,015250,photo,1,0.804366409778595,1,1
C:\Users\Zander Truong\Documents\coding\ekyc-face-pad\data\raw\celeba_spoof\SpoofingData\009707.jpg,009707,photo,1,0.9481094479560852,1,1
C:\Users\Zander Truong\Documents\coding\ekyc-face-pad\data\raw\celeba_spoof\SpoofingData\012178.jpg,012178,bona_fide,0,0.30108174681663513,0,1
C:\Users\Zander Truong\Documents\coding\ekyc-face-pad\data\raw\celeba_spoof\SpoofingData\000965.jpg,000965,photo,1,0.19592271745204926,0,0
C:\Users\Zander Truong\Documents\coding\ekyc-face-pad\data\raw\celeba_spoof\SpoofingData\015709.jpg,015709,bona_fide,0,0.009259737096726894,0,1
C:\Users\Zander Truong\Documents\coding\ekyc-face-pad\data\raw\celeba_spoof\SpoofingData\008070.jpg,008070,bona_fide,0,0.11042067408561707,0,1
C:\Users\Zander Truong\Documents\coding\ekyc-face-pad\data\raw\celeba_spoof\SpoofingData\014878.jpg,014878,photo,1,0.14770537614822388,0,0
C:\Users\Zander Truong\Documents\coding\ekyc-face-pad\data\raw\celeba_spoof\SpoofingData\003313.jpg,003313,photo,1,0.954905092716217,1,1
C:\Users\Zander Truong\Documents\coding\ekyc-face-pad\data\raw\celeba_spoof\SpoofingData\017030.jpg,017030,photo,1,0.9690672755241394,1,1
C:\Users\Zander Truong\Documents\coding\ekyc-face-pad\data\raw\celeba_spoof\SpoofingData\004719.jpg,004719,bona_fide,0,0.021166585385799408,0,1
C:\Users\Zander Truong\Documents\coding\ekyc-face-pad\data\raw\celeba_spoof\SpoofingData\000077.jpg,000077,photo,1,0.9913739562034607,1,1
C:\Users\Zander Truong\Documents\coding\ekyc-face-pad\data\raw\celeba_spoof\SpoofingData\003002.jpg,003002,photo,1,0.5602543950080872,1,1
C:\Users\Zander Truong\Documents\coding\ekyc-face-pad\data\raw\celeba_spoof\SpoofingData\017338.jpg,017338,photo,1,0.6086315512657166,1,1
C:\Users\Zander Truong\Documents\coding\ekyc-face-pad\data\raw\celeba_spoof\SpoofingData\006030.jpg,006030,photo,1,0.9966073036193848,1,1
C:\Users\Zander Truong\Documents\coding\ekyc-face-pad\data\raw\celeba_spoof\SpoofingData\013466.jpg,013466,photo,1,0.9890584349632263,1,1
C:\Users\Zander Truong\Documents\coding\ekyc-face-pad\data\raw\celeba_spoof\SpoofingData\009295.jpg,009295,photo,1,0.9846547842025757,1,1
C:\Users\Zander Truong\Documents\coding\ekyc-face-pad\data\raw\celeba_spoof\SpoofingData\008624.jpg,008624,bona_fide,0,0.6455694437026978,1,0
C:\Users\Zander Truong\Documents\coding\ekyc-face-pad\data\raw\celeba_spoof\SpoofingData\013788.jpg,013788,bona_fide,0,0.13762980699539185,0,1
C:\Users\Zander Truong\Documents\coding\ekyc-face-pad\data\raw\celeba_spoof\SpoofingData\016715.jpg,016715,photo,1,0.983027458190918,1,1
C:\Users\Zander Truong\Documents\coding\ekyc-face-pad\data\raw\celeba_spoof\SpoofingData\011953.jpg,011953,bona_fide,0,0.5014370083808899,1,0
C:\Users\Zander Truong\Documents\coding\ekyc-face-pad\data\raw\celeba_spoof\SpoofingData\009894.jpg,009894,photo,1,0.8641431927680969,1,1
C:\Users\Zander Truong\Documents\coding\ekyc-face-pad\data\raw\celeba_spoof\SpoofingData\004454.jpg,004454,photo,1,0.9905695915222168,1,1
C:\Users\Zander Truong\Documents\coding\ekyc-face-pad\data\raw\celeba_spoof\SpoofingData\004988.jpg,004988,photo,1,0.9878472089767456,1,1
C:\Users\Zander Truong\Documents\coding\ekyc-face-pad\data\raw\celeba_spoof\SpoofingData\007077.jpg,007077,photo,1,0.7999832034111023,1,1
C:\Users\Zander Truong\Documents\coding\ekyc-face-pad\data\raw\celeba_spoof\SpoofingData\001425.jpg,001425,photo,1,0.7490095496177673,1,1
C:\Users\Zander Truong\Documents\coding\ekyc-face-pad\data\raw\celeba_spoof\SpoofingData\002860.jpg,002860,photo,1,0.8013708591461182,1,1
C:\Users\Zander Truong\Documents\coding\ekyc-face-pad\data\raw\celeba_spoof\SpoofingData\003405.jpg,003405,photo,1,0.9716639518737793,1,1
C:\Users\Zander Truong\Documents\coding\ekyc-face-pad\data\raw\celeba_spoof\SpoofingData\014045.jpg,014045,photo,1,0.6718512177467346,1,1
C:\Users\Zander Truong\Documents\coding\ekyc-face-pad\data\raw\celeba_spoof\SpoofingData\013261.jpg,013261,photo,1,0.9067476391792297,1,1
C:\Users\Zander Truong\Documents\coding\ekyc-face-pad\data\raw\celeba_spoof\SpoofingData\005978.jpg,005978,bona_fide,0,0.5395074486732483,1,0
C:\Users\Zander Truong\Documents\coding\ekyc-face-pad\data\raw\celeba_spoof\SpoofingData\010936.jpg,010936,photo,1,0.9798039197921753,1,1
C:\Users\Zander Truong\Documents\coding\ekyc-face-pad\data\raw\celeba_spoof\SpoofingData\012593.jpg,012593,photo,1,0.8883723616600037,1,1
C:\Users\Zander Truong\Documents\coding\ekyc-face-pad\data\raw\celeba_spoof\SpoofingData\015482.jpg,015482,photo,1,0.9809852838516235,1,1
C:\Users\Zander Truong\Documents\coding\ekyc-face-pad\data\raw\celeba_spoof\SpoofingData\013493.jpg,013493,photo,1,0.9761783480644226,1,1
C:\Users\Zander Truong\Documents\coding\ekyc-face-pad\data\raw\celeba_spoof\SpoofingData\001663.jpg,001663,photo,1,0.9580118060112,1,1
C:\Users\Zander Truong\Documents\coding\ekyc-face-pad\data\raw\celeba_spoof\SpoofingData\003231.jpg,003231,photo,1,0.9470326900482178,1,1
C:\Users\Zander Truong\Documents\coding\ekyc-face-pad\data\raw\celeba_spoof\SpoofingData\017213.jpg,017213,photo,1,0.994621753692627,1,1
C:\Users\Zander Truong\Documents\coding\ekyc-face-pad\data\raw\celeba_spoof\SpoofingData\005117.jpg,005117,bona_fide,0,0.03494035825133324,0,1
C:\Users\Zander Truong\Documents\coding\ekyc-face-pad\data\raw\celeba_spoof\SpoofingData\001167.jpg,001167,photo,1,0.42329201102256775,0,0
C:\Users\Zander Truong\Documents\coding\ekyc-face-pad\data\raw\celeba_spoof\SpoofingData\006823.jpg,006823,bona_fide,0,0.008623366244137287,0,1
C:\Users\Zander Truong\Documents\coding\ekyc-face-pad\data\raw\celeba_spoof\SpoofingData\001023.jpg,001023,photo,1,0.9651356935501099,1,1
C:\Users\Zander Truong\Documents\coding\ekyc-face-pad\data\raw\celeba_spoof\SpoofingData\010205.jpg,010205,photo,1,0.877356767654419,1,1
C:\Users\Zander Truong\Documents\coding\ekyc-face-pad\data\raw\celeba_spoof\SpoofingData\001400.jpg,001400,photo,1,0.4263487756252289,0,0
C:\Users\Zander Truong\Documents\coding\ekyc-face-pad\data\raw\celeba_spoof\SpoofingData\014395.jpg,014395,bona_fide,0,0.35829365253448486,0,1
C:\Users\Zander Truong\Documents\coding\ekyc-face-pad\data\raw\celeba_spoof\SpoofingData\002938.jpg,002938,photo,1,0.900048553943634,1,1
C:\Users\Zander Truong\Documents\coding\ekyc-face-pad\data\raw\celeba_spoof\SpoofingData\007084.jpg,007084,bona_fide,0,0.011774657294154167,0,1
C:\Users\Zander Truong\Documents\coding\ekyc-face-pad\data\raw\celeba_spoof\SpoofingData\002444.jpg,002444,bona_fide,0,0.04288214072585106,0,1
C:\Users\Zander Truong\Documents\coding\ekyc-face-pad\data\raw\celeba_spoof\SpoofingData\011964.jpg,011964,photo,1,0.08588643372058868,0,0
C:\Users\Zander Truong\Documents\coding\ekyc-face-pad\data\raw\celeba_spoof\SpoofingData\014222.jpg,014222,bona_fide,0,0.44982078671455383,0,1
C:\Users\Zander Truong\Documents\coding\ekyc-face-pad\data\raw\celeba_spoof\SpoofingData\017578.jpg,017578,photo,1,0.7434810996055603,1,1
C:\Users\Zander Truong\Documents\coding\ekyc-face-pad\data\raw\celeba_spoof\SpoofingData\006220.jpg,006220,bona_fide,0,0.09893978387117386,0,1
C:\Users\Zander Truong\Documents\coding\ekyc-face-pad\data\raw\celeba_spoof\SpoofingData\014712.jpg,014712,photo,1,0.3388881981372833,0,0
C:\Users\Zander Truong\Documents\coding\ekyc-face-pad\data\raw\celeba_spoof\SpoofingData\002055.jpg,002055,photo,1,0.9106670022010803,1,1
C:\Users\Zander Truong\Documents\coding\ekyc-face-pad\data\raw\celeba_spoof\SpoofingData\007286.jpg,007286,photo,1,0.8223662972450256,1,1
C:\Users\Zander Truong\Documents\coding\ekyc-face-pad\data\raw\celeba_spoof\SpoofingData\001551.jpg,001551,photo,1,0.8901267647743225,1,1
C:\Users\Zander Truong\Documents\coding\ekyc-face-pad\data\raw\celeba_spoof\SpoofingData\005575.jpg,005575,photo,1,0.9927873015403748,1,1
C:\Users\Zander Truong\Documents\coding\ekyc-face-pad\data\raw\celeba_spoof\SpoofingData\005044.jpg,005044,photo,1,0.8955067992210388,1,1
C:\Users\Zander Truong\Documents\coding\ekyc-face-pad\data\raw\celeba_spoof\SpoofingData\002151.jpg,002151,bona_fide,0,0.11304748058319092,0,1
C:\Users\Zander Truong\Documents\coding\ekyc-face-pad\data\raw\celeba_spoof\SpoofingData\013851.jpg,013851,bona_fide,0,0.8013818264007568,1,0
C:\Users\Zander Truong\Documents\coding\ekyc-face-pad\data\raw\celeba_spoof\SpoofingData\001473.jpg,001473,bona_fide,0,0.03947879746556282,0,1
C:\Users\Zander Truong\Documents\coding\ekyc-face-pad\data\raw\celeba_spoof\SpoofingData\016301.jpg,016301,photo,1,0.8827725648880005,1,1
C:\Users\Zander Truong\Documents\coding\ekyc-face-pad\data\raw\celeba_spoof\SpoofingData\006945.jpg,006945,photo,1,0.9786396026611328,1,1
C:\Users\Zander Truong\Documents\coding\ekyc-face-pad\data\raw\celeba_spoof\SpoofingData\013991.jpg,013991,photo,1,0.9989940524101257,1,1
C:\Users\Zander Truong\Documents\coding\ekyc-face-pad\data\raw\celeba_spoof\SpoofingData\006552.jpg,006552,photo,1,0.5208179354667664,1,1
C:\Users\Zander Truong\Documents\coding\ekyc-face-pad\data\raw\celeba_spoof\SpoofingData\009335.jpg,009335,photo,1,0.4996321499347687,0,0
C:\Users\Zander Truong\Documents\coding\ekyc-face-pad\data\raw\celeba_spoof\SpoofingData\010096.jpg,010096,bona_fide,0,0.0094979926943779,0,1
C:\Users\Zander Truong\Documents\coding\ekyc-face-pad\data\raw\celeba_spoof\SpoofingData\004760.jpg,004760,photo,1,0.9888057708740234,1,1
C:\Users\Zander Truong\Documents\coding\ekyc-face-pad\data\raw\celeba_spoof\SpoofingData\000742.jpg,000742,photo,1,0.8504237532615662,1,1
C:\Users\Zander Truong\Documents\coding\ekyc-face-pad\data\raw\celeba_spoof\SpoofingData\011082.jpg,011082,bona_fide,0,0.07025378197431564,0,1
C:\Users\Zander Truong\Documents\coding\ekyc-face-pad\data\raw\celeba_spoof\SpoofingData\010204.jpg,010204,photo,1,0.7304779887199402,1,1
C:\Users\Zander Truong\Documents\coding\ekyc-face-pad\data\raw\celeba_spoof\SpoofingData\010168.jpg,010168,photo,1,0.970337450504303,1,1
C:\Users\Zander Truong\Documents\coding\ekyc-face-pad\data\raw\celeba_spoof\SpoofingData\006160.jpg,006160,bona_fide,0,0.0315893292427063,0,1
C:\Users\Zander Truong\Documents\coding\ekyc-face-pad\data\raw\celeba_spoof\SpoofingData\001755.jpg,001755,bona_fide,0,0.3291738033294678,0,1
C:\Users\Zander Truong\Documents\coding\ekyc-face-pad\data\raw\celeba_spoof\SpoofingData\008720.jpg,008720,photo,1,0.9962561130523682,1,1
C:\Users\Zander Truong\Documents\coding\ekyc-face-pad\data\raw\celeba_spoof\SpoofingData\012900.jpg,012900,photo,1,0.9857118725776672,1,1
C:\Users\Zander Truong\Documents\coding\ekyc-face-pad\data\raw\celeba_spoof\SpoofingData\003998.jpg,003998,photo,1,0.9138650894165039,1,1
C:\Users\Zander Truong\Documents\coding\ekyc-face-pad\data\raw\celeba_spoof\SpoofingData\000780.jpg,000780,photo,1,0.9247481822967529,1,1
C:\Users\Zander Truong\Documents\coding\ekyc-face-pad\data\raw\celeba_spoof\SpoofingData\002127.jpg,002127,photo,1,0.1471169888973236,0,0
C:\Users\Zander Truong\Documents\coding\ekyc-face-pad\data\raw\celeba_spoof\SpoofingData\010013.jpg,010013,bona_fide,0,0.27010074257850647,0,1
C:\Users\Zander Truong\Documents\coding\ekyc-face-pad\data\raw\celeba_spoof\SpoofingData\012783.jpg,012783,photo,1,0.9861584305763245,1,1
C:\Users\Zander Truong\Documents\coding\ekyc-face-pad\data\raw\celeba_spoof\SpoofingData\005509.jpg,005509,bona_fide,0,0.005210467614233494,0,1
C:\Users\Zander Truong\Documents\coding\ekyc-face-pad\data\raw\celeba_spoof\SpoofingData\013805.jpg,013805,photo,1,0.8741063475608826,1,1
C:\Users\Zander Truong\Documents\coding\ekyc-face-pad\data\raw\celeba_spoof\SpoofingData\008738.jpg,008738,photo,1,0.6432913541793823,1,1
C:\Users\Zander Truong\Documents\coding\ekyc-face-pad\data\raw\celeba_spoof\SpoofingData\005722.jpg,005722,photo,1,0.9932631850242615,1,1
C:\Users\Zander Truong\Documents\coding\ekyc-face-pad\data\raw\celeba_spoof\SpoofingData\002747.jpg,002747,photo,1,0.7235280275344849,1,1
C:\Users\Zander Truong\Documents\coding\ekyc-face-pad\data\raw\celeba_spoof\SpoofingData\004248.jpg,004248,photo,1,0.8777148723602295,1,1
C:\Users\Zander Truong\Documents\coding\ekyc-face-pad\data\raw\celeba_spoof\SpoofingData\013671.jpg,013671,photo,1,0.9320542812347412,1,1
C:\Users\Zander Truong\Documents\coding\ekyc-face-pad\data\raw\celeba_spoof\SpoofingData\000140.jpg,000140,photo,1,0.89683598279953,1,1
C:\Users\Zander Truong\Documents\coding\ekyc-face-pad\data\raw\celeba_spoof\SpoofingData\007863.jpg,007863,photo,1,0.9237142205238342,1,1
C:\Users\Zander Truong\Documents\coding\ekyc-face-pad\data\raw\celeba_spoof\SpoofingData\006870.jpg,006870,photo,1,0.9798014163970947,1,1
C:\Users\Zander Truong\Documents\coding\ekyc-face-pad\data\raw\celeba_spoof\SpoofingData\013610.jpg,013610,photo,1,0.9202538728713989,1,1
C:\Users\Zander Truong\Documents\coding\ekyc-face-pad\data\raw\celeba_spoof\SpoofingData\017898.jpg,017898,photo,1,0.9847463369369507,1,1
C:\Users\Zander Truong\Documents\coding\ekyc-face-pad\data\raw\celeba_spoof\SpoofingData\012694.jpg,012694,photo,1,0.9470962882041931,1,1
C:\Users\Zander Truong\Documents\coding\ekyc-face-pad\data\raw\celeba_spoof\SpoofingData\004335.jpg,004335,bona_fide,0,0.8509340286254883,1,0
C:\Users\Zander Truong\Documents\coding\ekyc-face-pad\data\raw\celeba_spoof\SpoofingData\005907.jpg,005907,photo,1,0.8013297319412231,1,1
C:\Users\Zander Truong\Documents\coding\ekyc-face-pad\data\raw\celeba_spoof\SpoofingData\011756.jpg,011756,photo,1,0.7210763692855835,1,1
C:\Users\Zander Truong\Documents\coding\ekyc-face-pad\data\raw\celeba_spoof\SpoofingData\012722.jpg,012722,photo,1,0.801633894443512,1,1
C:\Users\Zander Truong\Documents\coding\ekyc-face-pad\data\raw\celeba_spoof\SpoofingData\014448.jpg,014448,photo,1,0.666029691696167,1,1
C:\Users\Zander Truong\Documents\coding\ekyc-face-pad\data\raw\celeba_spoof\SpoofingData\003307.jpg,003307,photo,1,0.9869857430458069,1,1
C:\Users\Zander Truong\Documents\coding\ekyc-face-pad\data\raw\celeba_spoof\SpoofingData\003710.jpg,003710,bona_fide,0,0.08437637984752655,0,1
C:\Users\Zander Truong\Documents\coding\ekyc-face-pad\data\raw\celeba_spoof\SpoofingData\003066.jpg,003066,photo,1,0.9086430668830872,1,1
C:\Users\Zander Truong\Documents\coding\ekyc-face-pad\data\raw\celeba_spoof\SpoofingData\000175.jpg,000175,photo,1,0.9568629860877991,1,1
C:\Users\Zander Truong\Documents\coding\ekyc-face-pad\data\raw\celeba_spoof\SpoofingData\017871.jpg,017871,photo,1,0.9909538626670837,1,1
C:\Users\Zander Truong\Documents\coding\ekyc-face-pad\data\raw\celeba_spoof\SpoofingData\014401.jpg,014401,photo,1,0.9784852862358093,1,1
C:\Users\Zander Truong\Documents\coding\ekyc-face-pad\data\raw\celeba_spoof\SpoofingData\010106.jpg,010106,bona_fide,0,0.08495504409074783,0,1
C:\Users\Zander Truong\Documents\coding\ekyc-face-pad\data\raw\celeba_spoof\SpoofingData\009401.jpg,009401,photo,1,0.9798484444618225,1,1
C:\Users\Zander Truong\Documents\coding\ekyc-face-pad\data\raw\celeba_spoof\SpoofingData\010806.jpg,010806,bona_fide,0,0.23617161810398102,0,1
C:\Users\Zander Truong\Documents\coding\ekyc-face-pad\data\raw\celeba_spoof\SpoofingData\003963.jpg,003963,photo,1,0.31188660860061646,0,0
C:\Users\Zander Truong\Documents\coding\ekyc-face-pad\data\raw\celeba_spoof\SpoofingData\003911.jpg,003911,photo,1,0.6713963150978088,1,1
C:\Users\Zander Truong\Documents\coding\ekyc-face-pad\data\raw\celeba_spoof\SpoofingData\017020.jpg,017020,photo,1,0.7846558094024658,1,1
C:\Users\Zander Truong\Documents\coding\ekyc-face-pad\data\raw\celeba_spoof\SpoofingData\008519.jpg,008519,photo,1,0.9749442934989929,1,1
C:\Users\Zander Truong\Documents\coding\ekyc-face-pad\data\raw\celeba_spoof\SpoofingData\017971.jpg,017971,photo,1,0.9664005637168884,1,1
C:\Users\Zander Truong\Documents\coding\ekyc-face-pad\data\raw\celeba_spoof\SpoofingData\013459.jpg,013459,photo,1,0.9130785465240479,1,1
C:\Users\Zander Truong\Documents\coding\ekyc-face-pad\data\raw\celeba_spoof\SpoofingData\008259.jpg,008259,bona_fide,0,0.4306369423866272,0,1
C:\Users\Zander Truong\Documents\coding\ekyc-face-pad\data\raw\celeba_spoof\SpoofingData\004262.jpg,004262,bona_fide,0,0.060011252760887146,0,1
C:\Users\Zander Truong\Documents\coding\ekyc-face-pad\data\raw\celeba_spoof\SpoofingData\011834.jpg,011834,photo,1,0.7511186599731445,1,1
C:\Users\Zander Truong\Documents\coding\ekyc-face-pad\data\raw\celeba_spoof\SpoofingData\008350.jpg,008350,bona_fide,0,0.15458431839942932,0,1
C:\Users\Zander Truong\Documents\coding\ekyc-face-pad\data\raw\celeba_spoof\SpoofingData\001860.jpg,001860,bona_fide,0,0.07066807150840759,0,1
C:\Users\Zander Truong\Documents\coding\ekyc-face-pad\data\raw\celeba_spoof\SpoofingData\011832.jpg,011832,photo,1,0.9205825924873352,1,1
C:\Users\Zander Truong\Documents\coding\ekyc-face-pad\data\raw\celeba_spoof\SpoofingData\002411.jpg,002411,photo,1,0.9186748266220093,1,1
C:\Users\Zander Truong\Documents\coding\ekyc-face-pad\data\raw\celeba_spoof\SpoofingData\003973.jpg,003973,photo,1,0.8096518516540527,1,1
C:\Users\Zander Truong\Documents\coding\ekyc-face-pad\data\raw\celeba_spoof\SpoofingData\008862.jpg,008862,photo,1,0.9848405718803406,1,1
C:\Users\Zander Truong\Documents\coding\ekyc-face-pad\data\raw\celeba_spoof\SpoofingData\003322.jpg,003322,photo,1,0.9952998161315918,1,1
C:\Users\Zander Truong\Documents\coding\ekyc-face-pad\data\raw\celeba_spoof\SpoofingData\004468.jpg,004468,bona_fide,0,0.003306203754618764,0,1
C:\Users\Zander Truong\Documents\coding\ekyc-face-pad\data\raw\celeba_spoof\SpoofingData\003303.jpg,003303,photo,1,0.9017316699028015,1,1
C:\Users\Zander Truong\Documents\coding\ekyc-face-pad\data\raw\celeba_spoof\SpoofingData\006029.jpg,006029,photo,1,0.7077502608299255,1,1
C:\Users\Zander Truong\Documents\coding\ekyc-face-pad\data\raw\celeba_spoof\SpoofingData\011977.jpg,011977,photo,1,0.9478515982627869,1,1
C:\Users\Zander Truong\Documents\coding\ekyc-face-pad\data\raw\celeba_spoof\SpoofingData\006313.jpg,006313,bona_fide,0,0.13009405136108398,0,1
C:\Users\Zander Truong\Documents\coding\ekyc-face-pad\data\raw\celeba_spoof\SpoofingData\005287.jpg,005287,bona_fide,0,0.08280892670154572,0,1
C:\Users\Zander Truong\Documents\coding\ekyc-face-pad\data\raw\celeba_spoof\SpoofingData\001019.jpg,001019,photo,1,0.9881213903427124,1,1
C:\Users\Zander Truong\Documents\coding\ekyc-face-pad\data\raw\celeba_spoof\SpoofingData\008531.jpg,008531,photo,1,0.9512481093406677,1,1
C:\Users\Zander Truong\Documents\coding\ekyc-face-pad\data\raw\celeba_spoof\SpoofingData\000875.jpg,000875,photo,1,0.08373916149139404,0,0
C:\Users\Zander Truong\Documents\coding\ekyc-face-pad\data\raw\celeba_spoof\SpoofingData\012690.jpg,012690,photo,1,0.9907307028770447,1,1
C:\Users\Zander Truong\Documents\coding\ekyc-face-pad\data\raw\celeba_spoof\SpoofingData\005352.jpg,005352,bona_fide,0,0.11483833938837051,0,1
C:\Users\Zander Truong\Documents\coding\ekyc-face-pad\data\raw\celeba_spoof\SpoofingData\009283.jpg,009283,photo,1,0.9790545701980591,1,1
C:\Users\Zander Truong\Documents\coding\ekyc-face-pad\data\raw\celeba_spoof\SpoofingData\015757.jpg,015757,bona_fide,0,0.6292796730995178,1,0
C:\Users\Zander Truong\Documents\coding\ekyc-face-pad\data\raw\celeba_spoof\SpoofingData\014004.jpg,014004,photo,1,0.9892990589141846,1,1
C:\Users\Zander Truong\Documents\coding\ekyc-face-pad\data\raw\celeba_spoof\SpoofingData\011739.jpg,011739,bona_fide,0,0.6190831065177917,1,0
C:\Users\Zander Truong\Documents\coding\ekyc-face-pad\data\raw\celeba_spoof\SpoofingData\006728.jpg,006728,bona_fide,0,0.02735733427107334,0,1
C:\Users\Zander Truong\Documents\coding\ekyc-face-pad\data\raw\celeba_spoof\SpoofingData\006280.jpg,006280,bona_fide,0,0.0034050175454467535,0,1
C:\Users\Zander Truong\Documents\coding\ekyc-face-pad\data\raw\celeba_spoof\SpoofingData\002313.jpg,002313,photo,1,0.9797817468643188,1,1
C:\Users\Zander Truong\Documents\coding\ekyc-face-pad\data\raw\celeba_spoof\SpoofingData\013076.jpg,013076,bona_fide,0,0.28655436635017395,0,1
C:\Users\Zander Truong\Documents\coding\ekyc-face-pad\data\raw\celeba_spoof\SpoofingData\006511.jpg,006511,bona_fide,0,0.17985911667346954,0,1
C:\Users\Zander Truong\Documents\coding\ekyc-face-pad\data\raw\celeba_spoof\SpoofingData\017499.jpg,017499,bona_fide,0,0.5471831560134888,1,0
C:\Users\Zander Truong\Documents\coding\ekyc-face-pad\data\raw\celeba_spoof\SpoofingData\003428.jpg,003428,bona_fide,0,0.00054986058967188,0,1
C:\Users\Zander Truong\Documents\coding\ekyc-face-pad\data\raw\celeba_spoof\SpoofingData\014572.jpg,014572,photo,1,0.8220511078834534,1,1
C:\Users\Zander Truong\Documents\coding\ekyc-face-pad\data\raw\celeba_spoof\SpoofingData\010670.jpg,010670,bona_fide,0,0.04507306590676308,0,1
C:\Users\Zander Truong\Documents\coding\ekyc-face-pad\data\raw\celeba_spoof\SpoofingData\006018.jpg,006018,bona_fide,0,0.07553710788488388,0,1
C:\Users\Zander Truong\Documents\coding\ekyc-face-pad\data\raw\celeba_spoof\SpoofingData\012403.jpg,012403,photo,1,0.957943320274353,1,1
C:\Users\Zander Truong\Documents\coding\ekyc-face-pad\data\raw\celeba_spoof\SpoofingData\002617.jpg,002617,bona_fide,0,0.036492425948381424,0,1
C:\Users\Zander Truong\Documents\coding\ekyc-face-pad\data\raw\celeba_spoof\SpoofingData\009638.jpg,009638,photo,1,0.9145903587341309,1,1
C:\Users\Zander Truong\Documents\coding\ekyc-face-pad\data\raw\celeba_spoof\SpoofingData\000094.jpg,000094,photo,1,0.43155157566070557,0,0
C:\Users\Zander Truong\Documents\coding\ekyc-face-pad\data\raw\celeba_spoof\SpoofingData\016592.jpg,016592,photo,1,0.9916090369224548,1,1
C:\Users\Zander Truong\Documents\coding\ekyc-face-pad\data\raw\celeba_spoof\SpoofingData\011486.jpg,011486,photo,1,0.9117751121520996,1,1
C:\Users\Zander Truong\Documents\coding\ekyc-face-pad\data\raw\celeba_spoof\SpoofingData\000107.jpg,000107,photo,1,0.4739890396595001,0,0
C:\Users\Zander Truong\Documents\coding\ekyc-face-pad\data\raw\celeba_spoof\SpoofingData\010271.jpg,010271,photo,1,0.9937574863433838,1,1
C:\Users\Zander Truong\Documents\coding\ekyc-face-pad\data\raw\celeba_spoof\SpoofingData\011464.jpg,011464,bona_fide,0,0.4437459409236908,0,1
C:\Users\Zander Truong\Documents\coding\ekyc-face-pad\data\raw\celeba_spoof\SpoofingData\009480.jpg,009480,bona_fide,0,0.0023326200898736715,0,1
C:\Users\Zander Truong\Documents\coding\ekyc-face-pad\data\raw\celeba_spoof\SpoofingData\001088.jpg,001088,photo,1,0.33318498730659485,0,0
C:\Users\Zander Truong\Documents\coding\ekyc-face-pad\data\raw\celeba_spoof\SpoofingData\013659.jpg,013659,photo,1,0.9118241667747498,1,1
C:\Users\Zander Truong\Documents\coding\ekyc-face-pad\data\raw\celeba_spoof\SpoofingData\004268.jpg,004268,photo,1,0.8505988121032715,1,1
C:\Users\Zander Truong\Documents\coding\ekyc-face-pad\data\raw\celeba_spoof\SpoofingData\012144.jpg,012144,photo,1,0.9686481356620789,1,1
C:\Users\Zander Truong\Documents\coding\ekyc-face-pad\data\raw\celeba_spoof\SpoofingData\012050.jpg,012050,bona_fide,0,0.06413476169109344,0,1
C:\Users\Zander Truong\Documents\coding\ekyc-face-pad\data\raw\celeba_spoof\SpoofingData\013791.jpg,013791,bona_fide,0,0.23616304993629456,0,1
C:\Users\Zander Truong\Documents\coding\ekyc-face-pad\data\raw\celeba_spoof\SpoofingData\008626.jpg,008626,photo,1,0.9738298058509827,1,1
C:\Users\Zander Truong\Documents\coding\ekyc-face-pad\data\raw\celeba_spoof\SpoofingData\000026.jpg,000026,photo,1,0.5818079710006714,1,1
C:\Users\Zander Truong\Documents\coding\ekyc-face-pad\data\raw\celeba_spoof\SpoofingData\004099.jpg,004099,bona_fide,0,0.03347891569137573,0,1
C:\Users\Zander Truong\Documents\coding\ekyc-face-pad\data\raw\celeba_spoof\SpoofingData\007683.jpg,007683,photo,1,0.2648370862007141,0,0
C:\Users\Zander Truong\Documents\coding\ekyc-face-pad\data\raw\celeba_spoof\SpoofingData\009439.jpg,009439,photo,1,0.7986806631088257,1,1
C:\Users\Zander Truong\Documents\coding\ekyc-face-pad\data\raw\celeba_spoof\SpoofingData\008181.jpg,008181,photo,1,0.8068121075630188,1,1
C:\Users\Zander Truong\Documents\coding\ekyc-face-pad\data\raw\celeba_spoof\SpoofingData\003615.jpg,003615,photo,1,0.951359748840332,1,1
C:\Users\Zander Truong\Documents\coding\ekyc-face-pad\data\raw\celeba_spoof\SpoofingData\002116.jpg,002116,photo,1,0.5732274651527405,1,1
C:\Users\Zander Truong\Documents\coding\ekyc-face-pad\data\raw\celeba_spoof\SpoofingData\001899.jpg,001899,bona_fide,0,0.14388452470302582,0,1
C:\Users\Zander Truong\Documents\coding\ekyc-face-pad\data\raw\celeba_spoof\SpoofingData\001994.jpg,001994,photo,1,0.6037644743919373,1,1
C:\Users\Zander Truong\Documents\coding\ekyc-face-pad\data\raw\celeba_spoof\SpoofingData\007500.jpg,007500,photo,1,0.9587457180023193,1,1
C:\Users\Zander Truong\Documents\coding\ekyc-face-pad\data\raw\celeba_spoof\SpoofingData\011323.jpg,011323,photo,1,0.9124909043312073,1,1
C:\Users\Zander Truong\Documents\coding\ekyc-face-pad\data\raw\celeba_spoof\SpoofingData\013130.jpg,013130,bona_fide,0,0.12998725473880768,0,1
C:\Users\Zander Truong\Documents\coding\ekyc-face-pad\data\raw\celeba_spoof\SpoofingData\010727.jpg,010727,bona_fide,0,0.03343446925282478,0,1
C:\Users\Zander Truong\Documents\coding\ekyc-face-pad\data\raw\celeba_spoof\SpoofingData\009557.jpg,009557,bona_fide,0,0.02870238572359085,0,1
C:\Users\Zander Truong\Documents\coding\ekyc-face-pad\data\raw\celeba_spoof\SpoofingData\000312.jpg,000312,photo,1,0.8752223253250122,1,1
C:\Users\Zander Truong\Documents\coding\ekyc-face-pad\data\raw\celeba_spoof\SpoofingData\002929.jpg,002929,photo,1,0.3923761546611786,0,0
C:\Users\Zander Truong\Documents\coding\ekyc-face-pad\data\raw\celeba_spoof\SpoofingData\004686.jpg,004686,photo,1,0.9275103807449341,1,1
C:\Users\Zander Truong\Documents\coding\ekyc-face-pad\data\raw\celeba_spoof\SpoofingData\011188.jpg,011188,photo,1,0.9539535641670227,1,1
C:\Users\Zander Truong\Documents\coding\ekyc-face-pad\data\raw\celeba_spoof\SpoofingData\014132.jpg,014132,bona_fide,0,0.9714549779891968,1,0
C:\Users\Zander Truong\Documents\coding\ekyc-face-pad\data\raw\celeba_spoof\SpoofingData\007704.jpg,007704,photo,1,0.9278661608695984,1,1
C:\Users\Zander Truong\Documents\coding\ekyc-face-pad\data\raw\celeba_spoof\SpoofingData\007836.jpg,007836,bona_fide,0,0.06586406379938126,0,1
C:\Users\Zander Truong\Documents\coding\ekyc-face-pad\data\raw\celeba_spoof\SpoofingData\006761.jpg,006761,photo,1,0.13160750269889832,0,0
C:\Users\Zander Truong\Documents\coding\ekyc-face-pad\data\raw\celeba_spoof\SpoofingData\014400.jpg,014400,bona_fide,0,0.018545879051089287,0,1
C:\Users\Zander Truong\Documents\coding\ekyc-face-pad\data\raw\celeba_spoof\SpoofingData\011761.jpg,011761,bona_fide,0,0.010692587122321129,0,1
C:\Users\Zander Truong\Documents\coding\ekyc-face-pad\data\raw\celeba_spoof\SpoofingData\001349.jpg,001349,photo,1,0.991671621799469,1,1
C:\Users\Zander Truong\Documents\coding\ekyc-face-pad\data\raw\celeba_spoof\SpoofingData\004401.jpg,004401,bona_fide,0,0.011695466935634613,0,1
C:\Users\Zander Truong\Documents\coding\ekyc-face-pad\data\raw\celeba_spoof\SpoofingData\002958.jpg,002958,photo,1,0.9740279316902161,1,1
C:\Users\Zander Truong\Documents\coding\ekyc-face-pad\data\raw\celeba_spoof\SpoofingData\015117.jpg,015117,photo,1,0.9816452264785767,1,1
C:\Users\Zander Truong\Documents\coding\ekyc-face-pad\data\raw\celeba_spoof\SpoofingData\003748.jpg,003748,photo,1,0.5579825639724731,1,1
C:\Users\Zander Truong\Documents\coding\ekyc-face-pad\data\raw\celeba_spoof\SpoofingData\004970.jpg,004970,photo,1,0.9714362025260925,1,1
C:\Users\Zander Truong\Documents\coding\ekyc-face-pad\data\raw\celeba_spoof\SpoofingData\001847.jpg,001847,photo,1,0.9890812635421753,1,1
C:\Users\Zander Truong\Documents\coding\ekyc-face-pad\data\raw\celeba_spoof\SpoofingData\001953.jpg,001953,photo,1,0.9935275912284851,1,1
C:\Users\Zander Truong\Documents\coding\ekyc-face-pad\data\raw\celeba_spoof\SpoofingData\013260.jpg,013260,bona_fide,0,0.7396742105484009,1,0
C:\Users\Zander Truong\Documents\coding\ekyc-face-pad\data\raw\celeba_spoof\SpoofingData\006580.jpg,006580,photo,1,0.9864913821220398,1,1
C:\Users\Zander Truong\Documents\coding\ekyc-face-pad\data\raw\celeba_spoof\SpoofingData\014096.jpg,014096,photo,1,0.9331181645393372,1,1
C:\Users\Zander Truong\Documents\coding\ekyc-face-pad\data\raw\celeba_spoof\SpoofingData\014994.jpg,014994,photo,1,0.9467830061912537,1,1
C:\Users\Zander Truong\Documents\coding\ekyc-face-pad\data\raw\celeba_spoof\SpoofingData\007178.jpg,007178,bona_fide,0,0.8380725979804993,1,0
C:\Users\Zander Truong\Documents\coding\ekyc-face-pad\data\raw\celeba_spoof\SpoofingData\004797.jpg,004797,photo,1,0.9633122682571411,1,1
C:\Users\Zander Truong\Documents\coding\ekyc-face-pad\data\raw\celeba_spoof\SpoofingData\003218.jpg,003218,photo,1,0.8800418376922607,1,1
C:\Users\Zander Truong\Documents\coding\ekyc-face-pad\data\raw\celeba_spoof\SpoofingData\001058.jpg,001058,photo,1,0.6750373244285583,1,1
C:\Users\Zander Truong\Documents\coding\ekyc-face-pad\data\raw\celeba_spoof\SpoofingData\010847.jpg,010847,photo,1,0.5959548354148865,1,1
C:\Users\Zander Truong\Documents\coding\ekyc-face-pad\data\raw\celeba_spoof\SpoofingData\002828.jpg,002828,bona_fide,0,0.056628886610269547,0,1
C:\Users\Zander Truong\Documents\coding\ekyc-face-pad\data\raw\celeba_spoof\SpoofingData\005326.jpg,005326,bona_fide,0,0.04180120304226875,0,1
C:\Users\Zander Truong\Documents\coding\ekyc-face-pad\data\raw\celeba_spoof\SpoofingData\000174.jpg,000174,photo,1,0.565592348575592,1,1
C:\Users\Zander Truong\Documents\coding\ekyc-face-pad\data\raw\celeba_spoof\SpoofingData\004606.jpg,004606,photo,1,0.9968568086624146,1,1
C:\Users\Zander Truong\Documents\coding\ekyc-face-pad\data\raw\celeba_spoof\SpoofingData\015570.jpg,015570,bona_fide,0,0.09738876670598984,0,1
C:\Users\Zander Truong\Documents\coding\ekyc-face-pad\data\raw\celeba_spoof\SpoofingData\004133.jpg,004133,photo,1,0.9843339323997498,1,1
C:\Users\Zander Truong\Documents\coding\ekyc-face-pad\data\raw\celeba_spoof\SpoofingData\013722.jpg,013722,photo,1,0.983115017414093,1,1
C:\Users\Zander Truong\Documents\coding\ekyc-face-pad\data\raw\celeba_spoof\SpoofingData\005891.jpg,005891,bona_fide,0,0.17112208902835846,0,1
C:\Users\Zander Truong\Documents\coding\ekyc-face-pad\data\raw\celeba_spoof\SpoofingData\012592.jpg,012592,photo,1,0.9946857690811157,1,1
C:\Users\Zander Truong\Documents\coding\ekyc-face-pad\data\raw\celeba_spoof\SpoofingData\006748.jpg,006748,bona_fide,0,0.09034986793994904,0,1
C:\Users\Zander Truong\Documents\coding\ekyc-face-pad\data\raw\celeba_spoof\SpoofingData\002712.jpg,002712,photo,1,0.9754533171653748,1,1
C:\Users\Zander Truong\Documents\coding\ekyc-face-pad\data\raw\celeba_spoof\SpoofingData\010645.jpg,010645,photo,1,0.9695892333984375,1,1
C:\Users\Zander Truong\Documents\coding\ekyc-face-pad\data\raw\celeba_spoof\SpoofingData\003108.jpg,003108,photo,1,0.9716947674751282,1,1
C:\Users\Zander Truong\Documents\coding\ekyc-face-pad\data\raw\celeba_spoof\SpoofingData\016663.jpg,016663,photo,1,0.9562498331069946,1,1
C:\Users\Zander Truong\Documents\coding\ekyc-face-pad\data\raw\celeba_spoof\SpoofingData\003464.jpg,003464,photo,1,0.6380743980407715,1,1
C:\Users\Zander Truong\Documents\coding\ekyc-face-pad\data\raw\celeba_spoof\SpoofingData\001547.jpg,001547,photo,1,0.40664243698120117,0,0
C:\Users\Zander Truong\Documents\coding\ekyc-face-pad\data\raw\celeba_spoof\SpoofingData\012798.jpg,012798,photo,1,0.9643882513046265,1,1
C:\Users\Zander Truong\Documents\coding\ekyc-face-pad\data\raw\celeba_spoof\SpoofingData\006991.jpg,006991,bona_fide,0,0.011434206739068031,0,1
C:\Users\Zander Truong\Documents\coding\ekyc-face-pad\data\raw\celeba_spoof\SpoofingData\011887.jpg,011887,photo,1,0.9749167561531067,1,1
C:\Users\Zander Truong\Documents\coding\ekyc-face-pad\data\raw\celeba_spoof\SpoofingData\009461.jpg,009461,bona_fide,0,0.022385669872164726,0,1
C:\Users\Zander Truong\Documents\coding\ekyc-face-pad\data\raw\celeba_spoof\SpoofingData\011567.jpg,011567,bona_fide,0,0.12004358321428299,0,1
C:\Users\Zander Truong\Documents\coding\ekyc-face-pad\data\raw\celeba_spoof\SpoofingData\017067.jpg,017067,bona_fide,0,0.037715665996074677,0,1
C:\Users\Zander Truong\Documents\coding\ekyc-face-pad\data\raw\celeba_spoof\SpoofingData\014582.jpg,014582,photo,1,0.9297203421592712,1,1
C:\Users\Zander Truong\Documents\coding\ekyc-face-pad\data\raw\celeba_spoof\SpoofingData\000570.jpg,000570,bona_fide,0,0.046992167830467224,0,1
C:\Users\Zander Truong\Documents\coding\ekyc-face-pad\data\raw\celeba_spoof\SpoofingData\011563.jpg,011563,photo,1,0.9359784722328186,1,1
C:\Users\Zander Truong\Documents\coding\ekyc-face-pad\data\raw\celeba_spoof\SpoofingData\015076.jpg,015076,photo,1,0.9560627937316895,1,1
C:\Users\Zander Truong\Documents\coding\ekyc-face-pad\data\raw\celeba_spoof\SpoofingData\003997.jpg,003997,photo,1,0.7918722629547119,1,1
C:\Users\Zander Truong\Documents\coding\ekyc-face-pad\data\raw\celeba_spoof\SpoofingData\004128.jpg,004128,photo,1,0.9974638223648071,1,1
C:\Users\Zander Truong\Documents\coding\ekyc-face-pad\data\raw\celeba_spoof\SpoofingData\003500.jpg,003500,photo,1,0.936305046081543,1,1
C:\Users\Zander Truong\Documents\coding\ekyc-face-pad\data\raw\celeba_spoof\SpoofingData\015585.jpg,015585,bona_fide,0,0.20801880955696106,0,1
C:\Users\Zander Truong\Documents\coding\ekyc-face-pad\data\raw\celeba_spoof\SpoofingData\004562.jpg,004562,photo,1,0.9712170958518982,1,1
C:\Users\Zander Truong\Documents\coding\ekyc-face-pad\data\raw\celeba_spoof\SpoofingData\009397.jpg,009397,bona_fide,0,0.3348921239376068,0,1
C:\Users\Zander Truong\Documents\coding\ekyc-face-pad\data\raw\celeba_spoof\SpoofingData\001395.jpg,001395,photo,1,0.6416961550712585,1,1
C:\Users\Zander Truong\Documents\coding\ekyc-face-pad\data\raw\celeba_spoof\SpoofingData\016283.jpg,016283,photo,1,0.03145162761211395,0,0
C:\Users\Zander Truong\Documents\coding\ekyc-face-pad\data\raw\celeba_spoof\SpoofingData\002525.jpg,002525,photo,1,0.9605531692504883,1,1
C:\Users\Zander Truong\Documents\coding\ekyc-face-pad\data\raw\celeba_spoof\SpoofingData\012782.jpg,012782,photo,1,0.8807992935180664,1,1
C:\Users\Zander Truong\Documents\coding\ekyc-face-pad\data\raw\celeba_spoof\SpoofingData\006191.jpg,006191,photo,1,0.9768507480621338,1,1
C:\Users\Zander Truong\Documents\coding\ekyc-face-pad\data\raw\celeba_spoof\SpoofingData\012801.jpg,012801,photo,1,0.9779567718505859,1,1
C:\Users\Zander Truong\Documents\coding\ekyc-face-pad\data\raw\celeba_spoof\SpoofingData\014241.jpg,014241,photo,1,0.928059458732605,1,1
C:\Users\Zander Truong\Documents\coding\ekyc-face-pad\data\raw\celeba_spoof\SpoofingData\016729.jpg,016729,bona_fide,0,0.009822354651987553,0,1
C:\Users\Zander Truong\Documents\coding\ekyc-face-pad\data\raw\celeba_spoof\SpoofingData\007276.jpg,007276,bona_fide,0,0.24337127804756165,0,1
C:\Users\Zander Truong\Documents\coding\ekyc-face-pad\data\raw\celeba_spoof\SpoofingData\013575.jpg,013575,bona_fide,0,0.5328893065452576,1,0
C:\Users\Zander Truong\Documents\coding\ekyc-face-pad\data\raw\celeba_spoof\SpoofingData\007370.jpg,007370,bona_fide,0,0.074836865067482,0,1
C:\Users\Zander Truong\Documents\coding\ekyc-face-pad\data\raw\celeba_spoof\SpoofingData\015266.jpg,015266,photo,1,0.940193235874176,1,1
C:\Users\Zander Truong\Documents\coding\ekyc-face-pad\data\raw\celeba_spoof\SpoofingData\005009.jpg,005009,photo,1,0.9447069764137268,1,1
C:\Users\Zander Truong\Documents\coding\ekyc-face-pad\data\raw\celeba_spoof\SpoofingData\011846.jpg,011846,photo,1,0.8282760977745056,1,1
C:\Users\Zander Truong\Documents\coding\ekyc-face-pad\data\raw\celeba_spoof\SpoofingData\000850.jpg,000850,photo,1,0.8673728108406067,1,1
C:\Users\Zander Truong\Documents\coding\ekyc-face-pad\data\raw\celeba_spoof\SpoofingData\016891.jpg,016891,photo,1,0.9604122042655945,1,1
C:\Users\Zander Truong\Documents\coding\ekyc-face-pad\data\raw\celeba_spoof\SpoofingData\006947.jpg,006947,photo,1,0.9778904318809509,1,1
C:\Users\Zander Truong\Documents\coding\ekyc-face-pad\data\raw\celeba_spoof\SpoofingData\010643.jpg,010643,bona_fide,0,0.010623893700540066,0,1
C:\Users\Zander Truong\Documents\coding\ekyc-face-pad\data\raw\celeba_spoof\SpoofingData\009258.jpg,009258,photo,1,0.8884590268135071,1,1
C:\Users\Zander Truong\Documents\coding\ekyc-face-pad\data\raw\celeba_spoof\SpoofingData\003693.jpg,003693,bona_fide,0,0.37287795543670654,0,1
C:\Users\Zander Truong\Documents\coding\ekyc-face-pad\data\raw\celeba_spoof\SpoofingData\009967.jpg,009967,photo,1,0.9596919417381287,1,1
C:\Users\Zander Truong\Documents\coding\ekyc-face-pad\data\raw\celeba_spoof\SpoofingData\006092.jpg,006092,photo,1,0.9434665441513062,1,1
C:\Users\Zander Truong\Documents\coding\ekyc-face-pad\data\raw\celeba_spoof\SpoofingData\009548.jpg,009548,photo,1,0.7441139817237854,1,1
C:\Users\Zander Truong\Documents\coding\ekyc-face-pad\data\raw\celeba_spoof\SpoofingData\014275.jpg,014275,bona_fide,0,0.011784348636865616,0,1
C:\Users\Zander Truong\Documents\coding\ekyc-face-pad\data\raw\celeba_spoof\SpoofingData\008078.jpg,008078,bona_fide,0,0.03118986263871193,0,1
C:\Users\Zander Truong\Documents\coding\ekyc-face-pad\data\raw\celeba_spoof\SpoofingData\001371.jpg,001371,photo,1,0.8414658308029175,1,1
C:\Users\Zander Truong\Documents\coding\ekyc-face-pad\data\raw\celeba_spoof\SpoofingData\000981.jpg,000981,photo,1,0.9862537384033203,1,1
C:\Users\Zander Truong\Documents\coding\ekyc-face-pad\data\raw\celeba_spoof\SpoofingData\010548.jpg,010548,photo,1,0.9690855741500854,1,1
C:\Users\Zander Truong\Documents\coding\ekyc-face-pad\data\raw\celeba_spoof\SpoofingData\013507.jpg,013507,photo,1,0.9758910536766052,1,1
C:\Users\Zander Truong\Documents\coding\ekyc-face-pad\data\raw\celeba_spoof\SpoofingData\000359.jpg,000359,bona_fide,0,0.0011114838998764753,0,1
C:\Users\Zander Truong\Documents\coding\ekyc-face-pad\data\raw\celeba_spoof\SpoofingData\000847.jpg,000847,photo,1,0.9943860769271851,1,1
C:\Users\Zander Truong\Documents\coding\ekyc-face-pad\data\raw\celeba_spoof\SpoofingData\013226.jpg,013226,photo,1,0.9717116355895996,1,1
C:\Users\Zander Truong\Documents\coding\ekyc-face-pad\data\raw\celeba_spoof\SpoofingData\002406.jpg,002406,photo,1,0.4228193461894989,0,0
C:\Users\Zander Truong\Documents\coding\ekyc-face-pad\data\raw\celeba_spoof\SpoofingData\006821.jpg,006821,photo,1,0.9783082604408264,1,1
C:\Users\Zander Truong\Documents\coding\ekyc-face-pad\data\raw\celeba_spoof\SpoofingData\008011.jpg,008011,bona_fide,0,0.2957068681716919,0,1
C:\Users\Zander Truong\Documents\coding\ekyc-face-pad\data\raw\celeba_spoof\SpoofingData\001230.jpg,001230,photo,1,0.5591465830802917,1,1
C:\Users\Zander Truong\Documents\coding\ekyc-face-pad\data\raw\celeba_spoof\SpoofingData\007907.jpg,007907,photo,1,0.5184158086776733,1,1
C:\Users\Zander Truong\Documents\coding\ekyc-face-pad\data\raw\celeba_spoof\SpoofingData\006934.jpg,006934,photo,1,0.9983094930648804,1,1
C:\Users\Zander Truong\Documents\coding\ekyc-face-pad\data\raw\celeba_spoof\SpoofingData\006372.jpg,006372,photo,1,0.9353777766227722,1,1
C:\Users\Zander Truong\Documents\coding\ekyc-face-pad\data\raw\celeba_spoof\SpoofingData\004409.jpg,004409,bona_fide,0,0.01188827957957983,0,1
C:\Users\Zander Truong\Documents\coding\ekyc-face-pad\data\raw\celeba_spoof\SpoofingData\016161.jpg,016161,bona_fide,0,0.12236281484365463,0,1
C:\Users\Zander Truong\Documents\coding\ekyc-face-pad\data\raw\celeba_spoof\SpoofingData\005041.jpg,005041,photo,1,0.9573848247528076,1,1
C:\Users\Zander Truong\Documents\coding\ekyc-face-pad\data\raw\celeba_spoof\SpoofingData\011680.jpg,011680,photo,1,0.4881795644760132,0,0
C:\Users\Zander Truong\Documents\coding\ekyc-face-pad\data\raw\celeba_spoof\SpoofingData\016950.jpg,016950,photo,1,0.9902058243751526,1,1
C:\Users\Zander Truong\Documents\coding\ekyc-face-pad\data\raw\celeba_spoof\SpoofingData\014287.jpg,014287,photo,1,0.9612405896186829,1,1
C:\Users\Zander Truong\Documents\coding\ekyc-face-pad\data\raw\celeba_spoof\SpoofingData\014177.jpg,014177,photo,1,0.999408483505249,1,1
C:\Users\Zander Truong\Documents\coding\ekyc-face-pad\data\raw\celeba_spoof\SpoofingData\001971.jpg,001971,photo,1,0.8968469500541687,1,1
C:\Users\Zander Truong\Documents\coding\ekyc-face-pad\data\raw\celeba_spoof\SpoofingData\003635.jpg,003635,bona_fide,0,0.12109515070915222,0,1
C:\Users\Zander Truong\Documents\coding\ekyc-face-pad\data\raw\celeba_spoof\SpoofingData\014698.jpg,014698,photo,1,0.45958587527275085,0,0
C:\Users\Zander Truong\Documents\coding\ekyc-face-pad\data\raw\celeba_spoof\SpoofingData\013317.jpg,013317,photo,1,0.8481780290603638,1,1
C:\Users\Zander Truong\Documents\coding\ekyc-face-pad\data\raw\celeba_spoof\SpoofingData\012857.jpg,012857,photo,1,0.4518912434577942,0,0
C:\Users\Zander Truong\Documents\coding\ekyc-face-pad\data\raw\celeba_spoof\SpoofingData\002220.jpg,002220,photo,1,0.8055428862571716,1,1
C:\Users\Zander Truong\Documents\coding\ekyc-face-pad\data\raw\celeba_spoof\SpoofingData\017062.jpg,017062,bona_fide,0,0.1605309695005417,0,1
C:\Users\Zander Truong\Documents\coding\ekyc-face-pad\data\raw\celeba_spoof\SpoofingData\006399.jpg,006399,photo,1,0.9412263035774231,1,1
C:\Users\Zander Truong\Documents\coding\ekyc-face-pad\data\raw\celeba_spoof\SpoofingData\009152.jpg,009152,photo,1,0.9899417757987976,1,1
C:\Users\Zander Truong\Documents\coding\ekyc-face-pad\data\raw\celeba_spoof\SpoofingData\014506.jpg,014506,photo,1,0.9670917391777039,1,1
C:\Users\Zander Truong\Documents\coding\ekyc-face-pad\data\raw\celeba_spoof\SpoofingData\003382.jpg,003382,photo,1,0.9426741003990173,1,1
C:\Users\Zander Truong\Documents\coding\ekyc-face-pad\data\raw\celeba_spoof\SpoofingData\003019.jpg,003019,bona_fide,0,0.0018376433290541172,0,1
C:\Users\Zander Truong\Documents\coding\ekyc-face-pad\data\raw\celeba_spoof\SpoofingData\017295.jpg,017295,bona_fide,0,0.45806506276130676,0,1
C:\Users\Zander Truong\Documents\coding\ekyc-face-pad\data\raw\celeba_spoof\SpoofingData\009255.jpg,009255,photo,1,0.9725281596183777,1,1
C:\Users\Zander Truong\Documents\coding\ekyc-face-pad\data\raw\celeba_spoof\SpoofingData\017796.jpg,017796,photo,1,0.8982754349708557,1,1
C:\Users\Zander Truong\Documents\coding\ekyc-face-pad\data\raw\celeba_spoof\SpoofingData\015315.jpg,015315,photo,1,0.8517966270446777,1,1
C:\Users\Zander Truong\Documents\coding\ekyc-face-pad\data\raw\celeba_spoof\SpoofingData\016378.jpg,016378,photo,1,0.950599193572998,1,1
C:\Users\Zander Truong\Documents\coding\ekyc-face-pad\data\raw\celeba_spoof\SpoofingData\009920.jpg,009920,bona_fide,0,0.06657081097364426,0,1
C:\Users\Zander Truong\Documents\coding\ekyc-face-pad\data\raw\celeba_spoof\SpoofingData\006358.jpg,006358,bona_fide,0,0.011419824324548244,0,1
C:\Users\Zander Truong\Documents\coding\ekyc-face-pad\data\raw\celeba_spoof\SpoofingData\017407.jpg,017407,photo,1,0.9903630614280701,1,1
C:\Users\Zander Truong\Documents\coding\ekyc-face-pad\data\raw\celeba_spoof\SpoofingData\005437.jpg,005437,photo,1,0.9914303421974182,1,1
C:\Users\Zander Truong\Documents\coding\ekyc-face-pad\data\raw\celeba_spoof\SpoofingData\017195.jpg,017195,photo,1,0.7564151287078857,1,1
C:\Users\Zander Truong\Documents\coding\ekyc-face-pad\data\raw\celeba_spoof\SpoofingData\008829.jpg,008829,bona_fide,0,0.4820951521396637,0,1
C:\Users\Zander Truong\Documents\coding\ekyc-face-pad\data\raw\celeba_spoof\SpoofingData\001527.jpg,001527,photo,1,0.9882450103759766,1,1
C:\Users\Zander Truong\Documents\coding\ekyc-face-pad\data\raw\celeba_spoof\SpoofingData\006495.jpg,006495,bona_fide,0,0.19073984026908875,0,1
C:\Users\Zander Truong\Documents\coding\ekyc-face-pad\data\raw\celeba_spoof\SpoofingData\005399.jpg,005399,photo,1,0.9799527525901794,1,1
C:\Users\Zander Truong\Documents\coding\ekyc-face-pad\data\raw\celeba_spoof\SpoofingData\016279.jpg,016279,photo,1,0.9722115993499756,1,1
C:\Users\Zander Truong\Documents\coding\ekyc-face-pad\data\raw\celeba_spoof\SpoofingData\000425.jpg,000425,photo,1,0.9827914834022522,1,1
C:\Users\Zander Truong\Documents\coding\ekyc-face-pad\data\raw\celeba_spoof\SpoofingData\001422.jpg,001422,photo,1,0.5117545127868652,1,1
C:\Users\Zander Truong\Documents\coding\ekyc-face-pad\data\raw\celeba_spoof\SpoofingData\013925.jpg,013925,photo,1,0.9700912237167358,1,1
C:\Users\Zander Truong\Documents\coding\ekyc-face-pad\data\raw\celeba_spoof\SpoofingData\011718.jpg,011718,photo,1,0.8828647136688232,1,1
C:\Users\Zander Truong\Documents\coding\ekyc-face-pad\data\raw\celeba_spoof\SpoofingData\013633.jpg,013633,bona_fide,0,0.009605872444808483,0,1
C:\Users\Zander Truong\Documents\coding\ekyc-face-pad\data\raw\celeba_spoof\SpoofingData\005505.jpg,005505,photo,1,0.9956641793251038,1,1
C:\Users\Zander Truong\Documents\coding\ekyc-face-pad\data\raw\celeba_spoof\SpoofingData\009341.jpg,009341,photo,1,0.9940451383590698,1,1
C:\Users\Zander Truong\Documents\coding\ekyc-face-pad\data\raw\celeba_spoof\SpoofingData\008302.jpg,008302,bona_fide,0,0.05924126133322716,0,1
C:\Users\Zander Truong\Documents\coding\ekyc-face-pad\data\raw\celeba_spoof\SpoofingData\002052.jpg,002052,photo,1,0.9364054799079895,1,1
C:\Users\Zander Truong\Documents\coding\ekyc-face-pad\data\raw\celeba_spoof\SpoofingData\007457.jpg,007457,photo,1,0.6888155937194824,1,1
C:\Users\Zander Truong\Documents\coding\ekyc-face-pad\data\raw\celeba_spoof\SpoofingData\012664.jpg,012664,bona_fide,0,0.5660392642021179,1,0
C:\Users\Zander Truong\Documents\coding\ekyc-face-pad\data\raw\celeba_spoof\SpoofingData\010506.jpg,010506,photo,1,0.9835332036018372,1,1
C:\Users\Zander Truong\Documents\coding\ekyc-face-pad\data\raw\celeba_spoof\SpoofingData\000456.jpg,000456,photo,1,0.9888197779655457,1,1
C:\Users\Zander Truong\Documents\coding\ekyc-face-pad\data\raw\celeba_spoof\SpoofingData\009460.jpg,009460,bona_fide,0,0.07378217577934265,0,1
C:\Users\Zander Truong\Documents\coding\ekyc-face-pad\data\raw\celeba_spoof\SpoofingData\016518.jpg,016518,photo,1,0.7078078985214233,1,1
C:\Users\Zander Truong\Documents\coding\ekyc-face-pad\data\raw\celeba_spoof\SpoofingData\015184.jpg,015184,bona_fide,0,0.03403769060969353,0,1
C:\Users\Zander Truong\Documents\coding\ekyc-face-pad\data\raw\celeba_spoof\SpoofingData\001053.jpg,001053,photo,1,0.9972901344299316,1,1
C:\Users\Zander Truong\Documents\coding\ekyc-face-pad\data\raw\celeba_spoof\SpoofingData\007237.jpg,007237,photo,1,0.7229406237602234,1,1
C:\Users\Zander Truong\Documents\coding\ekyc-face-pad\data\raw\celeba_spoof\SpoofingData\012116.jpg,012116,photo,1,0.7136342525482178,1,1
C:\Users\Zander Truong\Documents\coding\ekyc-face-pad\data\raw\celeba_spoof\SpoofingData\010677.jpg,010677,bona_fide,0,0.05095916986465454,0,1
C:\Users\Zander Truong\Documents\coding\ekyc-face-pad\data\raw\celeba_spoof\SpoofingData\004638.jpg,004638,bona_fide,0,0.2573867440223694,0,1
C:\Users\Zander Truong\Documents\coding\ekyc-face-pad\data\raw\celeba_spoof\SpoofingData\015411.jpg,015411,photo,1,0.9990429282188416,1,1
C:\Users\Zander Truong\Documents\coding\ekyc-face-pad\data\raw\celeba_spoof\SpoofingData\001401.jpg,001401,photo,1,0.8706800937652588,1,1
C:\Users\Zander Truong\Documents\coding\ekyc-face-pad\data\raw\celeba_spoof\SpoofingData\017534.jpg,017534,photo,1,0.9856809377670288,1,1
C:\Users\Zander Truong\Documents\coding\ekyc-face-pad\data\raw\celeba_spoof\SpoofingData\015640.jpg,015640,photo,1,0.9974151849746704,1,1
C:\Users\Zander Truong\Documents\coding\ekyc-face-pad\data\raw\celeba_spoof\SpoofingData\004321.jpg,004321,photo,1,0.8718869090080261,1,1
C:\Users\Zander Truong\Documents\coding\ekyc-face-pad\data\raw\celeba_spoof\SpoofingData\016267.jpg,016267,photo,1,0.9846799969673157,1,1
C:\Users\Zander Truong\Documents\coding\ekyc-face-pad\data\raw\celeba_spoof\SpoofingData\014028.jpg,014028,photo,1,0.9736210703849792,1,1
C:\Users\Zander Truong\Documents\coding\ekyc-face-pad\data\raw\celeba_spoof\SpoofingData\000652.jpg,000652,photo,1,0.6970392465591431,1,1
C:\Users\Zander Truong\Documents\coding\ekyc-face-pad\data\raw\celeba_spoof\SpoofingData\004041.jpg,004041,photo,1,0.9766811728477478,1,1
C:\Users\Zander Truong\Documents\coding\ekyc-face-pad\data\raw\celeba_spoof\SpoofingData\005970.jpg,005970,photo,1,0.8971882462501526,1,1
C:\Users\Zander Truong\Documents\coding\ekyc-face-pad\data\raw\celeba_spoof\SpoofingData\001598.jpg,001598,photo,1,0.9926829934120178,1,1
C:\Users\Zander Truong\Documents\coding\ekyc-face-pad\data\raw\celeba_spoof\SpoofingData\011048.jpg,011048,photo,1,0.8474346399307251,1,1
C:\Users\Zander Truong\Documents\coding\ekyc-face-pad\data\raw\celeba_spoof\SpoofingData\009011.jpg,009011,photo,1,0.26584959030151367,0,0
C:\Users\Zander Truong\Documents\coding\ekyc-face-pad\data\raw\celeba_spoof\SpoofingData\016416.jpg,016416,bona_fide,0,0.4840320944786072,0,1
C:\Users\Zander Truong\Documents\coding\ekyc-face-pad\data\raw\celeba_spoof\SpoofingData\014925.jpg,014925,bona_fide,0,0.21836307644844055,0,1
C:\Users\Zander Truong\Documents\coding\ekyc-face-pad\data\raw\celeba_spoof\SpoofingData\008140.jpg,008140,bona_fide,0,0.4011324346065521,0,1
C:\Users\Zander Truong\Documents\coding\ekyc-face-pad\data\raw\celeba_spoof\SpoofingData\011273.jpg,011273,photo,1,0.7828313708305359,1,1
C:\Users\Zander Truong\Documents\coding\ekyc-face-pad\data\raw\celeba_spoof\SpoofingData\014392.jpg,014392,bona_fide,0,0.03878702595829964,0,1
C:\Users\Zander Truong\Documents\coding\ekyc-face-pad\data\raw\celeba_spoof\SpoofingData\008713.jpg,008713,photo,1,0.974165678024292,1,1
C:\Users\Zander Truong\Documents\coding\ekyc-face-pad\data\raw\celeba_spoof\SpoofingData\014595.jpg,014595,photo,1,0.9774284958839417,1,1
C:\Users\Zander Truong\Documents\coding\ekyc-face-pad\data\raw\celeba_spoof\SpoofingData\007951.jpg,007951,photo,1,0.9349101185798645,1,1
C:\Users\Zander Truong\Documents\coding\ekyc-face-pad\data\raw\celeba_spoof\SpoofingData\010639.jpg,010639,photo,1,0.4833761751651764,0,0
C:\Users\Zander Truong\Documents\coding\ekyc-face-pad\data\raw\celeba_spoof\SpoofingData\015255.jpg,015255,bona_fide,0,0.019189612939953804,0,1
C:\Users\Zander Truong\Documents\coding\ekyc-face-pad\data\raw\celeba_spoof\SpoofingData\003521.jpg,003521,bona_fide,0,0.18011896312236786,0,1
C:\Users\Zander Truong\Documents\coding\ekyc-face-pad\data\raw\celeba_spoof\SpoofingData\009781.jpg,009781,photo,1,0.9979082345962524,1,1
C:\Users\Zander Truong\Documents\coding\ekyc-face-pad\data\raw\celeba_spoof\SpoofingData\012727.jpg,012727,photo,1,0.9940088987350464,1,1
C:\Users\Zander Truong\Documents\coding\ekyc-face-pad\data\raw\celeba_spoof\SpoofingData\001690.jpg,001690,photo,1,0.6214654445648193,1,1
C:\Users\Zander Truong\Documents\coding\ekyc-face-pad\data\raw\celeba_spoof\SpoofingData\012471.jpg,012471,photo,1,0.8081422448158264,1,1
C:\Users\Zander Truong\Documents\coding\ekyc-face-pad\data\raw\celeba_spoof\SpoofingData\001799.jpg,001799,bona_fide,0,0.4205761253833771,0,1
C:\Users\Zander Truong\Documents\coding\ekyc-face-pad\data\raw\celeba_spoof\SpoofingData\010558.jpg,010558,photo,1,0.6570592522621155,1,1
C:\Users\Zander Truong\Documents\coding\ekyc-face-pad\data\raw\celeba_spoof\SpoofingData\016476.jpg,016476,bona_fide,0,0.0638066828250885,0,1
C:\Users\Zander Truong\Documents\coding\ekyc-face-pad\data\raw\celeba_spoof\SpoofingData\008697.jpg,008697,photo,1,0.8429262042045593,1,1
C:\Users\Zander Truong\Documents\coding\ekyc-face-pad\data\raw\celeba_spoof\SpoofingData\017790.jpg,017790,photo,1,0.995685338973999,1,1
C:\Users\Zander Truong\Documents\coding\ekyc-face-pad\data\raw\celeba_spoof\SpoofingData\009696.jpg,009696,photo,1,0.9288421273231506,1,1
C:\Users\Zander Truong\Documents\coding\ekyc-face-pad\data\raw\celeba_spoof\SpoofingData\002266.jpg,002266,bona_fide,0,0.09911251068115234,0,1
C:\Users\Zander Truong\Documents\coding\ekyc-face-pad\data\raw\celeba_spoof\SpoofingData\012075.jpg,012075,photo,1,0.9882568717002869,1,1
C:\Users\Zander Truong\Documents\coding\ekyc-face-pad\data\raw\celeba_spoof\SpoofingData\012334.jpg,012334,photo,1,0.9959098100662231,1,1
C:\Users\Zander Truong\Documents\coding\ekyc-face-pad\data\raw\celeba_spoof\SpoofingData\005730.jpg,005730,photo,1,0.992685079574585,1,1
C:\Users\Zander Truong\Documents\coding\ekyc-face-pad\data\raw\celeba_spoof\SpoofingData\008699.jpg,008699,photo,1,0.9747002720832825,1,1
C:\Users\Zander Truong\Documents\coding\ekyc-face-pad\data\raw\celeba_spoof\SpoofingData\016399.jpg,016399,photo,1,0.9470503926277161,1,1
C:\Users\Zander Truong\Documents\coding\ekyc-face-pad\data\raw\celeba_spoof\SpoofingData\012298.jpg,012298,photo,1,0.3043920695781708,0,0
C:\Users\Zander Truong\Documents\coding\ekyc-face-pad\data\raw\celeba_spoof\SpoofingData\013589.jpg,013589,photo,1,0.9541429281234741,1,1
C:\Users\Zander Truong\Documents\coding\ekyc-face-pad\data\raw\celeba_spoof\SpoofingData\002046.jpg,002046,photo,1,0.9737967848777771,1,1
C:\Users\Zander Truong\Documents\coding\ekyc-face-pad\data\raw\celeba_spoof\SpoofingData\012529.jpg,012529,bona_fide,0,0.0035051084123551846,0,1
C:\Users\Zander Truong\Documents\coding\ekyc-face-pad\data\raw\celeba_spoof\SpoofingData\005920.jpg,005920,photo,1,0.9681729674339294,1,1
C:\Users\Zander Truong\Documents\coding\ekyc-face-pad\data\raw\celeba_spoof\SpoofingData\006306.jpg,006306,bona_fide,0,0.37671801447868347,0,1
C:\Users\Zander Truong\Documents\coding\ekyc-face-pad\data\raw\celeba_spoof\SpoofingData\011240.jpg,011240,photo,1,0.9287881255149841,1,1
C:\Users\Zander Truong\Documents\coding\ekyc-face-pad\data\raw\celeba_spoof\SpoofingData\014714.jpg,014714,bona_fide,0,0.5094019174575806,1,0
C:\Users\Zander Truong\Documents\coding\ekyc-face-pad\data\raw\celeba_spoof\SpoofingData\007097.jpg,007097,photo,1,0.9792383313179016,1,1
C:\Users\Zander Truong\Documents\coding\ekyc-face-pad\data\raw\celeba_spoof\SpoofingData\011752.jpg,011752,bona_fide,0,0.46386104822158813,0,1
C:\Users\Zander Truong\Documents\coding\ekyc-face-pad\data\raw\celeba_spoof\SpoofingData\010338.jpg,010338,photo,1,0.9664467573165894,1,1
C:\Users\Zander Truong\Documents\coding\ekyc-face-pad\data\raw\celeba_spoof\SpoofingData\013787.jpg,013787,photo,1,0.9281815886497498,1,1
C:\Users\Zander Truong\Documents\coding\ekyc-face-pad\data\raw\celeba_spoof\SpoofingData\011856.jpg,011856,photo,1,0.9970159530639648,1,1
C:\Users\Zander Truong\Documents\coding\ekyc-face-pad\data\raw\celeba_spoof\SpoofingData\015098.jpg,015098,photo,1,0.9944063425064087,1,1
C:\Users\Zander Truong\Documents\coding\ekyc-face-pad\data\raw\celeba_spoof\SpoofingData\011817.jpg,011817,bona_fide,0,0.7676445841789246,1,0
C:\Users\Zander Truong\Documents\coding\ekyc-face-pad\data\raw\celeba_spoof\SpoofingData\001718.jpg,001718,photo,1,0.6321102976799011,1,1
C:\Users\Zander Truong\Documents\coding\ekyc-face-pad\data\raw\celeba_spoof\SpoofingData\004008.jpg,004008,photo,1,0.8710627555847168,1,1
C:\Users\Zander Truong\Documents\coding\ekyc-face-pad\data\raw\celeba_spoof\SpoofingData\011252.jpg,011252,photo,1,0.9843341708183289,1,1
C:\Users\Zander Truong\Documents\coding\ekyc-face-pad\data\raw\celeba_spoof\SpoofingData\016202.jpg,016202,photo,1,0.9892241358757019,1,1
C:\Users\Zander Truong\Documents\coding\ekyc-face-pad\data\raw\celeba_spoof\SpoofingData\000195.jpg,000195,photo,1,0.963370680809021,1,1
C:\Users\Zander Truong\Documents\coding\ekyc-face-pad\data\raw\celeba_spoof\SpoofingData\004132.jpg,004132,bona_fide,0,0.018582096323370934,0,1
C:\Users\Zander Truong\Documents\coding\ekyc-face-pad\data\raw\celeba_spoof\SpoofingData\016425.jpg,016425,photo,1,0.994461715221405,1,1
C:\Users\Zander Truong\Documents\coding\ekyc-face-pad\data\raw\celeba_spoof\SpoofingData\007344.jpg,007344,bona_fide,0,0.9028162360191345,1,0
C:\Users\Zander Truong\Documents\coding\ekyc-face-pad\data\raw\celeba_spoof\SpoofingData\012970.jpg,012970,photo,1,0.9805408120155334,1,1
C:\Users\Zander Truong\Documents\coding\ekyc-face-pad\data\raw\celeba_spoof\SpoofingData\011158.jpg,011158,photo,1,0.9701064825057983,1,1
C:\Users\Zander Truong\Documents\coding\ekyc-face-pad\data\raw\celeba_spoof\SpoofingData\017949.jpg,017949,photo,1,0.9850688576698303,1,1
C:\Users\Zander Truong\Documents\coding\ekyc-face-pad\data\raw\celeba_spoof\SpoofingData\008416.jpg,008416,photo,1,0.914089560508728,1,1
C:\Users\Zander Truong\Documents\coding\ekyc-face-pad\data\raw\celeba_spoof\SpoofingData\000924.jpg,000924,photo,1,0.9358388781547546,1,1
C:\Users\Zander Truong\Documents\coding\ekyc-face-pad\data\raw\celeba_spoof\SpoofingData\013053.jpg,013053,bona_fide,0,0.11759839951992035,0,1
C:\Users\Zander Truong\Documents\coding\ekyc-face-pad\data\raw\celeba_spoof\SpoofingData\016131.jpg,016131,bona_fide,0,0.0010635493090376258,0,1
C:\Users\Zander Truong\Documents\coding\ekyc-face-pad\data\raw\celeba_spoof\SpoofingData\015858.jpg,015858,bona_fide,0,0.46176379919052124,0,1
C:\Users\Zander Truong\Documents\coding\ekyc-face-pad\data\raw\celeba_spoof\SpoofingData\004438.jpg,004438,photo,1,0.9677224159240723,1,1
C:\Users\Zander Truong\Documents\coding\ekyc-face-pad\data\raw\celeba_spoof\SpoofingData\017504.jpg,017504,photo,1,0.9763170480728149,1,1
C:\Users\Zander Truong\Documents\coding\ekyc-face-pad\data\raw\celeba_spoof\SpoofingData\004373.jpg,004373,photo,1,0.9691457748413086,1,1
C:\Users\Zander Truong\Documents\coding\ekyc-face-pad\data\raw\celeba_spoof\SpoofingData\017618.jpg,017618,bona_fide,0,0.012157771736383438,0,1
C:\Users\Zander Truong\Documents\coding\ekyc-face-pad\data\raw\celeba_spoof\SpoofingData\011178.jpg,011178,bona_fide,0,0.02263501100242138,0,1
C:\Users\Zander Truong\Documents\coding\ekyc-face-pad\data\raw\celeba_spoof\SpoofingData\002744.jpg,002744,photo,1,0.816836416721344,1,1
C:\Users\Zander Truong\Documents\coding\ekyc-face-pad\data\raw\celeba_spoof\SpoofingData\010388.jpg,010388,photo,1,0.8613427877426147,1,1
C:\Users\Zander Truong\Documents\coding\ekyc-face-pad\data\raw\celeba_spoof\SpoofingData\002788.jpg,002788,bona_fide,0,0.02073058672249317,0,1
C:\Users\Zander Truong\Documents\coding\ekyc-face-pad\data\raw\celeba_spoof\SpoofingData\007567.jpg,007567,photo,1,0.9869433641433716,1,1
C:\Users\Zander Truong\Documents\coding\ekyc-face-pad\data\raw\celeba_spoof\SpoofingData\008790.jpg,008790,bona_fide,0,0.16234640777111053,0,1
C:\Users\Zander Truong\Documents\coding\ekyc-face-pad\data\raw\celeba_spoof\SpoofingData\006362.jpg,006362,photo,1,0.724280834197998,1,1
C:\Users\Zander Truong\Documents\coding\ekyc-face-pad\data\raw\celeba_spoof\SpoofingData\000562.jpg,000562,photo,1,0.9900057911872864,1,1
C:\Users\Zander Truong\Documents\coding\ekyc-face-pad\data\raw\celeba_spoof\SpoofingData\006537.jpg,006537,photo,1,0.9880335330963135,1,1
C:\Users\Zander Truong\Documents\coding\ekyc-face-pad\data\raw\celeba_spoof\SpoofingData\016552.jpg,016552,photo,1,0.6589607000350952,1,1
C:\Users\Zander Truong\Documents\coding\ekyc-face-pad\data\raw\celeba_spoof\SpoofingData\006458.jpg,006458,photo,1,0.9786044359207153,1,1
C:\Users\Zander Truong\Documents\coding\ekyc-face-pad\data\raw\celeba_spoof\SpoofingData\002633.jpg,002633,photo,1,0.8710092902183533,1,1
C:\Users\Zander Truong\Documents\coding\ekyc-face-pad\data\raw\celeba_spoof\SpoofingData\016401.jpg,016401,bona_fide,0,0.08605292439460754,0,1
C:\Users\Zander Truong\Documents\coding\ekyc-face-pad\data\raw\celeba_spoof\SpoofingData\001409.jpg,001409,photo,1,0.9389661550521851,1,1
C:\Users\Zander Truong\Documents\coding\ekyc-face-pad\data\raw\celeba_spoof\SpoofingData\013047.jpg,013047,photo,1,0.93454909324646,1,1
C:\Users\Zander Truong\Documents\coding\ekyc-face-pad\data\raw\celeba_spoof\SpoofingData\008668.jpg,008668,bona_fide,0,0.11890393495559692,0,1
C:\Users\Zander Truong\Documents\coding\ekyc-face-pad\data\raw\celeba_spoof\SpoofingData\010553.jpg,010553,photo,1,0.9353134036064148,1,1
C:\Users\Zander Truong\Documents\coding\ekyc-face-pad\data\raw\celeba_spoof\SpoofingData\006660.jpg,006660,photo,1,0.6525746583938599,1,1
C:\Users\Zander Truong\Documents\coding\ekyc-face-pad\data\raw\celeba_spoof\SpoofingData\007970.jpg,007970,bona_fide,0,0.001389137003570795,0,1
C:\Users\Zander Truong\Documents\coding\ekyc-face-pad\data\raw\celeba_spoof\SpoofingData\016590.jpg,016590,bona_fide,0,0.28727197647094727,0,1
C:\Users\Zander Truong\Documents\coding\ekyc-face-pad\data\raw\celeba_spoof\SpoofingData\008904.jpg,008904,bona_fide,0,0.11769498139619827,0,1
C:\Users\Zander Truong\Documents\coding\ekyc-face-pad\data\raw\celeba_spoof\SpoofingData\003042.jpg,003042,photo,1,0.9866316914558411,1,1
C:\Users\Zander Truong\Documents\coding\ekyc-face-pad\data\raw\celeba_spoof\SpoofingData\011143.jpg,011143,photo,1,0.9889182448387146,1,1
C:\Users\Zander Truong\Documents\coding\ekyc-face-pad\data\raw\celeba_spoof\SpoofingData\007369.jpg,007369,bona_fide,0,0.09554935991764069,0,1
C:\Users\Zander Truong\Documents\coding\ekyc-face-pad\data\raw\celeba_spoof\SpoofingData\012091.jpg,012091,photo,1,0.6823842525482178,1,1
C:\Users\Zander Truong\Documents\coding\ekyc-face-pad\data\raw\celeba_spoof\SpoofingData\003433.jpg,003433,photo,1,0.7640604972839355,1,1
C:\Users\Zander Truong\Documents\coding\ekyc-face-pad\data\raw\celeba_spoof\SpoofingData\016388.jpg,016388,photo,1,0.9843669533729553,1,1
C:\Users\Zander Truong\Documents\coding\ekyc-face-pad\data\raw\celeba_spoof\SpoofingData\011258.jpg,011258,photo,1,0.9569377303123474,1,1
C:\Users\Zander Truong\Documents\coding\ekyc-face-pad\data\raw\celeba_spoof\SpoofingData\004501.jpg,004501,photo,1,0.2210092842578888,0,0
C:\Users\Zander Truong\Documents\coding\ekyc-face-pad\data\raw\celeba_spoof\SpoofingData\016866.jpg,016866,bona_fide,0,0.8484787940979004,1,0
C:\Users\Zander Truong\Documents\coding\ekyc-face-pad\data\raw\celeba_spoof\SpoofingData\016935.jpg,016935,bona_fide,0,0.2959521412849426,0,1
C:\Users\Zander Truong\Documents\coding\ekyc-face-pad\data\raw\celeba_spoof\SpoofingData\010644.jpg,010644,photo,1,0.9254260063171387,1,1
C:\Users\Zander Truong\Documents\coding\ekyc-face-pad\data\raw\celeba_spoof\SpoofingData\017091.jpg,017091,bona_fide,0,0.4209766387939453,0,1
C:\Users\Zander Truong\Documents\coding\ekyc-face-pad\data\raw\celeba_spoof\SpoofingData\005196.jpg,005196,photo,1,0.5740012526512146,1,1
C:\Users\Zander Truong\Documents\coding\ekyc-face-pad\data\raw\celeba_spoof\SpoofingData\000925.jpg,000925,bona_fide,0,0.506144106388092,1,0
C:\Users\Zander Truong\Documents\coding\ekyc-face-pad\data\raw\celeba_spoof\SpoofingData\014057.jpg,014057,bona_fide,0,0.02964668534696102,0,1
C:\Users\Zander Truong\Documents\coding\ekyc-face-pad\data\raw\celeba_spoof\SpoofingData\009955.jpg,009955,photo,1,0.2550968527793884,0,0
C:\Users\Zander Truong\Documents\coding\ekyc-face-pad\data\raw\celeba_spoof\SpoofingData\014783.jpg,014783,photo,1,0.978226363658905,1,1
C:\Users\Zander Truong\Documents\coding\ekyc-face-pad\data\raw\celeba_spoof\SpoofingData\014736.jpg,014736,photo,1,0.9895485639572144,1,1
C:\Users\Zander Truong\Documents\coding\ekyc-face-pad\data\raw\celeba_spoof\SpoofingData\011453.jpg,011453,photo,1,0.93365478515625,1,1
C:\Users\Zander Truong\Documents\coding\ekyc-face-pad\data\raw\celeba_spoof\SpoofingData\000675.jpg,000675,bona_fide,0,0.32484135031700134,0,1
C:\Users\Zander Truong\Documents\coding\ekyc-face-pad\data\raw\celeba_spoof\SpoofingData\014900.jpg,014900,photo,1,0.9638339281082153,1,1
C:\Users\Zander Truong\Documents\coding\ekyc-face-pad\data\raw\celeba_spoof\SpoofingData\004456.jpg,004456,photo,1,0.9981257319450378,1,1
C:\Users\Zander Truong\Documents\coding\ekyc-face-pad\data\raw\celeba_spoof\SpoofingData\002033.jpg,002033,photo,1,0.7996606826782227,1,1
C:\Users\Zander Truong\Documents\coding\ekyc-face-pad\data\raw\celeba_spoof\SpoofingData\014161.jpg,014161,bona_fide,0,0.20912936329841614,0,1
C:\Users\Zander Truong\Documents\coding\ekyc-face-pad\data\raw\celeba_spoof\SpoofingData\012656.jpg,012656,photo,1,0.9501237869262695,1,1
C:\Users\Zander Truong\Documents\coding\ekyc-face-pad\data\raw\celeba_spoof\SpoofingData\005465.jpg,005465,photo,1,0.9739412665367126,1,1
C:\Users\Zander Truong\Documents\coding\ekyc-face-pad\data\raw\celeba_spoof\SpoofingData\003917.jpg,003917,photo,1,0.9644262790679932,1,1
C:\Users\Zander Truong\Documents\coding\ekyc-face-pad\data\raw\celeba_spoof\SpoofingData\016944.jpg,016944,photo,1,0.7254499197006226,1,1
C:\Users\Zander Truong\Documents\coding\ekyc-face-pad\data\raw\celeba_spoof\SpoofingData\011066.jpg,011066,photo,1,0.1155838742852211,0,0
C:\Users\Zander Truong\Documents\coding\ekyc-face-pad\data\raw\celeba_spoof\SpoofingData\017528.jpg,017528,photo,1,0.8719041347503662,1,1
C:\Users\Zander Truong\Documents\coding\ekyc-face-pad\data\raw\celeba_spoof\SpoofingData\004144.jpg,004144,photo,1,0.9968675971031189,1,1
C:\Users\Zander Truong\Documents\coding\ekyc-face-pad\data\raw\celeba_spoof\SpoofingData\012074.jpg,012074,photo,1,0.9470089077949524,1,1
C:\Users\Zander Truong\Documents\coding\ekyc-face-pad\data\raw\celeba_spoof\SpoofingData\012755.jpg,012755,photo,1,0.7270398139953613,1,1
C:\Users\Zander Truong\Documents\coding\ekyc-face-pad\data\raw\celeba_spoof\SpoofingData\009541.jpg,009541,photo,1,0.9932924509048462,1,1
C:\Users\Zander Truong\Documents\coding\ekyc-face-pad\data\raw\celeba_spoof\SpoofingData\004788.jpg,004788,photo,1,0.6633816361427307,1,1
C:\Users\Zander Truong\Documents\coding\ekyc-face-pad\data\raw\celeba_spoof\SpoofingData\010032.jpg,010032,photo,1,0.8395417332649231,1,1
C:\Users\Zander Truong\Documents\coding\ekyc-face-pad\data\raw\celeba_spoof\SpoofingData\017613.jpg,017613,photo,1,0.46290087699890137,0,0
C:\Users\Zander Truong\Documents\coding\ekyc-face-pad\data\raw\celeba_spoof\SpoofingData\012688.jpg,012688,photo,1,0.8819060921669006,1,1
C:\Users\Zander Truong\Documents\coding\ekyc-face-pad\data\raw\celeba_spoof\SpoofingData\016996.jpg,016996,photo,1,0.9639116525650024,1,1
C:\Users\Zander Truong\Documents\coding\ekyc-face-pad\data\raw\celeba_spoof\SpoofingData\001872.jpg,001872,photo,1,0.3442993760108948,0,0
C:\Users\Zander Truong\Documents\coding\ekyc-face-pad\data\raw\celeba_spoof\SpoofingData\002568.jpg,002568,photo,1,0.9996732473373413,1,1
C:\Users\Zander Truong\Documents\coding\ekyc-face-pad\data\raw\celeba_spoof\SpoofingData\007699.jpg,007699,photo,1,0.9213994145393372,1,1
C:\Users\Zander Truong\Documents\coding\ekyc-face-pad\data\raw\celeba_spoof\SpoofingData\012193.jpg,012193,photo,1,0.4720646142959595,0,0
C:\Users\Zander Truong\Documents\coding\ekyc-face-pad\data\raw\celeba_spoof\SpoofingData\004718.jpg,004718,photo,1,0.5989295840263367,1,1
C:\Users\Zander Truong\Documents\coding\ekyc-face-pad\data\raw\celeba_spoof\SpoofingData\002105.jpg,002105,photo,1,0.99472576379776,1,1
C:\Users\Zander Truong\Documents\coding\ekyc-face-pad\data\raw\celeba_spoof\SpoofingData\013731.jpg,013731,photo,1,0.7001486420631409,1,1
C:\Users\Zander Truong\Documents\coding\ekyc-face-pad\data\raw\celeba_spoof\SpoofingData\005369.jpg,005369,photo,1,0.9482666850090027,1,1
C:\Users\Zander Truong\Documents\coding\ekyc-face-pad\data\raw\celeba_spoof\SpoofingData\000779.jpg,000779,photo,1,0.732854425907135,1,1
C:\Users\Zander Truong\Documents\coding\ekyc-face-pad\data\raw\celeba_spoof\SpoofingData\011415.jpg,011415,bona_fide,0,0.3207479417324066,0,1
C:\Users\Zander Truong\Documents\coding\ekyc-face-pad\data\raw\celeba_spoof\SpoofingData\013568.jpg,013568,photo,1,0.8751766085624695,1,1
C:\Users\Zander Truong\Documents\coding\ekyc-face-pad\data\raw\celeba_spoof\SpoofingData\010971.jpg,010971,bona_fide,0,0.05275959149003029,0,1
C:\Users\Zander Truong\Documents\coding\ekyc-face-pad\data\raw\celeba_spoof\SpoofingData\001082.jpg,001082,photo,1,0.8457970023155212,1,1
C:\Users\Zander Truong\Documents\coding\ekyc-face-pad\data\raw\celeba_spoof\SpoofingData\015483.jpg,015483,bona_fide,0,0.02553464286029339,0,1
C:\Users\Zander Truong\Documents\coding\ekyc-face-pad\data\raw\celeba_spoof\SpoofingData\008602.jpg,008602,photo,1,0.9951058626174927,1,1
C:\Users\Zander Truong\Documents\coding\ekyc-face-pad\data\raw\celeba_spoof\SpoofingData\010566.jpg,010566,bona_fide,0,0.028801215812563896,0,1
C:\Users\Zander Truong\Documents\coding\ekyc-face-pad\data\raw\celeba_spoof\SpoofingData\000954.jpg,000954,photo,1,0.9032518267631531,1,1
C:\Users\Zander Truong\Documents\coding\ekyc-face-pad\data\raw\celeba_spoof\SpoofingData\013245.jpg,013245,bona_fide,0,0.43638598918914795,0,1
C:\Users\Zander Truong\Documents\coding\ekyc-face-pad\data\raw\celeba_spoof\SpoofingData\002407.jpg,002407,bona_fide,0,0.28918778896331787,0,1
C:\Users\Zander Truong\Documents\coding\ekyc-face-pad\data\raw\celeba_spoof\SpoofingData\012368.jpg,012368,bona_fide,0,0.003123063826933503,0,1
C:\Users\Zander Truong\Documents\coding\ekyc-face-pad\data\raw\celeba_spoof\SpoofingData\017557.jpg,017557,bona_fide,0,0.020030010491609573,0,1
C:\Users\Zander Truong\Documents\coding\ekyc-face-pad\data\raw\celeba_spoof\SpoofingData\000280.jpg,000280,photo,1,0.7110620737075806,1,1
C:\Users\Zander Truong\Documents\coding\ekyc-face-pad\data\raw\celeba_spoof\SpoofingData\014195.jpg,014195,photo,1,0.9518707990646362,1,1
C:\Users\Zander Truong\Documents\coding\ekyc-face-pad\data\raw\celeba_spoof\SpoofingData\002716.jpg,002716,photo,1,0.7692056894302368,1,1
C:\Users\Zander Truong\Documents\coding\ekyc-face-pad\data\raw\celeba_spoof\SpoofingData\002909.jpg,002909,photo,1,0.9633098244667053,1,1
C:\Users\Zander Truong\Documents\coding\ekyc-face-pad\data\raw\celeba_spoof\SpoofingData\011634.jpg,011634,bona_fide,0,0.08286362886428833,0,1
C:\Users\Zander Truong\Documents\coding\ekyc-face-pad\data\raw\celeba_spoof\SpoofingData\016722.jpg,016722,bona_fide,0,0.004783185198903084,0,1
C:\Users\Zander Truong\Documents\coding\ekyc-face-pad\data\raw\celeba_spoof\SpoofingData\002051.jpg,002051,photo,1,0.5753710865974426,1,1
C:\Users\Zander Truong\Documents\coding\ekyc-face-pad\data\raw\celeba_spoof\SpoofingData\003559.jpg,003559,photo,1,0.9071348309516907,1,1
C:\Users\Zander Truong\Documents\coding\ekyc-face-pad\data\raw\celeba_spoof\SpoofingData\000011.jpg,000011,photo,1,0.9367985725402832,1,1
C:\Users\Zander Truong\Documents\coding\ekyc-face-pad\data\raw\celeba_spoof\SpoofingData\013774.jpg,013774,photo,1,0.9780187010765076,1,1
C:\Users\Zander Truong\Documents\coding\ekyc-face-pad\data\raw\celeba_spoof\SpoofingData\014230.jpg,014230,photo,1,0.9990202188491821,1,1
C:\Users\Zander Truong\Documents\coding\ekyc-face-pad\data\raw\celeba_spoof\SpoofingData\008910.jpg,008910,photo,1,0.9903102517127991,1,1
C:\Users\Zander Truong\Documents\coding\ekyc-face-pad\data\raw\celeba_spoof\SpoofingData\011535.jpg,011535,bona_fide,0,0.505945086479187,1,0
C:\Users\Zander Truong\Documents\coding\ekyc-face-pad\data\raw\celeba_spoof\SpoofingData\008400.jpg,008400,photo,1,0.9433101415634155,1,1
C:\Users\Zander Truong\Documents\coding\ekyc-face-pad\data\raw\celeba_spoof\SpoofingData\000688.jpg,000688,photo,1,0.9728406071662903,1,1
C:\Users\Zander Truong\Documents\coding\ekyc-face-pad\data\raw\celeba_spoof\SpoofingData\006330.jpg,006330,photo,1,0.9854879975318909,1,1
C:\Users\Zander Truong\Documents\coding\ekyc-face-pad\data\raw\celeba_spoof\SpoofingData\014953.jpg,014953,bona_fide,0,0.5241976976394653,1,0
C:\Users\Zander Truong\Documents\coding\ekyc-face-pad\data\raw\celeba_spoof\SpoofingData\004414.jpg,004414,photo,1,0.9940528273582458,1,1
C:\Users\Zander Truong\Documents\coding\ekyc-face-pad\data\raw\celeba_spoof\SpoofingData\000332.jpg,000332,bona_fide,0,0.010275829583406448,0,1
C:\Users\Zander Truong\Documents\coding\ekyc-face-pad\data\raw\celeba_spoof\SpoofingData\001446.jpg,001446,photo,1,0.9576185345649719,1,1
C:\Users\Zander Truong\Documents\coding\ekyc-face-pad\data\raw\celeba_spoof\SpoofingData\015115.jpg,015115,bona_fide,0,0.6379007697105408,1,0
C:\Users\Zander Truong\Documents\coding\ekyc-face-pad\data\raw\celeba_spoof\SpoofingData\012405.jpg,012405,photo,1,0.9912748336791992,1,1
C:\Users\Zander Truong\Documents\coding\ekyc-face-pad\data\raw\celeba_spoof\SpoofingData\014565.jpg,014565,bona_fide,0,0.01494594756513834,0,1
C:\Users\Zander Truong\Documents\coding\ekyc-face-pad\data\raw\celeba_spoof\SpoofingData\017576.jpg,017576,photo,1,0.8188928365707397,1,1
C:\Users\Zander Truong\Documents\coding\ekyc-face-pad\data\raw\celeba_spoof\SpoofingData\005038.jpg,005038,bona_fide,0,0.01860472559928894,0,1
C:\Users\Zander Truong\Documents\coding\ekyc-face-pad\data\raw\celeba_spoof\SpoofingData\005819.jpg,005819,photo,1,0.6750955581665039,1,1
C:\Users\Zander Truong\Documents\coding\ekyc-face-pad\data\raw\celeba_spoof\SpoofingData\015853.jpg,015853,photo,1,0.9692941308021545,1,1
C:\Users\Zander Truong\Documents\coding\ekyc-face-pad\data\raw\celeba_spoof\SpoofingData\017831.jpg,017831,photo,1,0.984674334526062,1,1
C:\Users\Zander Truong\Documents\coding\ekyc-face-pad\data\raw\celeba_spoof\SpoofingData\007647.jpg,007647,bona_fide,0,0.0010276359971612692,0,1
C:\Users\Zander Truong\Documents\coding\ekyc-face-pad\data\raw\celeba_spoof\SpoofingData\016212.jpg,016212,photo,1,0.9898086786270142,1,1
C:\Users\Zander Truong\Documents\coding\ekyc-face-pad\data\raw\celeba_spoof\SpoofingData\009427.jpg,009427,photo,1,0.7668676972389221,1,1
C:\Users\Zander Truong\Documents\coding\ekyc-face-pad\data\raw\celeba_spoof\SpoofingData\001957.jpg,001957,photo,1,0.9615224003791809,1,1
C:\Users\Zander Truong\Documents\coding\ekyc-face-pad\data\raw\celeba_spoof\SpoofingData\016417.jpg,016417,photo,1,0.885343074798584,1,1
C:\Users\Zander Truong\Documents\coding\ekyc-face-pad\data\raw\celeba_spoof\SpoofingData\017432.jpg,017432,photo,1,0.8155520558357239,1,1
C:\Users\Zander Truong\Documents\coding\ekyc-face-pad\data\raw\celeba_spoof\SpoofingData\013294.jpg,013294,photo,1,0.5918972492218018,1,1
C:\Users\Zander Truong\Documents\coding\ekyc-face-pad\data\raw\celeba_spoof\SpoofingData\007508.jpg,007508,photo,1,0.9651800990104675,1,1
C:\Users\Zander Truong\Documents\coding\ekyc-face-pad\data\raw\celeba_spoof\SpoofingData\011531.jpg,011531,bona_fide,0,0.3849274218082428,0,1
C:\Users\Zander Truong\Documents\coding\ekyc-face-pad\data\raw\celeba_spoof\SpoofingData\000420.jpg,000420,photo,1,0.15347203612327576,0,0
C:\Users\Zander Truong\Documents\coding\ekyc-face-pad\data\raw\celeba_spoof\SpoofingData\011911.jpg,011911,photo,1,0.9652440547943115,1,1
C:\Users\Zander Truong\Documents\coding\ekyc-face-pad\data\raw\celeba_spoof\SpoofingData\002888.jpg,002888,photo,1,0.9954267144203186,1,1
C:\Users\Zander Truong\Documents\coding\ekyc-face-pad\data\raw\celeba_spoof\SpoofingData\006195.jpg,006195,photo,1,0.9796887040138245,1,1
C:\Users\Zander Truong\Documents\coding\ekyc-face-pad\data\raw\celeba_spoof\SpoofingData\000534.jpg,000534,bona_fide,0,0.08529914170503616,0,1
C:\Users\Zander Truong\Documents\coding\ekyc-face-pad\data\raw\celeba_spoof\SpoofingData\011013.jpg,011013,photo,1,0.5320879817008972,1,1
C:\Users\Zander Truong\Documents\coding\ekyc-face-pad\data\raw\celeba_spoof\SpoofingData\012702.jpg,012702,bona_fide,0,0.21642525494098663,0,1
C:\Users\Zander Truong\Documents\coding\ekyc-face-pad\data\raw\celeba_spoof\SpoofingData\014967.jpg,014967,photo,1,0.9639239311218262,1,1
C:\Users\Zander Truong\Documents\coding\ekyc-face-pad\data\raw\celeba_spoof\SpoofingData\002401.jpg,002401,bona_fide,0,0.007060220930725336,0,1
C:\Users\Zander Truong\Documents\coding\ekyc-face-pad\data\raw\celeba_spoof\SpoofingData\012818.jpg,012818,photo,1,0.9763643145561218,1,1
C:\Users\Zander Truong\Documents\coding\ekyc-face-pad\data\raw\celeba_spoof\SpoofingData\011040.jpg,011040,photo,1,0.9374277591705322,1,1
C:\Users\Zander Truong\Documents\coding\ekyc-face-pad\data\raw\celeba_spoof\SpoofingData\010974.jpg,010974,photo,1,0.7476397156715393,1,1
C:\Users\Zander Truong\Documents\coding\ekyc-face-pad\data\raw\celeba_spoof\SpoofingData\005574.jpg,005574,photo,1,0.42744526267051697,0,0
C:\Users\Zander Truong\Documents\coding\ekyc-face-pad\data\raw\celeba_spoof\SpoofingData\008581.jpg,008581,photo,1,0.3485155403614044,0,0
C:\Users\Zander Truong\Documents\coding\ekyc-face-pad\data\raw\celeba_spoof\SpoofingData\015954.jpg,015954,bona_fide,0,0.0676976889371872,0,1
C:\Users\Zander Truong\Documents\coding\ekyc-face-pad\data\raw\celeba_spoof\SpoofingData\002706.jpg,002706,photo,1,0.9935358762741089,1,1
C:\Users\Zander Truong\Documents\coding\ekyc-face-pad\data\raw\celeba_spoof\SpoofingData\005946.jpg,005946,photo,1,0.9806786179542542,1,1
C:\Users\Zander Truong\Documents\coding\ekyc-face-pad\data\raw\celeba_spoof\SpoofingData\001043.jpg,001043,bona_fide,0,0.1553736925125122,0,1
C:\Users\Zander Truong\Documents\coding\ekyc-face-pad\data\raw\celeba_spoof\SpoofingData\016713.jpg,016713,bona_fide,0,0.30933046340942383,0,1
C:\Users\Zander Truong\Documents\coding\ekyc-face-pad\data\raw\celeba_spoof\SpoofingData\012272.jpg,012272,photo,1,0.9609320163726807,1,1
C:\Users\Zander Truong\Documents\coding\ekyc-face-pad\data\raw\celeba_spoof\SpoofingData\013746.jpg,013746,photo,1,0.9578818082809448,1,1
C:\Users\Zander Truong\Documents\coding\ekyc-face-pad\data\raw\celeba_spoof\SpoofingData\017059.jpg,017059,photo,1,0.9908499717712402,1,1
C:\Users\Zander Truong\Documents\coding\ekyc-face-pad\data\raw\celeba_spoof\SpoofingData\015929.jpg,015929,photo,1,0.26360952854156494,0,0
C:\Users\Zander Truong\Documents\coding\ekyc-face-pad\data\raw\celeba_spoof\SpoofingData\017646.jpg,017646,bona_fide,0,0.0430055670440197,0,1
C:\Users\Zander Truong\Documents\coding\ekyc-face-pad\data\raw\celeba_spoof\SpoofingData\014233.jpg,014233,photo,1,0.9156955480575562,1,1
C:\Users\Zander Truong\Documents\coding\ekyc-face-pad\data\raw\celeba_spoof\SpoofingData\016801.jpg,016801,photo,1,0.969119668006897,1,1
C:\Users\Zander Truong\Documents\coding\ekyc-face-pad\data\raw\celeba_spoof\SpoofingData\013049.jpg,013049,photo,1,0.8773702383041382,1,1
C:\Users\Zander Truong\Documents\coding\ekyc-face-pad\data\raw\celeba_spoof\SpoofingData\000411.jpg,000411,photo,1,0.9308549761772156,1,1
C:\Users\Zander Truong\Documents\coding\ekyc-face-pad\data\raw\celeba_spoof\SpoofingData\010330.jpg,010330,photo,1,0.9093664288520813,1,1
C:\Users\Zander Truong\Documents\coding\ekyc-face-pad\data\raw\celeba_spoof\SpoofingData\017271.jpg,017271,photo,1,0.9863331913948059,1,1
C:\Users\Zander Truong\Documents\coding\ekyc-face-pad\data\raw\celeba_spoof\SpoofingData\006778.jpg,006778,photo,1,0.9968743324279785,1,1
C:\Users\Zander Truong\Documents\coding\ekyc-face-pad\data\raw\celeba_spoof\SpoofingData\015825.jpg,015825,photo,1,0.8389018177986145,1,1
C:\Users\Zander Truong\Documents\coding\ekyc-face-pad\data\raw\celeba_spoof\SpoofingData\017094.jpg,017094,bona_fide,0,0.021372178569436073,0,1
C:\Users\Zander Truong\Documents\coding\ekyc-face-pad\data\raw\celeba_spoof\SpoofingData\011254.jpg,011254,photo,1,0.9604446291923523,1,1
C:\Users\Zander Truong\Documents\coding\ekyc-face-pad\data\raw\celeba_spoof\SpoofingData\009997.jpg,009997,photo,1,0.9201165437698364,1,1
C:\Users\Zander Truong\Documents\coding\ekyc-face-pad\data\raw\celeba_spoof\SpoofingData\001204.jpg,001204,bona_fide,0,0.019042329862713814,0,1
C:\Users\Zander Truong\Documents\coding\ekyc-face-pad\data\raw\celeba_spoof\SpoofingData\015377.jpg,015377,photo,1,0.9957073926925659,1,1
C:\Users\Zander Truong\Documents\coding\ekyc-face-pad\data\raw\celeba_spoof\SpoofingData\008694.jpg,008694,photo,1,0.9849057793617249,1,1
C:\Users\Zander Truong\Documents\coding\ekyc-face-pad\data\raw\celeba_spoof\SpoofingData\015627.jpg,015627,photo,1,0.8472599387168884,1,1
C:\Users\Zander Truong\Documents\coding\ekyc-face-pad\data\raw\celeba_spoof\SpoofingData\014111.jpg,014111,photo,1,0.9877491593360901,1,1
C:\Users\Zander Truong\Documents\coding\ekyc-face-pad\data\raw\celeba_spoof\SpoofingData\009561.jpg,009561,photo,1,0.7625114917755127,1,1
C:\Users\Zander Truong\Documents\coding\ekyc-face-pad\data\raw\celeba_spoof\SpoofingData\000695.jpg,000695,photo,1,0.9166284799575806,1,1
C:\Users\Zander Truong\Documents\coding\ekyc-face-pad\data\raw\celeba_spoof\SpoofingData\004136.jpg,004136,photo,1,0.8925037384033203,1,1
C:\Users\Zander Truong\Documents\coding\ekyc-face-pad\data\raw\celeba_spoof\SpoofingData\004658.jpg,004658,bona_fide,0,0.0781860426068306,0,1
C:\Users\Zander Truong\Documents\coding\ekyc-face-pad\data\raw\celeba_spoof\SpoofingData\003039.jpg,003039,bona_fide,0,0.4994417130947113,0,1
C:\Users\Zander Truong\Documents\coding\ekyc-face-pad\data\raw\celeba_spoof\SpoofingData\001438.jpg,001438,photo,1,0.9357834458351135,1,1
C:\Users\Zander Truong\Documents\coding\ekyc-face-pad\data\raw\celeba_spoof\SpoofingData\003343.jpg,003343,bona_fide,0,0.0054358686320483685,0,1
C:\Users\Zander Truong\Documents\coding\ekyc-face-pad\data\raw\celeba_spoof\SpoofingData\014690.jpg,014690,photo,1,0.959895133972168,1,1
C:\Users\Zander Truong\Documents\coding\ekyc-face-pad\data\raw\celeba_spoof\SpoofingData\010336.jpg,010336,photo,1,0.897016167640686,1,1
C:\Users\Zander Truong\Documents\coding\ekyc-face-pad\data\raw\celeba_spoof\SpoofingData\000216.jpg,000216,photo,1,0.9637337327003479,1,1
C:\Users\Zander Truong\Documents\coding\ekyc-face-pad\data\raw\celeba_spoof\SpoofingData\002289.jpg,002289,photo,1,0.6786677837371826,1,1
C:\Users\Zander Truong\Documents\coding\ekyc-face-pad\data\raw\celeba_spoof\SpoofingData\012373.jpg,012373,photo,1,0.9670242071151733,1,1
C:\Users\Zander Truong\Documents\coding\ekyc-face-pad\data\raw\celeba_spoof\SpoofingData\002870.jpg,002870,photo,1,0.7670040130615234,1,1
C:\Users\Zander Truong\Documents\coding\ekyc-face-pad\data\raw\celeba_spoof\SpoofingData\014295.jpg,014295,photo,1,0.9437622427940369,1,1
C:\Users\Zander Truong\Documents\coding\ekyc-face-pad\data\raw\celeba_spoof\SpoofingData\000054.jpg,000054,photo,1,0.7250601053237915,1,1
C:\Users\Zander Truong\Documents\coding\ekyc-face-pad\data\raw\celeba_spoof\SpoofingData\005366.jpg,005366,bona_fide,0,0.2188640981912613,0,1
C:\Users\Zander Truong\Documents\coding\ekyc-face-pad\data\raw\celeba_spoof\SpoofingData\008033.jpg,008033,photo,1,0.6509338617324829,1,1
C:\Users\Zander Truong\Documents\coding\ekyc-face-pad\data\raw\celeba_spoof\SpoofingData\010937.jpg,010937,photo,1,0.3410716652870178,0,0
C:\Users\Zander Truong\Documents\coding\ekyc-face-pad\data\raw\celeba_spoof\SpoofingData\011049.jpg,011049,photo,1,0.9842215776443481,1,1
C:\Users\Zander Truong\Documents\coding\ekyc-face-pad\data\raw\celeba_spoof\SpoofingData\004425.jpg,004425,photo,1,0.9981228709220886,1,1
C:\Users\Zander Truong\Documents\coding\ekyc-face-pad\data\raw\celeba_spoof\SpoofingData\005231.jpg,005231,photo,1,0.9708598852157593,1,1
C:\Users\Zander Truong\Documents\coding\ekyc-face-pad\data\raw\celeba_spoof\SpoofingData\001700.jpg,001700,photo,1,0.992268979549408,1,1
C:\Users\Zander Truong\Documents\coding\ekyc-face-pad\data\raw\celeba_spoof\SpoofingData\011167.jpg,011167,photo,1,0.9327490925788879,1,1
C:\Users\Zander Truong\Documents\coding\ekyc-face-pad\data\raw\celeba_spoof\SpoofingData\010885.jpg,010885,photo,1,0.9821698069572449,1,1
C:\Users\Zander Truong\Documents\coding\ekyc-face-pad\data\raw\celeba_spoof\SpoofingData\017570.jpg,017570,bona_fide,0,0.0030457216780632734,0,1
C:\Users\Zander Truong\Documents\coding\ekyc-face-pad\data\raw\celeba_spoof\SpoofingData\012423.jpg,012423,photo,1,0.9306501746177673,1,1
C:\Users\Zander Truong\Documents\coding\ekyc-face-pad\data\raw\celeba_spoof\SpoofingData\001250.jpg,001250,photo,1,0.8147649168968201,1,1
C:\Users\Zander Truong\Documents\coding\ekyc-face-pad\data\raw\celeba_spoof\SpoofingData\003529.jpg,003529,photo,1,0.9885032773017883,1,1
C:\Users\Zander Truong\Documents\coding\ekyc-face-pad\data\raw\celeba_spoof\SpoofingData\008734.jpg,008734,bona_fide,0,0.1720796823501587,0,1
C:\Users\Zander Truong\Documents\coding\ekyc-face-pad\data\raw\celeba_spoof\SpoofingData\013344.jpg,013344,photo,1,0.9963937401771545,1,1
C:\Users\Zander Truong\Documents\coding\ekyc-face-pad\data\raw\celeba_spoof\SpoofingData\002856.jpg,002856,bona_fide,0,0.1036018654704094,0,1
C:\Users\Zander Truong\Documents\coding\ekyc-face-pad\data\raw\celeba_spoof\SpoofingData\008771.jpg,008771,photo,1,0.9205961227416992,1,1
C:\Users\Zander Truong\Documents\coding\ekyc-face-pad\data\raw\celeba_spoof\SpoofingData\001715.jpg,001715,bona_fide,0,0.23234865069389343,0,1
